          -686  -25.22223214
          -685  -25.06958176
          -684  -24.91693138
          -683  -24.76457408
          -682  -24.61259535
          -681   -24.4610313
          -680  -24.30983464
          -679  -24.15905217
          -678  -24.00862867
          -677  -23.85861626
          -676  -23.70895714
          -675  -23.55970347
          -674  -23.41080005
          -673  -23.26229397
          -672  -23.11413769
          -671  -22.96636822
          -670  -22.81895066
          -669  -22.67190699
          -668  -22.52521981
          -667   -22.3788913
          -666   -22.2329263
          -665  -22.08730248
          -664  -21.94205155
          -663  -21.79712209
          -662  -21.65257725
          -661  -21.50834582
          -660  -21.36448536
          -659   -21.2209489
          -658   -21.0777581
          -657  -20.93490888
          -656  -20.79237795
          -655  -20.65020834
          -654  -20.50834132
          -653  -20.36683011
          -652  -20.22563207
          -651  -20.08475726
          -650  -19.94422083
          -649  -19.80397963
          -648  -19.66409101
          -647  -19.52450111
          -646  -19.38522628
          -645  -19.24628053
          -644  -19.10762288
          -643  -18.96930188
          -642   -18.8312784
          -641  -18.69354938
          -640  -18.55615315
          -639  -18.41903809
          -638  -18.28223165
          -637  -18.14573417
          -636  -18.00951392
          -635  -17.87361206
          -634   -17.7379999
          -633  -17.60266108
          -632  -17.46764617
          -631  -17.33290612
          -630   -17.1984381
          -629  -17.06429035
          -628  -16.93040946
          -627  -16.79679943
          -626   -16.6635018
          -625  -16.53046733
          -624   -16.3976986
          -623  -16.26523852
          -622  -16.13303796
          -621  -16.00109588
          -620  -15.86945927
          -619  -15.73808033
          -618  -15.60695631
          -617  -15.47612359
          -616  -15.34555419
          -615  -15.21523621
          -614  -15.08519177
          -613  -14.95542005
          -612  -14.82589631
          -611  -14.69662481
          -610  -14.56763912
          -609  -14.43889801
          -608  -14.31040055
          -607  -14.18217334
          -606  -14.05420348
          -605  -13.92647395
          -604  -13.79898536
          -603  -13.67177555
          -602   -13.5448028
          -601   -13.4180662
          -600  -13.29157773
          -599  -13.16535082
          -598  -13.03935687
          -597  -12.91359496
          -596  -12.78808238
          -595  -12.66282037
          -594  -12.53778729
          -593  -12.41298224
          -592  -12.28842193
          -591   -12.1641072
          -590  -12.04001745
          -589  -11.91615181
          -588  -11.79252072
          -587  -11.66913602
          -586  -11.54597245
          -585  -11.42302914
          -584  -11.30030525
          -583  -11.17783327
          -582  -11.05557908
          -581  -10.93354141
          -580   -10.8117194
          -579  -10.69012701
          -578  -10.56876579
          -577  -10.44761739
          -576    -10.326681
          -575  -10.20595579
          -574   -10.0854626
          -573  -9.965187487
          -572  -9.845120781
          -571  -9.725261689
          -570  -9.605609421
          -569  -9.486183631
          -568  -9.366971033
          -567  -9.247962548
          -566  -9.129157398
          -565   -9.01055481
          -564  -8.892165544
          -563  -8.773992486
          -562  -8.656019349
          -561  -8.538245375
          -560  -8.420669809
          -559  -8.303291901
          -558  -8.186131179
          -557  -8.069171102
          -556  -7.952406118
          -555  -7.835835493
          -554  -7.719458491
          -553  -7.603274384
          -552  -7.487300891
          -551  -7.371523278
          -550  -7.255936071
          -549  -7.140538555
          -548  -7.025330018
          -547   -6.91030975
          -546  -6.795483562
          -545  -6.680858799
          -544   -6.56641989
          -543   -6.45216614
          -542  -6.338096856
          -541  -6.224211349
          -540  -6.110508934
          -539  -5.996993232
          -538  -5.883674011
          -537  -5.770535547
          -536  -5.657577167
          -535    -5.5447982
          -534  -5.432197981
          -533  -5.319775844
          -532  -5.207531129
          -531  -5.095469612
          -530  -4.983594617
          -529  -4.871894798
          -528  -4.760369506
          -527  -4.649018094
          -526  -4.537839922
          -525  -4.426834348
          -524  -4.316000734
          -523  -4.205338447
          -522  -4.094854097
          -521  -3.984547058
          -520  -3.874409195
          -519  -3.764439882
          -518  -3.654638503
          -517  -3.545004438
          -516  -3.435537074
          -515  -3.326235799
          -514  -3.217100003
          -513  -3.108129081
          -512  -2.999323368
          -511  -2.890692398
          -510  -2.782224247
          -509  -2.673918322
          -508  -2.565774029
          -507  -2.457790778
          -506  -2.349967983
          -505  -2.242305057
          -504   -2.13480142
          -503   -2.02745649
          -502   -1.92026969
          -501  -1.813240445
          -500  -1.706368181
          -499  -1.599652806
          -498  -1.493101802
          -497  -1.386705848
          -496  -1.280464381
          -495  -1.174376842
          -494  -1.068442673
          -493 -0.9626613201
          -492 -0.8570322306
          -491 -0.7515548546
          -490 -0.6462286441
          -489 -0.5410530537
          -488 -0.4360275402
          -487 -0.3311515625
          -486 -0.2264245821
          -485 -0.1218460625
          -484-0.01741546941
          -483 0.08686772901
          -482  0.1910040625
          -481  0.2949940587
          -480  0.3988382429
          -479  0.5025337201
          -478  0.6060830641
          -477  0.7094883616
          -476  0.8127501282
          -475   0.915868877
          -474   1.018845119
          -473   1.121679364
          -472   1.224372118
          -471   1.326923886
          -470    1.42933517
          -469   1.531606472
          -468    1.63373829
          -467   1.735731121
          -466   1.837585457
          -465   1.939301793
          -464   2.040880619
          -463   2.142322422
          -462   2.243627689
          -461   2.344796904
          -460    2.44583055
          -459   2.546729107
          -458   2.647493053
          -457   2.748122864
          -456   2.848619015
          -455   2.948981978
          -454   3.049212223
          -453    3.14931022
          -452   3.249276434
          -451   3.349111331
          -450   3.448815373
          -449   3.548389021
          -448   3.647832734
          -447   3.747146969
          -446   3.846332181
          -445   3.945388824
          -444   4.044317349
          -443   4.143118206
          -442   4.241791842
          -441   4.340338703
          -440   4.438759234
          -439   4.537053877
          -438   4.635223072
          -437   4.733267258
          -436   4.831186872
          -435    4.92898235
          -434   5.026654123
          -433   5.124202625
          -432   5.221628284
          -431   5.318931529
          -430   5.416112787
          -429   5.513172481
          -428   5.610111034
          -427   5.706928869
          -426   5.803626403
          -425   5.900204056
          -424   5.996657952
          -423   6.092992392
          -422   6.189208049
          -421   6.285305334
          -420   6.381284659
          -419   6.477146431
          -418   6.572891058
          -417   6.668518945
          -416   6.764030495
          -415    6.85942611
          -414   6.954706191
          -413   7.049871137
          -412   7.144921344
          -411   7.239857208
          -410   7.334679122
          -409    7.42938748
          -408   7.523982671
          -407   7.618465086
          -406   7.712835111
          -405   7.807093132
          -404   7.901239535
          -403   7.995268736
          -402   8.089185392
          -401   8.182991448
          -400   8.276687282
          -399   8.370273272
          -398   8.463749794
          -397   8.557117223
          -396   8.650375932
          -395   8.743526292
          -394   8.836568673
          -393   8.929503444
          -392   9.022330972
          -391   9.115051622
          -390   9.207665759
          -389   9.300173745
          -388   9.392566687
          -387   9.484853869
          -386   9.577035867
          -385   9.669113036
          -384   9.761085735
          -383   9.852954317
          -382   9.944719135
          -381   10.03638054
          -380   10.12793889
          -379   10.21939453
          -378    10.3107478
          -377   10.40199905
          -376   10.49314017
          -375    10.5841774
          -374   10.67511352
          -373    10.7659489
          -372   10.85668387
          -371   10.94731877
          -370   11.03785394
          -369   11.12828971
          -368   11.21862641
          -367   11.30886439
          -366   11.39900275
          -365   11.48903208
          -364   11.57896358
          -363   11.66879757
          -362   11.75853438
          -361   11.84817435
          -360   11.93771778
          -359   12.02716502
          -358   12.11651637
          -357   12.20577216
          -356   12.29492656
          -355   12.38397892
          -354   12.47293659
          -353   12.56179989
          -352   12.65056912
          -351    12.7392446
          -350   12.82782665
          -349   12.91631557
          -348   13.00471168
          -347   13.09300686
          -346   13.18120406
          -345   13.26930929
          -344   13.35732286
          -343   13.44524506
          -342    13.5330762
          -341   13.62081658
          -340   13.70846651
          -339   13.79602152
          -338   13.88347643
          -337   13.97084169
          -336   14.05811762
          -335    14.1453045
          -334   14.23240263
          -333   14.31941231
          -332   14.40633382
          -331   14.49315931
          -330   14.57988959
          -329   14.66653249
          -328   14.75308832
          -327   14.83955735
          -326   14.92593988
          -325   15.01223618
          -324   15.09844471
          -323   15.18455298
          -322   15.27057582
          -321   15.35651348
          -320   15.44236627
          -319   15.52813445
          -318    15.6138183
          -317   15.69941741
          -316   15.78491638
          -315   15.87033177
          -314   15.95566387
          -313   16.04091295
          -312   16.12607929
          -311   16.21116314
          -310   16.29616029
          -309   16.38106233
          -308   16.46588263
          -307   16.55062146
          -306    16.6352791
          -305   16.71985579
          -304   16.80435182
          -303   16.88875432
          -302   16.97307153
          -301   17.05730879
          -300   17.14146637
          -299   17.22554453
          -298   17.30954351
          -297   17.39345598
          -296   17.47727865
          -295   17.56102285
          -294   17.64468886
          -293   17.72827691
          -292   17.81178727
          -291   17.89521466
          -290   17.97855115
          -289   18.06181064
          -288   18.14499338
          -287   18.22809963
          -286   18.31112962
          -285    18.3940768
          -284   18.47693532
          -283   18.55971828
          -282   18.64242592
          -281   18.72505848
          -280    18.8076162
          -279   18.89008797
          -278   18.97247659
          -277   19.05479105
          -276   19.13703157
          -275   19.21919842
          -274   19.30129181
          -273   19.38329292
          -272   19.46521953
          -271   19.54707335
          -270   19.62885461
          -269   19.71056355
          -268   19.79219151
          -267   19.87373554
          -266   19.95520788
          -265   20.03660879
          -264   20.11793847
          -263   20.19919626
          -262   20.28036287
          -261    20.3614589
          -260   20.44248459
          -259   20.52344014
          -258    20.6043258
          -257   20.68512499
          -256   20.76584979
          -255   20.84650531
          -254   20.92709178
          -253   21.00760942
          -252   21.08804499
          -251   21.16840356
          -250   21.24869391
          -249   21.32891626
          -248   21.40907082
          -247   21.48914566
          -246   21.56914291
          -245   21.64907299
          -244   21.72893611
          -243   21.80873248
          -242   21.88844941
          -241   21.96809021
          -240   22.04766485
          -239   22.12717356
          -238   22.20661653
          -237   22.28597836
          -236   22.36526747
          -235   22.44449144
          -234   22.52365047
          -233   22.60274476
          -232   22.68175429
          -231   22.76069641
          -230   22.83957439
          -229   22.91838841
          -228   22.99713551
          -227   23.07579866
          -226   23.15439842
          -225   23.23293501
          -224   23.31140863
          -223   23.38980822
          -222   23.46813261
          -221   23.54639458
          -220   23.62459433
          -219   23.70273207
          -218   23.78078686
          -217   23.85877699
          -216   23.93670565
          -215   24.01457304
          -214   24.09237099
          -213   24.17009202
          -212   24.24775233
          -211   24.32535211
          -210   24.40289154
          -209   24.48034936
          -208   24.55774402
          -207   24.63507888
          -206   24.71235412
          -205   24.78955856
          -204   24.86669025
          -203   24.94376286
          -202   25.02077657
          -201   25.09772911
          -200   25.17460047
          -199   25.25141346
          -198   25.32816827
          -197   25.40486508
          -196     25.481484
          -195   25.55803999
          -194   25.63453849
          -193   25.71097969
          -192   25.78735009
          -191   25.86365164
          -190    25.9398964
          -189   26.01608455
          -188   26.09220786
          -187   26.16825753
          -186   26.24425109
          -185   26.32018872
          -184   26.39606636
          -183   26.47186666
          -182   26.54761153
          -181   26.62330114
          -180   26.69893453
          -179   26.77448794
          -178    26.8499866
          -177   26.92543067
          -176   27.00082032
          -175    27.0761302
          -174   27.15138511
          -173   27.22658608
          -172   27.30173328
          -171   27.37680215
          -170   27.45181573
          -169   27.52677602
          -168   27.60168319
          -167   27.67651243
          -166   27.75128707
          -165   27.82600907
          -164   27.90067859
          -163   27.97526956
          -162   28.04980765
          -161   28.12429372
          -160    28.1987266
          -159     28.273082
          -158   28.34738587
          -157   28.42163836
          -156   28.49583522
          -155   28.56995811
          -154   28.64403008
          -153   28.71805129
          -152   28.79201347
          -151   28.86590614
          -150   28.93974851
          -149   29.01354072
          -148   29.08726956
          -147   29.16093428
          -146   29.23454931
          -145   29.30811479
          -144    29.3816116
          -143   29.45505063
          -142   29.52844057
          -141   29.60178155
          -140   29.67504763
          -139   29.74826319
          -138   29.82143025
          -137   29.89454324
          -136    29.9675856
          -135   30.04057989
          -134   30.11352625
          -133   30.18641068
          -132   30.25923337
          -131   30.33200856
          -130    30.4047364
          -129   30.47739355
          -128   30.54999871
          -127   30.62255696
          -126    30.6950633
          -125   30.76749957
          -124   30.83988934
          -123   30.91223276
          -122   30.98451394
          -121   31.05673638
          -120   31.12891287
          -119   31.20104357
          -118   31.27310085
          -117   31.34511153
          -116   31.41707683
          -115   31.48898554
          -114   31.56083152
          -113   31.63263253
          -112    31.7043887
          -111   31.77607558
          -110   31.84771338
          -109   31.91930676
          -108   31.99084644
          -107   32.06232213
          -106   32.13375378
          -105   32.20514155
          -104   32.27646146
          -103   32.34773248
          -102      32.41896
          -101   32.49013408
          -100   32.56124552
           -99   32.63231386
           -98   32.70333922
           -97   32.77429555
           -96   32.84520577
           -95    32.9160734
           -94   32.98688523
           -93   33.05763837
           -92   33.12834931
           -91   33.19901718
           -90   33.26961427
           -89   33.34016955
           -88   33.41068315
           -87   33.48113607
           -86   33.55153673
           -85   33.62189607
           -84   33.69220636
           -83    33.7624534
           -82   33.83265952
           -81   33.90282483
           -80   33.97292213
           -79   34.04297602
           -78   34.11298948
           -77   34.18294545
           -76   34.25284812
           -75   34.32271073
           -74   34.39252588
           -73   34.46227833
           -72   34.53199108
           -71   34.60166425
           -70   34.67126913
           -69   34.74083301
           -68   34.81035766
           -67   34.87982301
           -66   34.94923899
           -65   35.01861611
           -64   35.08794243
           -63   35.15721148
           -62   35.22644204
           -61   35.29562983
           -60   35.36475292
           -59   35.43383787
           -58   35.50288477
           -57   35.57186573
           -56   35.64080602
           -55   35.70970861
           -54   35.77855231
           -53   35.84734888
           -52   35.91610812
           -51   35.98481504
           -50   36.05346885
           -49   36.12208565
           -48   36.19065631
           -47   36.25916828
           -46   36.32764359
           -45   36.39607846
           -44   36.46444952
           -43   36.53278425
           -42   36.60108277
           -41    36.6693149
           -40   36.73750998
           -39   36.80566918
           -38   36.87376675
           -37   36.94182308
           -36   37.00984386
           -35   37.07780736
           -34   37.14572585
           -33   37.21360911
           -32   37.28143903
           -31   37.34922056
           -30    37.4169672
           -29   37.48466401
           -28   37.55230948
           -27   37.61992039
           -26   37.68748457
           -25   37.75499487
           -24   37.82247092
           -23   37.88990295
           -22   37.95727895
           -21   38.02462101
           -20   38.09192136
           -19   38.15916394
           -18   38.22637289
           -17   38.29354204
           -16   38.36065204
           -15   38.42772875
           -14   38.49476716
           -13   38.56174546
           -12   38.62869077
           -11    38.6955989
           -10   38.76244635
            -9   38.82926112
            -8   38.89603945
            -7   38.96275689
            -6   39.02944195
            -5   39.09609094
            -4   39.16267921
            -3    39.2292354
            -2   39.29575551
            -1   39.36221545
             0   39.42864361
             1   39.49503529
             2   39.56136772
             3   39.62766867
             4   39.69393239
             5   39.76013813
             6   39.82631269
             7    39.8924489
             8   39.95852877
             9   40.02457776
            10    40.0905869
            11   40.15654171
            12   40.22246593
            13   40.28834846
            14   40.35417902
            15   40.41997926
            16   40.48573563
            17   40.55144273
            18    40.6171198
            19   40.68275045
            20   40.74833489
            21   40.81388958
            22   40.87939495
            23   40.94485751
            24    41.0102906
            25   41.07567115
            26   41.14101261
            27   41.20632488
            28   41.27158103
            29   41.33680217
            30   41.40199439
            31   41.46712659
            32   41.53222818
            33   41.59729856
            34    41.6623098
            35    41.7272926
            36   41.79223968
            37   41.85713262
            38   41.92199739
            39    41.9868216
            40     42.051597
            41   42.11634449
            42   42.18104626
            43   42.24570486
            44   42.31033583
            45   42.37491559
            46   42.43945814
            47   42.50397332
            48    42.5684315
            49   42.63285874
            50   42.69725629
            51   42.76159589
            52   42.82590856
            53   42.89018516
            54   42.95441066
            55   43.01860948
            56   43.08276555
            57   43.14687767
            58   43.21096337
            59   43.27499934
            60   43.33899879
            61   43.40297209
            62   43.46688837
            63   43.53077588
            64   43.59463248
            65    43.6584345
            66   43.72221078
            67   43.78594831
            68   43.84963955
            69   43.91330531
            70   43.97692418
            71   44.04050535
            72   44.10406128
            73   44.16756192
            74   44.23103371
            75   44.29447538
            76   44.35786331
            77   44.42122642
            78   44.48455047
            79   44.54783016
            80   44.61108527
            81    44.6742921
            82   44.73746424
            83   44.80061204
            84   44.86370204
            85   44.92676731
            86   44.98979906
            87   45.05278207
            88   45.11574114
            89   45.17865668
            90   45.24153392
            91   45.30438746
            92   45.36718719
            93   45.42995934
            94   45.49270131
            95   45.55539233
            96   45.61806004
            97    45.6806868
            98   45.74327382
            99   45.80583776
           100   45.86834969
           101   45.93083336
           102   45.99328803
           103   46.05569168
           104   46.11807265
           105   46.18041309
           106   46.24271447
           107   46.30499338
           108   46.36721999
           109   46.42941973
           110   46.49158956
           111   46.55371039
           112   46.61580913
           113   46.67786571
           114   46.73988595
           115   46.80188433
           116   46.86382804
           117   46.92574833
           118   46.98763576
           119   47.04947821
           120   47.11129918
           121   47.17307431
           122   47.23481784
           123   47.29653697
           124   47.35820333
           125   47.41984857
           126   47.48145598
           127   47.54302444
           128     47.604572
           129   47.66606807
           130   47.72753926
           131    47.7889798
           132   47.85037486
           133   47.91174937
           134   47.97307914
           135   48.03437792
           136   48.09565245
           137   48.15687574
           138   48.21807884
           139   48.27924316
           140   48.34037117
           141   48.40147919
           142   48.46253368
           143     48.523567
           144    48.5845667
           145   48.64552556
           146   48.70646479
           147   48.76735521
           148   48.82822036
           149   48.88905628
           150   48.94984759
           151   49.01061961
           152   49.07134681
           153   49.13204537
           154   49.19271834
           155   49.25334368
           156   49.31395007
           157   49.37451487
           158   49.43504842
           159   49.49555926
           160    49.5560202
           161   49.61646253
           162   49.67686574
           163   49.73723584
           164   49.79758537
           165   49.85788346
           166   49.91816328
           167   49.97840572
           168    50.0386139
           169   50.09880293
           170   50.15893971
           171   50.21905854
           172   50.27914102
           173   50.33918882
           174   50.39921816
           175   50.45919514
           176    50.5191545
           177   50.57907783
           178   50.63896674
           179   50.69883719
           180   50.75865588
           181   50.81845727
           182   50.87822223
           183   50.93795376
           184   50.99766612
           185     51.057328
           186   51.11697291
           187    51.1765803
           188   51.23615592
           189   51.29571097
           190   51.35521753
           191   51.41470741
           192   51.47415803
           193    51.5335792
           194   51.59297773
           195   51.65233041
           196   51.71166673
           197   51.77096135
           198   51.83022952
           199   51.88947231
           200   51.94867256
           201   52.00785675
           202   52.06699615
           203   52.12611275
           204   52.18520058
           205   52.24424982
           206   52.30328331
           207   52.36226825
           208   52.42123471
           209   52.48016835
           210   52.53906799
           211    52.5979504
           212   52.65678344
           213   52.71560116
           214   52.77438136
           215   52.83313281
           216   52.89186204
           217   52.95054744
           218   53.00921779
           219   53.06784533
           220   53.12644996
           221   53.18502678
           222    53.2435659
           223   53.30209027
           224    53.3605659
           225   53.41902509
           226   53.47745024
           227   53.53584445
           228   53.59421922
           229   53.65254866
           230   53.71086376
           231   53.76913799
           232   53.82738865
           233   53.88561275
           234   53.94379916
           235   54.00197151
           236   54.06009557
           237     54.118204
           238   54.17627817
           239   54.23432289
           240   54.29234725
           241   54.35032844
           242   54.40829597
           243   54.46622096
           244   54.52412529
           245   54.58200071
           246   54.63984203
           247   54.69766797
           248    54.7554465
           249   54.81321174
           250   54.87093895
           251   54.92864171
           252   54.98631968
           253   55.04396015
           254    55.1015876
           255   55.15916733
           256    55.2167328
           257   55.27426353
           258   55.33176722
           259   55.38924902
           260   55.44669112
           261   55.50412058
           262   55.56150478
           263   55.61887295
           264   55.67620847
           265   55.73351555
           266   55.79080247
           267   55.84804865
           268   55.90528257
           269   55.96247251
           270   56.01964583
           271   56.07678741
           272   56.13390032
           273   56.19099361
           274    56.2480463
           275   56.30508709
           276   56.36208404
           277   56.41906491
           278   56.47601381
           279   56.53293494
           280   56.58983586
           281   56.64669745
           282   56.70354749
           283    56.7603527
           284   56.81714349
           285   56.87390096
           286   56.93063268
           287   56.98734248
           288   57.04401532
           289   57.10067696
           290   57.15729167
           291   57.21389472
           292   57.27046199
           293   57.32700663
           294   57.38352655
           295   57.44001296
           296   57.49648559
           297   57.55291396
           298   57.60933159
           299   57.66570989
           300   57.72206976
           301     57.778401
           302   57.83470329
           303   57.89098756
           304   57.94723244
           305   58.00346692
           306   58.05965747
           307   58.11583483
           308   58.17197862
           309   58.22809904
           310   58.28419616
           311   58.34025981
           312   58.39631033
           313   58.45231738
           314   58.50831448
           315   58.56427202
           316    58.6202128
           317   58.67612397
           318   58.73200861
           319   58.78787348
           320   58.84370216
           321    58.8995208
           322   58.95529368
           323   59.01105702
           324   59.06678343
           325   59.12249126
           326   59.17817166
           327   59.23382414
           328   59.28945861
           329   59.34505591
           330   59.40064399
           331   59.45618682
           332   59.51171999
           333    59.5672171
           334   59.62269554
           335   59.67814701
           336   59.73357088
           337   59.78897679
           338   59.84434625
           339   59.89970667
           340    59.9550219
           341   60.01032842
           342   60.06559807
           343   60.12085062
           344   60.17607499
           345   60.23127373
           346    60.2864529
           347   60.34159801
           348   60.39673204
           349   60.45182368
           350   60.50690701
           351   60.56195099
           352    60.6169811
           353   60.67198016
           354   60.72695722
           355   60.78191144
           356   60.83683562
           357   60.89174506
           358   60.94661651
           359   61.00148004
           360   61.05630014
           361   61.11111121
           362   61.16588675
           363    61.2206455
           364   61.27537655
           365   61.33008316
           366   61.38476978
           367    61.4394244
           368   61.49406668
           369   61.54866948
           370   61.60326482
           371    61.6578186
           372   61.71236237
           373     61.766872
           374   61.82136435
           375   61.87582992
           376     61.930271
           377   61.98469257
           378   62.03908255
           379   62.09346018
           380   62.14779922
           381   62.20213126
           382   62.25642123
           383   62.31070257
           384   62.36494882
           385   62.41917961
           386    62.4733822
           387    62.5275626
           388   62.58172159
           389   62.63585176
           390   62.68996723
           391   62.74404731
           392   62.79811934
           393   62.85214949
           394   62.90617318
           395    62.9601585
           396   63.01413249
           397   63.06807457
           398   63.12199903
           399   63.17589792
           400   63.22977299
           401   63.28362877
           402    63.3374546
           403   63.39126734
           404   63.44504408
           405   63.49881384
           406   63.55254164
           407   63.60626349
           408    63.6599475
           409   63.71362065
           410   63.76726189
           411   63.82088648
           412     63.874485
           413   63.92806119
           414   63.98161707
           415   64.03514499
           416    64.0886583
           417    64.1421381
           418    64.1956089
           419   64.24904074
           420   64.30246714
           421   64.35585311
           422   64.40923177
           423   64.46257543
           424   64.51590649
           425   64.56920791
           426   64.62249152
           427   64.67575076
           428   64.72898707
           429   64.78220419
           430   64.83539333
           431   64.88856841
           432   64.94171053
           433   64.99484363
           434   65.04793887
           435   65.10102924
           436   65.15407856
           437   65.20712227
           438   65.26012981
           439   65.31312701
           440   65.36609282
           441   65.41904364
           442    65.4719678
           443   65.52487239
           444   65.57775495
           445   65.63061345
           446   65.68345448
           447   65.73626703
           448   65.78906659
           449   65.84183333
           450    65.8945915
           451   65.94731256
           452   66.00002937
           453   66.05270492
           454   66.10537626
           455   66.15801061
           456   66.21063663
           457   66.26322983
           458   66.31581066
           459   66.36836278
           460   66.42089857
           461   66.47340966
           462   66.52590054
           463   66.57837068
           464   66.63081679
           465   66.68324603
           466    66.7356475
           467   66.78803591
           468   66.84039287
           469   66.89274052
           470   66.94505311
           471   66.99736005
           472   67.04962841
           473   67.10189324
           474   67.15411896
           475   67.20633976
           476   67.25852497
           477   67.31070187
           478   67.36284662
           479   67.41497976
           480   67.46708412
           481   67.51917362
           482   67.57123765
           483   67.62328365
           484   67.67530741
           485   67.72731004
           486   67.77929359
           487   67.83125299
           488   67.88319639
           489   67.93511268
           490   67.98701599
           491    68.0388893
           492    68.0907526
           493   68.14258306
           494   68.19440639
           495   68.24619413
           496   68.29797756
           497   68.34972271
           498   68.40146517
           499   68.45316899
           500   68.50486906
           501   68.55653315
           502   68.60819095
           503   68.65981539
           504   68.71143105
           505   68.76301589
           506   68.81458954
           507   68.86613484
           508    68.9176666
           509   68.96917242
           510   69.02066242
           511   69.07212883
           512   69.12357719
           513   69.17500424
           514   69.22641109
           515   69.27779884
           516   69.32916431
           517   69.38051282
           518   69.43183703
           519   69.48314637
           520   69.53442943
           521   69.58569965
           522   69.63694171
           523   69.68817287
           524   69.73937403
           525   69.79056619
           526   69.84172658
           527    69.8928798
           528   69.94399955
           529   69.99511389
           530   70.04619311
           531   70.09726862
           532   70.14830745
           533    70.1993442
           534   70.25034274
           535   70.30133977
           536   70.35229916
           537   70.40325609
           538    70.4541769
           539   70.50509385
           540   70.55597613
           541   70.60685322
           542   70.65769703
           543   70.70853438
           544   70.75933977
           545    70.8101375
           546   70.86090454
           547   70.91166277
           548   70.96239151
           549   71.01311035
           550   71.06380085
           551   71.11448043
           552   71.16513274
           553   71.21577318
           554   71.26638736
           555   71.31698876
           556   71.36756488
           557   71.41812737
           558   71.46866548
           559   71.51918916
           560   71.56968932
           561   71.62017432
           562   71.67063658
           563   71.72108302
           564   71.77150743
           565   71.82191542
           566   71.87230205
           567    71.9226717
           568   71.97302061
           569   72.02335203
           570   72.07366327
           571   72.12395659
           572   72.17423021
           573   72.22448553
           574    72.2747216
           575   72.32493903
           576    72.3751376
           577   72.42531727
           578   72.47547839
           579    72.5256204
           580   72.57574414
           581    72.6258486
           582     72.675935
           583   72.72600204
           584   72.77605116
           585   72.82608087
           586   72.87609277
           587   72.92608528
           588   72.97606001
           589   73.02601542
           590   73.07595304
           591   73.12587145
           592   73.17577202
           593   73.22565356
           594   73.27551713
           595    73.3253619
           596   73.37518852
           597   73.42499663
           598   73.47478636
           599   73.52455792
           600   73.57431082
           601   73.62404593
           602   73.67376205
           603   73.72346083
           604   73.77314023
           605   73.82280278
           606    73.8724455
           607   73.92207194
           608   73.97167804
           609   74.02126847
           610   74.07083801
           611   74.12039253
           612   74.16992557
           613   74.21944429
           614   74.26894087
           615    74.3184239
           616   74.36788408
           617   74.41733153
           618   74.46675537
           619   74.51616733
           620   74.56555488
           621   74.61493146
           622   74.66428277
           623   74.71362409
           624   74.76293921
           625   74.81224536
           626   74.86152435
           627   74.91079544
           628   74.96003836
           629   75.00927449
           630   75.05848138
           631   75.10768266
           632   75.15685358
           633    75.2060201
           634    75.2551551
           635   75.30428698
           636   75.35338612
           637   75.40248345
           638   75.45154677
           639   75.50060966
           640   75.54963723
           641   75.59866479
           642   75.64765763
           643   75.69664949
           644   75.74560814
           645   75.79456434
           646    75.8434889
           647   75.89240951
           648   75.94130008
           649   75.99018514
           650   76.03904183
           651   76.08789139
           652   76.13671429
           653   76.18552841
           654   76.23431762
           655   76.28309635
           656   76.33185198
           657   76.38059536
           658    76.4293175
           659   76.47802559
           660   76.52671435
           661    76.5753872
           662   76.62404267
           663   76.67268034
           664   76.72130261
           665   76.76990515
           666   76.81849433
           667   76.86706178
           668   76.91561796
           669   76.96415039
           670   77.01267367
           671   77.06117111
           672   77.10966159
           673   77.15812411
           674   77.20658188
           675   77.25500952
           676   77.30343469
           677    77.3518275
           678   77.40022015
           679   77.44857819
           680   77.49693622
           681   77.54526173
           682   77.59358504
           683   77.64187828
           684   77.69016692
           685   77.73842798
           686   77.78668199
           687   77.83491097
           688   77.88313041
           689   77.93132741
           690   77.97951232
           691   78.02767742
           692   78.07582786
           693   78.12396117
           694   78.17207719
           695   78.22017878
           696   78.26826043
           697   78.31633041
           698   78.36437774
           699    78.4124162
           700   78.46042925
           701   78.50843629
           702   78.55641512
           703   78.60439082
           704   78.65233548
           705   78.70027993
           706   78.74819047
           707     78.796101
           708   78.84398023
           709   78.89185669
           710   78.93970491
           711   78.98754735
           712   79.03536465
           713   79.08317311
           714   79.13095958
           715   79.17873412
           716   79.22648985
           717   79.27423051
           718    79.3219556
           719   79.36966243
           720   79.41735696
           721      79.46503
           722   79.51269407
           723   79.56033338
           724   79.60796707
           725    79.6555727
           726    79.7031761
           727    79.7507481
           728    79.7983201
           729   79.84585971
           730   79.89339813
           731   79.94090767
           732   79.98841256
           733   80.03589212
           734   80.08336352
           735    80.1308132
           736   80.17825115
           737   80.22567103
           738    80.2730756
           739   80.32046576
           740   80.36783698
           741   80.41519752
           742   80.46253544
           743   80.50986644
           744   80.55717112
           745   80.60447266
           746   80.65174414
           747   80.69901562
           748   80.74625465
           749   80.79349298
           750   80.84070276
           751   80.88790799
           752   80.93508863
           753    80.9822608
           754   81.02941237
           755   81.07655153
           756   81.12367413
           757   81.17078033
           758   81.21787403
           759   81.26494732
           760   81.31201221
           761   81.35905263
           762    81.4060888
           763    81.4530964
           764   81.50010392
           765   81.54707875
           766   81.59405357
           767   81.64099982
           768   81.68794191
           769   81.73485973
           770   81.78176915
           771   81.82865862
           772   81.87553541
           773   81.92239661
           774   81.96924082
           775   82.01607384
           776   82.06288551
           777   82.10969044
           778   82.15646961
           779   82.20324652
           780   82.24999324
           781   82.29673997
           782   82.34345655
           783   82.39017087
           784   82.43685965
           785   82.48354161
           786   82.53020266
           787   82.57685232
           788   82.62348573
           789   82.67010313
           790   82.71670897
           791   82.76329415
           792   82.80987251
           793   82.85642552
           794   82.90297648
           795   82.94949737
           796   82.99601826
           797   83.04250981
           798   83.08899862
           799   83.13546297
           800   83.18191975
           801   83.22835699
           802   83.27478177
           803   83.32119197
           804   83.36758482
           805   83.41396805
           806     83.460329
           807   83.50668535
           808   83.55301445
           809   83.59934354
           810   83.64564129
           811   83.69193858
           812   83.73820964
           813   83.78447516
           814   83.83071962
           815   83.87695343
           816   83.92317136
           817    83.9693735
           818   84.01556498
           819   84.06173549
           820    84.1079006
           821   84.15403953
           822   84.20017834
           823   84.24628573
           824   84.29239313
           825   84.33847423
           826   84.38455013
           827   84.43060513
           828   84.47664958
           829   84.52267855
           830    84.5686916
           831   84.61469463
           832   84.66067632
           833   84.70665347
           834   84.75260385
           835   84.79855422
           836   84.84447431
           837   84.89039341
           838   84.93628782
           839    84.9821757
           840    85.0280445
           841   85.07390119
           842   85.11974447
           843   85.16557002
           844   85.21138784
           845    85.2571823
           846   85.30297474
           847   85.34873814
           848   85.39450155
           849   85.44023767
           850   85.48597007
           851     85.531681
           852   85.57738243
           853   85.62306825
           854   85.66873876
           855   85.71439953
           856   85.76003917
           857   85.80567496
           858   85.85128376
           859   85.89689256
           860   85.94247267
           861   85.98805068
           862     86.033606
           863   86.07915326
           864   86.12468387
           865   86.17020042
           866   86.21570639
           867   86.26119229
           868   86.30667369
           869   86.35212896
           870   86.39758424
           871   86.44301056
           872   86.48843526
           873    86.5338372
           874   86.57923136
           875   86.62460899
           876   86.66997266
           877   86.71532604
           878   86.76065927
           879   86.80598848
           880    86.8512913
           881   86.89659412
           882   86.94186886
           883   86.98714132
           884   87.03239207
           885   87.07763421
           886   87.12286103
           887   87.16807289
           888   87.21327587
           889   87.25845749
           890   87.30363668
           891   87.34878811
           892   87.39393954
           893   87.43906486
           894   87.48418614
           895   87.52928786
           896   87.57437902
           897   87.61945721
           898   87.66451831
           899   87.70957302
           900   87.75460409
           901   87.79963516
           902   87.84463649
           903   87.88963758
           904   87.93461562
           905   87.97958676
           906   88.02454158
           907   88.06948282
           908   88.11441448
           909   88.15932587
           910   88.20423444
           911     88.249116
           912   88.29399756
           913   88.33885333
           914   88.38370512
           915   88.42853798
           916   88.47336003
           917   88.51817003
           918   88.56296239
           919   88.60774961
           920   88.65251232
           921   88.69727502
           922   88.74200991
           923     88.786743
           924   88.83145529
           925   88.87615881
           926   88.92084855
           927   88.96552253
           928   89.01018979
           929   89.05483429
           930   89.09947879
           931   89.14409418
           932   89.18870923
           933   89.23330232
           934   89.27788796
           935    89.3224588
           936   89.36701507
           937   89.41156373
           938   89.45609068
           939   89.50061722
           940   89.54511488
           941   89.58961254
           942   89.63408778
           943   89.67855619
           944   89.72300948
           945   89.76744869
           946    89.8118801
           947   89.85629014
           948   89.90069972
           949   89.94508063
           950   89.98946155
           951   90.03382029
           952   90.07817212
           953    90.1225092
           954   90.16683198
           955   90.21114746
           956   90.25544124
           957   90.29973502
           958   90.34400001
           959   90.38826482
           960   90.43250838
           961   90.47674426
           962   90.52096645
           963   90.56517345
           964   90.60937433
           965   90.65355248
           966   90.69773064
           967   90.74188146
           968   90.78603081
           969   90.83016049
           970   90.87428107
           971   90.91838966
           972   90.96248151
           973   91.00656909
           974   91.05063225
           975   91.09469541
           976   91.13873337
           977   91.18276788
           978   91.22678498
           979   91.27079088
           980   91.31478718
           981   91.35876451
           982   91.40274006
           983   91.44668886
           984   91.49063765
           985   91.53456403
           986   91.57848433
           987   91.62239012
           988   91.66628197
           989   91.71016724
           990   91.75403067
           991    91.7978941
           992   91.84173053
           993   91.88556558
           994   91.92938163
           995   91.97318835
           996    92.0169841
           997   92.06076252
           998   92.10453801
           999   92.14828816
          1000   92.19203832
          1001    92.2357654
          1002   92.27948733
          1003   92.32319431
          1004   92.36688806
          1005     92.410575
          1006   92.45424061
          1007   92.49790622
          1008   92.54154507
          1009   92.58518257
          1010   92.62880153
          1011   92.67241096
          1012    92.7160101
          1013    92.7595915
          1014   92.80317086
          1015   92.84672427
          1016   92.89027767
          1017   92.93380937
          1018   92.97733482
          1019    93.0208469
          1020   93.06434443
          1021   93.10783694
          1022    93.1513066
          1023   93.19477626
          1024   93.23822142
          1025   93.28166323
          1026   93.32508898
          1027   93.36850299
          1028   93.41190939
          1029   93.45529563
          1030   93.49868188
          1031   93.54204124
          1032   93.58539976
          1033   93.62873991
          1034   93.67207074
          1035   93.71539174
          1036   93.75869491
          1037   93.80199681
          1038   93.84527237
          1039   93.88854793
          1040   93.93180321
          1041   93.97505119
          1042   94.01828752
          1043   94.06150796
          1044   94.10472539
          1045   94.14791832
          1046   94.19111126
          1047   94.23428238
          1048   94.27744784
          1049   94.32060021
          1050   94.36373825
          1051   94.40687192
          1052   94.44998257
          1053   94.49309321
          1054   94.53618089
          1055   94.57926418
          1056    94.6223333
          1057   94.66538927
          1058   94.70843989
          1059   94.75146857
          1060   94.79449726
          1061   94.83750219
          1062   94.88050363
          1063    94.9234902
          1064   94.96646443
          1065    95.0094327
          1066   95.05237976
          1067   95.09532682
          1068    95.1382497
          1069   95.18116963
          1070   95.22407434
          1071   95.26696717
          1072   95.30985377
          1073   95.35271954
          1074    95.3955853
          1075   95.43842682
          1076   95.48126555
          1077   95.52408911
          1078   95.56690085
          1079   95.60970648
          1080   95.65249127
          1081   95.69527607
          1082   95.73803691
          1083   95.78079479
          1084   95.82353785
          1085   95.86626885
          1086   95.90899418
          1087   95.95169833
          1088   95.99440248
          1089   96.03708333
          1090   96.07976066
          1091   96.12242392
          1092   96.16507448
          1093    96.2077202
          1094   96.25034403
          1095   96.29296785
          1096   96.33556938
          1097    96.3781665
          1098   96.42075062
          1099   96.46332108
          1100   96.50588784
          1101   96.54843167
          1102   96.59097549
          1103   96.63349836
          1104   96.67601559
          1105   96.71852124
          1106    96.7610119
          1107   96.80350038
          1108   96.84596453
          1109   96.88842867
          1110   96.93087354
          1111   96.97331119
          1112   97.01573903
          1113   97.05815023
          1114   97.10056108
          1115   97.14294586
          1116   97.18533064
          1117   97.22769817
          1118   97.27005656
          1119   97.31240724
          1120   97.35473928
          1121   97.39707133
          1122   97.43937889
          1123   97.48168462
          1124   97.52397545
          1125   97.56625491
          1126   97.60852907
          1127   97.65078228
          1128   97.69303549
          1129   97.73526682
          1130   97.77749382
          1131    97.8197086
          1132   97.86190943
          1133   97.90410771
          1134    97.9462824
          1135   97.98845709
          1136   98.03061282
          1137   98.07276141
          1138   98.11490077
          1139   98.15702329
          1140   98.19914581
          1141   98.24124281
          1142   98.28333929
          1143   98.32542007
          1144   98.36749055
          1145   98.40955512
          1146   98.45159964
          1147   98.49364415
          1148   98.53566665
          1149   98.57768523
          1150   98.61969167
          1151   98.66168436
          1152   98.70367478
          1153    98.7456416
          1154   98.78760842
          1155   98.82955703
          1156   98.87149803
          1157   98.91343075
          1158   98.95534595
          1159   98.99726114
          1160   99.03915226
          1161    99.0810417
          1162   99.12291705
          1163   99.16478076
          1164   99.20664039
          1165    99.2484784
          1166   99.29031642
          1167   99.33213471
          1168   99.37394707
          1169   99.41574977
          1170    99.4575365
          1171   99.49932323
          1172   99.54108478
          1173   99.58284592
          1174     99.624592
          1175   99.66632758
          1176   99.70805823
          1177   99.74976829
          1178   99.79147834
          1179   99.83316812
          1180   99.87485268
          1181   99.91652715
          1182   99.95818626
          1183   99.99984537
          1184   100.0414791
          1185   100.0831128
          1186   100.1247314
          1187   100.1663397
          1188   100.2079432
          1189   100.2495261
          1190   100.2911091
          1191   100.3326721
          1192   100.3742297
          1193   100.4157777
          1194     100.45731
          1195   100.4988424
          1196   100.5403501
          1197   100.5818572
          1198   100.6233501
          1199   100.6648319
          1200   100.7063099
          1201   100.7477666
          1202   100.7892232
          1203   100.8306613
          1204   100.8720928
          1205    100.913516
          1206   100.9549224
          1207   100.9963288
          1208   101.0377123
          1209   101.0790936
          1210   101.1204624
          1211   101.1618187
          1212    101.203173
          1213   101.2445042
          1214   101.2858353
          1215   101.3271501
          1216   101.3684563
          1217   101.4097566
          1218   101.4510378
          1219   101.4923191
          1220     101.53358
          1221   101.5748363
          1222   101.6160829
          1223   101.6573144
          1224   101.6985458
          1225   101.7397532
          1226   101.7809597
          1227   101.8221529
          1228   101.8633347
          1229   101.9045137
          1230   101.9456706
          1231   101.9868275
          1232   102.0279676
          1233   102.0690997
          1234   102.1102257
          1235   102.1513332
          1236   102.1924406
          1237   102.2335278
          1238   102.2746105
          1239   102.3156838
          1240   102.3567419
          1241   102.3977999
          1242   102.4388347
          1243   102.4798681
          1244    102.520889
          1245   102.5618978
          1246   102.6029048
          1247   102.6438891
          1248   102.6848733
          1249    102.725842
          1250   102.7668017
          1251   102.8077568
          1252    102.848692
          1253   102.8896271
          1254    102.930544
          1255   102.9714547
          1256   103.0123581
          1257   103.0532443
          1258   103.0941306
          1259   103.1349959
          1260   103.1758578
          1261   103.2167096
          1262   103.2575471
          1263   103.2983846
          1264   103.3391986
          1265   103.3800117
          1266   103.4208124
          1267   103.4616012
          1268   103.5023886
          1269   103.5431531
          1270   103.5839176
          1271   103.6246674
          1272   103.6654076
          1273   103.7061442
          1274   103.7468603
          1275   103.7875763
          1276   103.8282755
          1277   103.8689673
          1278   103.9096534
          1279   103.9503211
          1280   103.9909887
          1281   104.0316376
          1282   104.0722811
          1283    104.112917
          1284   104.1535364
          1285   104.1941558
          1286   104.2347547
          1287     104.27535
          1288    104.315936
          1289   104.3565073
          1290   104.3970786
          1291   104.4376276
          1292    104.478175
          1293   104.5187112
          1294   104.5592345
          1295   104.5997579
          1296   104.6402574
          1297   104.6807568
          1298   104.7212437
          1299   104.7617191
          1300   104.8021933
          1301   104.8426449
          1302   104.8830965
          1303   104.9235342
          1304    104.963962
          1305   105.0043871
          1306    105.044791
          1307    105.085195
          1308   105.1255838
          1309   105.1659639
          1310   105.2063403
          1311   105.2466967
          1312   105.2870531
          1313   105.3273933
          1314    105.367726
          1315   105.4080539
          1316   105.4483628
          1317   105.4886717
          1318   105.5289637
          1319   105.5692489
          1320   105.6095286
          1321   105.6497902
          1322   105.6900518
          1323   105.7302957
          1324   105.7705337
          1325   105.8107654
          1326   105.8509799
          1327   105.8911943
          1328   105.9313904
          1329   105.9715812
          1330   106.0117653
          1331   106.0519326
          1332      106.0921
          1333   106.1322485
          1334   106.1723924
          1335    106.212529
          1336   106.2526494
          1337   106.2927698
          1338    106.332871
          1339    106.372968
          1340   106.4130574
          1341    106.453131
          1342   106.4932046
          1343   106.5332588
          1344    106.573309
          1345   106.6133515
          1346   106.6533784
          1347   106.6934053
          1348   106.7334127
          1349   106.7734163
          1350   106.8134121
          1351   106.8533924
          1352   106.8933727
          1353   106.9333336
          1354   106.9732906
          1355     107.01324
          1356   107.0531738
          1357   107.0931077
          1358   107.1330223
          1359    107.172933
          1360   107.2128362
          1361   107.2527236
          1362   107.2926111
          1363   107.3324798
          1364   107.3723441
          1365   107.4122014
          1366   107.4520427
          1367   107.4918839
          1368   107.5317068
          1369    107.571525
          1370   107.6113366
          1371   107.6511317
          1372   107.6909269
          1373   107.7307043
          1374   107.7704764
          1375   107.8102426
          1376   107.8499917
          1377   107.8897409
          1378    107.929473
          1379   107.9691992
          1380   108.0089202
          1381   108.0486235
          1382   108.0883267
          1383   108.1280138
          1384   108.1676942
          1385   108.2073703
          1386   108.2470278
          1387   108.2866853
          1388   108.3263276
          1389   108.3659623
          1390   108.4055937
          1391   108.4452056
          1392   108.4848174
          1393   108.5244152
          1394   108.5640043
          1395   108.6035913
          1396   108.6431576
          1397   108.6827239
          1398   108.7222774
          1399    108.761821
          1400   108.8013638
          1401   108.8408847
          1402   108.8804056
          1403   108.9199151
          1404   108.9594133
          1405   108.9989116
          1406   109.0383878
          1407   109.0778634
          1408    109.117329
          1409    109.156782
          1410    109.196235
          1411   109.2356676
          1412    109.275098
          1413   109.3145201
          1414   109.3539279
          1415   109.3933358
          1416   109.4327249
          1417   109.4721103
          1418    109.511489
          1419   109.5508519
          1420   109.5902147
          1421   109.6295607
          1422    109.668901
          1423   109.7082367
          1424   109.7475546
          1425   109.7868726
          1426   109.8261756
          1427   109.8654711
          1428   109.9047639
          1429    109.944037
          1430   109.9833102
          1431   110.0225705
          1432   110.0618213
          1433   110.1010714
          1434   110.1402999
          1435   110.1795284
          1436   110.2187462
          1437   110.2579523
          1438   110.2971585
          1439    110.336344
          1440   110.3755279
          1441   110.4147035
          1442   110.4538651
          1443   110.4930268
          1444   110.5321702
          1445   110.5713096
          1446   110.6104431
          1447   110.6495604
          1448   110.6886776
          1449   110.7277792
          1450   110.7668743
          1451    110.805966
          1452    110.845039
          1453   110.8841119
          1454   110.9231718
          1455   110.9622226
          1456   111.0012728
          1457   111.0403016
          1458   111.0793304
          1459   111.1183488
          1460   111.1573556
          1461   111.1963623
          1462   111.2353491
          1463   111.2743338
          1464    111.313311
          1465   111.3522738
          1466   111.3912365
          1467   111.4301822
          1468    111.469123
          1469   111.5080592
          1470   111.5469781
          1471   111.5858969
          1472   111.6248018
          1473   111.6636987
          1474   111.7025942
          1475   111.7414692
          1476   111.7803443
          1477   111.8192085
          1478   111.8580617
          1479   111.8969149
          1480    111.935748
          1481   111.9745794
          1482   112.0134032
          1483   112.0522128
          1484   112.0910223
          1485   112.1298152
          1486    112.168603
          1487   112.2073866
          1488   112.2461527
          1489   112.2849187
          1490   112.3236715
          1491   112.3624158
          1492   112.4011595
          1493   112.4398821
          1494   112.4786048
          1495   112.5173177
          1496   112.5560187
          1497   112.5947197
          1498    112.633402
          1499   112.6720813
          1500   112.7107546
          1501   112.7494124
          1502   112.7880701
          1503   112.8267129
          1504    112.865349
          1505    112.903983
          1506   112.9425975
          1507   112.9812121
          1508   113.0198157
          1509   113.0584087
          1510   113.0970018
          1511    113.135575
          1512   113.1741466
          1513    113.212711
          1514   113.2512611
          1515   113.2898112
          1516   113.3283455
          1517   113.3668741
          1518   113.4053998
          1519    113.443907
          1520   113.4824142
          1521   113.5209097
          1522   113.5593956
          1523   113.5978814
          1524    113.636347
          1525   113.6748114
          1526   113.7132685
          1527   113.7517116
          1528   113.7901547
          1529   113.8285819
          1530   113.8670037
          1531   113.9054225
          1532    113.943823
          1533   113.9822235
          1534   114.0206125
          1535   114.0589917
          1536    114.097371
          1537   114.1357304
          1538   114.1740884
          1539   114.2124395
          1540   114.2507763
          1541    114.289113
          1542   114.3274347
          1543   114.3657502
          1544   114.4040636
          1545    114.442358
          1546   114.4806524
          1547   114.5189364
          1548   114.5572097
          1549    114.595483
          1550   114.6337377
          1551   114.6719899
          1552   114.7102364
          1553   114.7484675
          1554   114.7866986
          1555    114.824916
          1556   114.8631261
          1557   114.9013354
          1558   114.9395244
          1559   114.9777134
          1560   115.0158937
          1561   115.0540617
          1562   115.0922297
          1563   115.1303811
          1564   115.1685281
          1565   115.2066715
          1566   115.2447976
          1567   115.2829237
          1568   115.3210382
          1569   115.3591434
          1570   115.3972485
          1571   115.4353343
          1572   115.4734186
          1573   115.5114965
          1574   115.5495599
          1575   115.5876233
          1576   115.6256726
          1577   115.6637152
          1578   115.7017568
          1579   115.7397785
          1580   115.7778002
          1581   115.8158133
          1582   115.8538142
          1583   115.8918151
          1584   115.9297997
          1585   115.9677799
          1586   116.0057569
          1587   116.0437163
          1588   116.0816757
          1589   116.1196244
          1590   116.1575631
          1591   116.1955017
          1592   116.2334222
          1593   116.2713402
          1594   116.3092531
          1595   116.3471504
          1596   116.3850477
          1597   116.4229326
          1598   116.4608092
          1599   116.4986859
          1600   116.5365427
          1601   116.5743987
          1602   116.6122481
          1603   116.6500836
          1604    116.687919
          1605   116.7257405
          1606   116.7635554
          1607   116.8013695
          1608   116.8391639
          1609   116.8769582
          1610   116.9147445
          1611   116.9525184
          1612   116.9902922
          1613   117.0280508
          1614   117.0658041
          1615   117.1035555
          1616   117.1412884
          1617   117.1790212
          1618    117.216745
          1619   117.2544574
          1620   117.2921699
          1621   117.3298661
          1622   117.3675581
          1623   117.4052473
          1624   117.4429189
          1625   117.4805905
          1626   117.5182522
          1627   117.5559034
          1628   117.5935547
          1629    117.631189
          1630   117.6688199
          1631   117.7064473
          1632   117.7440579
          1633   117.7816685
          1634   117.8192687
          1635   117.8568589
          1636   117.8944492
          1637   117.9320222
          1638   117.9695922
          1639   118.0071584
          1640   118.0447081
          1641   118.0822579
          1642    118.119797
          1643   118.1573265
          1644   118.1948561
          1645   118.2323682
          1646   118.2698775
          1647   118.3073829
          1648   118.3448721
          1649   118.3823612
          1650   118.4198398
          1651   118.4573088
          1652   118.4947778
          1653   118.5322295
          1654   118.5696784
          1655   118.6071235
          1656   118.6445523
          1657   118.6819811
          1658   118.7193995
          1659   118.7568082
          1660    118.794217
          1661   118.8316087
          1662   118.8689974
          1663   118.9063827
          1664   118.9437513
          1665     118.98112
          1666   119.0184788
          1667   119.0558274
          1668   119.0931761
          1669   119.1305084
          1670   119.1678371
          1671    119.205163
          1672   119.2424717
          1673   119.2797804
          1674     119.31708
          1675   119.3543688
          1676   119.3916576
          1677    119.428931
          1678   119.4661999
          1679   119.5034669
          1680   119.5407159
          1681   119.5779649
          1682   119.6152059
          1683    119.652435
          1684   119.6896642
          1685    119.726879
          1686   119.7640883
          1687    119.801297
          1688   119.8384865
          1689    119.875676
          1690   119.9128587
          1691   119.9500284
          1692   119.9871981
          1693   120.0243549
          1694   120.0615049
          1695   120.0986548
          1696   120.1357858
          1697    120.172916
          1698   120.2100409
          1699   120.2471514
          1700    120.284262
          1701   120.3213612
          1702    120.358452
          1703   120.3955428
          1704   120.4326163
          1705   120.4696875
          1706   120.5067551
          1707   120.5438066
          1708   120.5808582
          1709   120.6179002
          1710   120.6549321
          1711    120.691964
          1712   120.7289806
          1713   120.7659929
          1714   120.8030036
          1715   120.8399964
          1716   120.8769891
          1717   120.9139744
          1718   120.9509476
          1719   120.9879208
          1720   121.0248809
          1721   121.0618346
          1722   121.0987882
          1723    121.135723
          1724   121.1726572
          1725   121.2095863
          1726    121.246501
          1727   121.2834157
          1728   121.3203197
          1729   121.3572149
          1730   121.3941102
          1731   121.4309891
          1732   121.4678649
          1733   121.5047382
          1734   121.5415946
          1735    121.578451
          1736   121.6152994
          1737   121.6521364
          1738   121.6889734
          1739   121.7257968
          1740   121.7626145
          1741   121.7994322
          1742   121.8362308
          1743   121.8730291
          1744   121.9098223
          1745   121.9466013
          1746   121.9833803
          1747   122.0201487
          1748   122.0569084
          1749   122.0936681
          1750   122.1304119
          1751   122.1671523
          1752   122.2038908
          1753    122.240612
          1754   122.2773332
          1755    122.314047
          1756    122.350749
          1757    122.387451
          1758   122.4241403
          1759   122.4608231
          1760   122.4975059
          1761   122.5341708
          1762   122.5708344
          1763   122.6074941
          1764   122.6441385
          1765    122.680783
          1766   122.7174183
          1767   122.7540437
          1768    122.790669
          1769   122.8272801
          1770   122.8638863
          1771   122.9004922
          1772   122.9370794
          1773   122.9736665
          1774   123.0102483
          1775   123.0468163
          1776   123.0833844
          1777   123.1199421
          1778   123.1564911
          1779   123.1930402
          1780   123.2295738
          1781   123.2661038
          1782   123.3026324
          1783   123.3391435
          1784   123.3756545
          1785   123.4121592
          1786   123.4486512
          1787   123.4851433
          1788   123.5216241
          1789   123.5580972
          1790   123.5945703
          1791   123.6310273
          1792   123.6674814
          1793   123.7039336
          1794   123.7403688
          1795   123.7768041
          1796   123.8132325
          1797   123.8496489
          1798   123.8860653
          1799     123.92247
          1800   123.9588675
          1801   123.9952651
          1802   124.0316462
          1803   124.0680249
          1804   124.1044013
          1805   124.1407612
          1806   124.1771211
          1807    124.213474
          1808   124.2498151
          1809   124.2861562
          1810   124.3224856
          1811   124.3588079
          1812   124.3951302
          1813   124.4314363
          1814   124.4677399
          1815   124.5040414
          1816   124.5403262
          1817   124.5766111
          1818   124.6128893
          1819   124.6491554
          1820   124.6854215
          1821   124.7216765
          1822    124.757924
          1823   124.7941714
          1824   124.8304032
          1825    124.866632
          1826   124.9028594
          1827   124.9390695
          1828   124.9752797
          1829   125.0114839
          1830   125.0476755
          1831    125.083867
          1832   125.1200483
          1833   125.1562212
          1834   125.1923942
          1835   125.2285525
          1836   125.2647069
          1837   125.3008608
          1838   125.3369966
          1839   125.3731325
          1840   125.4092636
          1841   125.4453809
          1842   125.4814982
          1843   125.5176065
          1844   125.5537053
          1845   125.5898041
          1846   125.6258896
          1847     125.66197
          1848   125.6980503
          1849   125.7341131
          1850    125.770175
          1851   125.8062337
          1852   125.8422771
          1853   125.8783205
          1854   125.9143566
          1855   125.9503816
          1856   125.9864066
          1857   126.0224201
          1858   126.0584267
          1859   126.0944334
          1860   126.1304244
          1861   126.1664127
          1862   126.2023997
          1863   126.2383695
          1864   126.2743394
          1865    126.310304
          1866   126.3462556
          1867   126.3822071
          1868   126.4181494
          1869   126.4540827
          1870   126.4900159
          1871   126.5259359
          1872   126.5618509
          1873   126.5977658
          1874   126.6336637
          1875   126.6695603
          1876   126.7054543
          1877   126.7413327
          1878   126.7772111
          1879   126.8130829
          1880   126.8489431
          1881   126.8848033
          1882   126.9206531
          1883   126.9564951
          1884   126.9923371
          1885   127.0281648
          1886   127.0639886
          1887   127.0998125
          1888   127.1356182
          1889   127.1714239
          1890   127.2072259
          1891   127.2430134
          1892    127.278801
          1893   127.3145811
          1894   127.3503505
          1895   127.3861199
          1896   127.4218783
          1897   127.4576296
          1898   127.4933809
          1899   127.5291175
          1900   127.5648507
          1901   127.6005837
          1902   127.6362989
          1903   127.6720141
          1904   127.7077254
          1905   127.7434225
          1906   127.7791197
          1907   127.8148093
          1908   127.8504885
          1909   127.8861676
          1910   127.9218358
          1911   127.9574969
          1912   127.9931581
          1913   128.0288047
          1914   128.0644479
          1915    128.100091
          1916   128.1357162
          1917   128.1713415
          1918   128.2069632
          1919   128.2425705
          1920   128.2781778
          1921   128.3137782
          1922   128.3493676
          1923    128.384957
          1924   128.4205361
          1925   128.4561076
          1926   128.4916791
          1927   128.5272369
          1928   128.5627906
          1929   128.5983442
          1930   128.6338808
          1931   128.6694167
          1932     128.70495
          1933    128.740468
          1934   128.7759859
          1935   128.8114981
          1936   128.8469983
          1937   128.8824985
          1938   128.9179897
          1939   128.9534721
          1940   128.9889545
          1941   129.0244246
          1942   129.0598892
          1943   129.0953539
          1944   129.1308031
          1945     129.16625
          1946    129.201696
          1947   129.2371252
          1948   129.2725544
          1949   129.3079796
          1950    129.343391
          1951   129.3788025
          1952   129.4142069
          1953   129.4496007
          1954   129.4849945
          1955   129.5203781
          1956   129.5557542
          1957   129.5911304
          1958   129.6264933
          1959   129.6618518
          1960   129.6972103
          1961   129.7325526
          1962   129.7678934
          1963   129.8032327
          1964    129.838556
          1965   129.8738793
          1966    129.909198
          1967   129.9445037
          1968   129.9798094
          1969   130.0151076
          1970   130.0503957
          1971   130.0856839
          1972   130.1209616
          1973   130.1562322
          1974   130.1915028
          1975   130.2267602
          1976   130.2620133
          1977   130.2972664
          1978   130.3325033
          1979   130.3677389
          1980    130.402973
          1981   130.4381912
          1982   130.4734093
          1983   130.5086232
          1984   130.5438238
          1985   130.5790245
          1986   130.6142181
          1987   130.6494014
          1988   130.6845846
          1989   130.7197581
          1990   130.7549239
          1991   130.7900897
          1992    130.825243
          1993   130.8603915
          1994   130.8955399
          1995   130.9306731
          1996   130.9658042
          1997   131.0009348
          1998   131.0360485
          1999   131.0711622
          2000   131.1062728
          2001   131.1413692
          2002   131.1764655
          2003   131.2115562
          2004   131.2466352
          2005   131.2817143
          2006    131.316785
          2007   131.3518468
          2008   131.3869086
          2009   131.4219595
          2010    131.457004
          2011   131.4920485
          2012   131.5270796
          2013   131.5621068
          2014    131.597134
          2015   131.6321454
          2016   131.6671554
          2017   131.7021644
          2018   131.7371571
          2019   131.7721499
          2020   131.8071392
          2021   131.8421148
          2022   131.8770903
          2023     131.91206
          2024   131.9470184
          2025   131.9819768
          2026   132.0169269
          2027   132.0518682
          2028   132.0868094
          2029     132.12174
          2030   132.1566641
          2031   132.1915882
          2032   132.2264993
          2033   132.2614063
          2034   132.2963133
          2035    132.331205
          2036   132.3660949
          2037   132.4009844
          2038   132.4358572
          2039     132.47073
          2040   132.5056001
          2041   132.5404558
          2042   132.5753116
          2043   132.6101624
          2044   132.6450011
          2045   132.6798399
          2046   132.7146714
          2047   132.7494931
          2048   132.7843148
          2049   132.8191272
          2050   132.8539319
          2051   132.8887366
          2052   132.9235299
          2053   132.9583176
          2054   132.9931053
          2055   133.0278795
          2056   133.0626502
          2057    133.097421
          2058   133.1321761
          2059   133.1669299
          2060   133.2016829
          2061   133.2364198
          2062   133.2711567
          2063   133.3058908
          2064   133.3406108
          2065   133.3753308
          2066   133.4100459
          2067    133.444749
          2068   133.4794522
          2069   133.5141484
          2070   133.5488347
          2071   133.5835209
          2072   133.6181984
          2073   133.6528678
          2074   133.6875372
          2075   133.7221958
          2076   133.7568484
          2077    133.791501
          2078   133.8261409
          2079   133.8607767
          2080   133.8954125
          2081   133.9300337
          2082   133.9646527
          2083   133.9992717
          2084   134.0338743
          2085   134.0684765
          2086   134.1030773
          2087   134.1376628
          2088   134.1722482
          2089   134.2068304
          2090   134.2413992
          2091   134.2759679
          2092   134.3105316
          2093   134.3450836
          2094   134.3796357
          2095   134.4141809
          2096   134.4487162
          2097   134.4832516
          2098   134.5177784
          2099    134.552297
          2100   134.5868157
          2101   134.6213241
          2102   134.6558261
          2103   134.6903282
          2104   134.7248182
          2105   134.7593036
          2106    134.793789
          2107   134.8282608
          2108   134.8627296
          2109   134.8971983
          2110   134.9316519
          2111   134.9661041
          2112    135.000556
          2113   135.0349916
          2114   135.0694272
          2115   135.1038609
          2116     135.13828
          2117    135.172699
          2118   135.2071147
          2119   135.2415172
          2120   135.2759197
          2121   135.3103172
          2122   135.3447032
          2123   135.3790892
          2124   135.4134687
          2125   135.4478382
          2126   135.4822077
          2127   135.5165692
          2128   135.5509222
          2129   135.5852752
          2130   135.6196188
          2131   135.6539553
          2132   135.6882919
          2133   135.7226176
          2134   135.7569376
          2135   135.7912577
          2136   135.8255656
          2137   135.8598692
          2138   135.8941729
          2139   135.9284629
          2140   135.9627502
          2141   135.9970374
          2142   136.0313097
          2143   136.0655806
          2144   136.0998514
          2145    136.134106
          2146   136.1683605
          2147   136.2026137
          2148   136.2368518
          2149     136.27109
          2150   136.3053256
          2151   136.3395474
          2152   136.3737692
          2153   136.4079872
          2154   136.4421926
          2155   136.4763981
          2156   136.5105986
          2157   136.5447877
          2158   136.5789769
          2159   136.6131598
          2160   136.6473327
          2161   136.6815056
          2162   136.7156711
          2163   136.7498277
          2164   136.7839844
          2165   136.8181324
          2166   136.8522728
          2167   136.8864132
          2168   136.9205438
          2169    136.954668
          2170   136.9887922
          2171   137.0229055
          2172   137.0570134
          2173   137.0911214
          2174   137.1252174
          2175   137.1593092
          2176   137.1934009
          2177   137.2274797
          2178   137.2615553
          2179   137.2956309
          2180   137.3296924
          2181   137.3637519
          2182   137.3978113
          2183   137.4318557
          2184    137.465899
          2185   137.4999423
          2186   137.5339696
          2187   137.5679968
          2188    137.602023
          2189   137.6360341
          2190   137.6700452
          2191   137.7040544
          2192   137.7380495
          2193   137.7720445
          2194   137.8060367
          2195   137.8400156
          2196   137.8739946
          2197   137.9079698
          2198   137.9419327
          2199   137.9758957
          2200   138.0098539
          2201   138.0438008
          2202   138.0777477
          2203   138.1116891
          2204     138.14562
          2205   138.1795509
          2206   138.2134755
          2207   138.2473904
          2208   138.2813053
          2209    138.315213
          2210   138.3491119
          2211   138.3830109
          2212   138.4169018
          2213   138.4507848
          2214   138.4846678
          2215    138.518542
          2216   138.5524091
          2217   138.5862761
          2218   138.6201337
          2219   138.6539848
          2220    138.687836
          2221   138.7216769
          2222   138.7555121
          2223   138.7893473
          2224   138.8231717
          2225    138.856991
          2226   138.8908104
          2227   138.9246182
          2228   138.9584216
          2229   138.9922251
          2230   139.0260164
          2231    139.059804
          2232   139.0935917
          2233   139.1273665
          2234   139.1611383
          2235   139.1949101
          2236   139.2286684
          2237   139.2624244
          2238   139.2961804
          2239   139.3299224
          2240   139.3636626
          2241   139.3974028
          2242   139.4311284
          2243   139.4648528
          2244   139.4985773
          2245   139.5322866
          2246   139.5659953
          2247   139.5997039
          2248    139.633397
          2249   139.6670899
          2250   139.7007824
          2251   139.7344596
          2252   139.7681368
          2253   139.8018132
          2254   139.8354747
          2255   139.8691362
          2256   139.9027964
          2257   139.9364422
          2258    139.970088
          2259    140.003732
          2260   140.0373622
          2261   140.0709923
          2262   140.1046203
          2263   140.1382348
          2264   140.1718492
          2265   140.2054612
          2266     140.23906
          2267   140.2726589
          2268   140.3062548
          2269    140.339838
          2270   140.3734212
          2271   140.4070012
          2272   140.4405688
          2273   140.4741365
          2274   140.5077005
          2275   140.5412525
          2276   140.5748046
          2277   140.6083527
          2278   140.6418892
          2279   140.6754257
          2280    140.708958
          2281   140.7424789
          2282   140.7759998
          2283   140.8095164
          2284   140.8430218
          2285   140.8765271
          2286   140.9100279
          2287   140.9435178
          2288   140.9770076
          2289   141.0104927
          2290    141.043967
          2291   141.0774414
          2292   141.1109107
          2293   141.1443696
          2294   141.1778285
          2295   141.2112822
          2296   141.2447257
          2297   141.2781691
          2298   141.3116072
          2299   141.3450351
          2300   141.3784631
          2301   141.4118856
          2302   141.4452982
          2303   141.4787107
          2304   141.5121177
          2305   141.5455149
          2306    141.578912
          2307   141.6123035
          2308   141.6456852
          2309    141.679067
          2310    141.712443
          2311   141.7458094
          2312   141.7791758
          2313   141.8125364
          2314   141.8458874
          2315   141.8792384
          2316   141.9125836
          2317   141.9459193
          2318   141.9792549
          2319   142.0125848
          2320   142.0459052
          2321   142.0792255
          2322   142.1125401
          2323   142.1458451
          2324   142.1791501
          2325   142.2124495
          2326   142.2457392
          2327   142.2790289
          2328    142.312313
          2329   142.3455875
          2330   142.3788619
          2331   142.4121308
          2332     142.44539
          2333   142.4786492
          2334    142.511903
          2335    142.545147
          2336   142.5783909
          2337   142.6116295
          2338   142.6448583
          2339    142.678087
          2340   142.7113106
          2341   142.7445241
          2342   142.7777376
          2343   142.8109461
          2344   142.8441445
          2345   142.8773428
          2346   142.9105363
          2347   142.9437195
          2348   142.9769026
          2349   143.0100812
          2350   143.0432492
          2351   143.0764172
          2352   143.1095808
          2353   143.1427337
          2354   143.1758865
          2355   143.2090353
          2356    143.242173
          2357   143.2753107
          2358   143.3084446
          2359   143.3415672
          2360   143.3746898
          2361   143.4078089
          2362   143.4409164
          2363    143.474024
          2364   143.5071282
          2365   143.5402207
          2366   143.5733132
          2367   143.6064027
          2368   143.6394801
          2369   143.6725575
          2370   143.7056323
          2371   143.7386947
          2372    143.771757
          2373   143.8048172
          2374   143.8378645
          2375   143.8709118
          2376   143.9039574
          2377   143.9369897
          2378    143.970022
          2379   144.0030529
          2380   144.0360703
          2381   144.0690876
          2382    144.102104
          2383   144.1351063
          2384   144.1681087
          2385   144.2011105
          2386   144.2340979
          2387   144.2670853
          2388   144.3000726
          2389   144.3330451
          2390   144.3660175
          2391     144.39899
          2392   144.4319479
          2393   144.4649054
          2394    144.497863
          2395   144.5308065
          2396   144.5637491
          2397   144.5966917
          2398   144.6296209
          2399   144.6625487
          2400   144.6954764
          2401   144.7283912
          2402   144.7613041
          2403   144.7942169
          2404   144.8271175
          2405   144.8600154
          2406   144.8929134
          2407   144.9257997
          2408   144.9586829
          2409    144.991566
          2410   145.0244381
          2411   145.0573064
          2412   145.0901747
          2413   145.1230326
          2414    145.155886
          2415   145.1887395
          2416   145.2215833
          2417    145.254422
          2418   145.2872606
          2419   145.3200903
          2420   145.3529142
          2421   145.3857381
          2422   145.4185536
          2423   145.4513628
          2424   145.4841719
          2425   145.5169734
          2426   145.5497678
          2427   145.5825622
          2428   145.6153496
          2429   145.6481293
          2430    145.680909
          2431   145.7136825
          2432   145.7464474
          2433   145.7792123
          2434   145.8119719
          2435   145.8447221
          2436   145.8774724
          2437    145.910218
          2438   145.9429536
          2439   145.9756891
          2440   146.0084209
          2441   146.0411418
          2442   146.0738626
          2443   146.1065806
          2444   146.1392868
          2445    146.171993
          2446   146.2046971
          2447   146.2373887
          2448   146.2700803
          2449   146.3027707
          2450   146.3354476
          2451   146.3681246
          2452   146.4008012
          2453   146.4334636
          2454    146.466126
          2455   146.4987883
          2456   146.5314366
          2457   146.5640844
          2458   146.5967322
          2459   146.6293668
          2460       146.662
          2461   146.6946332
          2462   146.7272543
          2463   146.7598729
          2464   146.7924916
          2465    146.825099
          2466   146.8577031
          2467   146.8903072
          2468   146.9229011
          2469   146.9554907
          2470   146.9880802
          2471   147.0206606
          2472   147.0532357
          2473   147.0858107
          2474   147.1183776
          2475   147.1509382
          2476   147.1834988
          2477   147.2160522
          2478   147.2485983
          2479   147.2811444
          2480   147.3136844
          2481    147.346216
          2482   147.3787476
          2483   147.4112742
          2484   147.4437914
          2485   147.4763086
          2486   147.5088218
          2487   147.5413246
          2488   147.5738273
          2489   147.6063273
          2490   147.6388156
          2491   147.6713039
          2492   147.7037906
          2493   147.7362645
          2494   147.7687384
          2495   147.8012118
          2496   147.8336714
          2497   147.8661309
          2498   147.8985905
          2499   147.9310363
          2500   147.9634814
          2501   147.9959266
          2502   148.0283592
          2503     148.06079
          2504   148.0932209
          2505   148.1256403
          2506   148.1580568
          2507   148.1904733
          2508   148.2228797
          2509   148.2552818
          2510    148.287684
          2511   148.3200773
          2512   148.3524651
          2513    148.384853
          2514   148.4172332
          2515   148.4496068
          2516   148.4819803
          2517   148.5143475
          2518   148.5467068
          2519   148.5790661
          2520   148.6114203
          2521   148.6437654
          2522   148.6761104
          2523   148.7084517
          2524   148.7407824
          2525   148.7731132
          2526   148.8054416
          2527   148.8377581
          2528   148.8700747
          2529   148.9023901
          2530   148.9346925
          2531   148.9669948
          2532   148.9992971
          2533   149.0315855
          2534   149.0638737
          2535   149.0961618
          2536   149.1284374
          2537   149.1607114
          2538   149.1929853
          2539   149.2252481
          2540   149.2575079
          2541   149.2897677
          2542   149.3220178
          2543   149.3542634
          2544    149.386509
          2545   149.4187464
          2546   149.4509779
          2547   149.4832094
          2548   149.5154341
          2549   149.5476514
          2550   149.5798688
          2551   149.6120808
          2552   149.6442841
          2553   149.6764873
          2554   149.7086867
          2555   149.7408759
          2556    149.773065
          2557   149.8052519
          2558   149.8374269
          2559    149.869602
          2560   149.9017763
          2561   149.9339373
          2562   149.9660983
          2563   149.9982593
          2564    150.030407
          2565    150.062554
          2566   150.0947009
          2567   150.1268362
          2568   150.1589691
          2569    150.191102
          2570   150.2232248
          2571   150.2553437
          2572   150.2874626
          2573    150.319573
          2574   150.3516779
          2575   150.3837828
          2576   150.4158808
          2577   150.4479717
          2578   150.4800626
          2579   150.5121482
          2580   150.5442251
          2581   150.5763021
          2582   150.6083754
          2583   150.6404383
          2584   150.6725013
          2585   150.7045623
          2586   150.7366114
          2587   150.7686604
          2588   150.8007091
          2589   150.8327442
          2590   150.8647793
          2591   150.8968144
          2592    150.928837
          2593   150.9608582
          2594   150.9928794
          2595   151.0248898
          2596   151.0568971
          2597   151.0889044
          2598   151.1209026
          2599    151.152896
          2600   151.1848894
          2601   151.2168755
          2602    151.248855
          2603   151.2808346
          2604   151.3128086
          2605   151.3447742
          2606   151.3767399
          2607   151.4087018
          2608   151.4406537
          2609   151.4726055
          2610   151.5045554
          2611   151.5364934
          2612   151.5684314
          2613   151.6003693
          2614   151.6322935
          2615   151.6642177
          2616   151.6961419
          2617    151.728054
          2618   151.7599644
          2619   151.7918748
          2620    151.823775
          2621   151.8556716
          2622   151.8875682
          2623   151.9194565
          2624   151.9513393
          2625   151.9832222
          2626   152.0150985
          2627   152.0469677
          2628   152.0788368
          2629   152.1107013
          2630   152.1425566
          2631    152.174412
          2632   152.2062647
          2633   152.2381064
          2634    152.269948
          2635   152.3017889
          2636   152.3336168
          2637   152.3654448
          2638   152.3972727
          2639   152.4290882
          2640   152.4609024
          2641   152.4927167
          2642   152.5245204
          2643   152.5563209
          2644   152.5881215
          2645   152.6199135
          2646   152.6517004
          2647   152.6834873
          2648   152.7152677
          2649    152.747041
          2650   152.7788142
          2651   152.8105829
          2652   152.8423426
          2653   152.8741022
          2654   152.9058593
          2655   152.9376053
          2656   152.9693513
          2657   153.0010968
          2658   153.0328292
          2659   153.0645616
          2660    153.096294
          2661   153.1280144
          2662   153.1597332
          2663    153.191452
          2664   153.2231609
          2665   153.2548661
          2666   153.2865714
          2667   153.3182688
          2668   153.3499604
          2669   153.3816521
          2670   153.4133381
          2671   153.4450162
          2672   153.4766943
          2673   153.5083688
          2674   153.5400334
          2675    153.571698
          2676   153.6033611
          2677   153.6350122
          2678   153.6666632
          2679   153.6983143
          2680   153.7299526
          2681   153.7615901
          2682   153.7932277
          2683   153.8248546
          2684   153.8564787
          2685   153.8881028
          2686   153.9197184
          2687    153.951329
          2688   153.9829396
          2689    154.014544
          2690   154.0461411
          2691   154.0777382
          2692   154.1093314
          2693    154.140915
          2694   154.1724987
          2695   154.2040806
          2696   154.2356509
          2697   154.2672211
          2698   154.2987914
          2699   154.3303487
          2700   154.3619055
          2701   154.3934623
          2702   154.4250085
          2703   154.4565519
          2704   154.4880953
          2705   154.5196304
          2706   154.5511604
          2707   154.5826904
          2708   154.6142144
          2709   154.6457311
          2710   154.6772477
          2711   154.7087606
          2712   154.7402639
          2713   154.7717672
          2714   154.8032691
          2715    154.834759
          2716   154.8662489
          2717   154.8977388
          2718   154.9292164
          2719    154.960693
          2720   154.9921696
          2721   155.0236361
          2722   155.0550994
          2723   155.0865627
          2724   155.1180183
          2725   155.1494683
          2726   155.1809182
          2727    155.212363
          2728   155.2437996
          2729   155.2752363
          2730   155.3066701
          2731   155.3380935
          2732   155.3695169
          2733   155.4009399
          2734     155.43235
          2735   155.4637601
          2736   155.4951703
          2737   155.5265692
          2738    155.557966
          2739   155.5893629
          2740    155.620751
          2741   155.6521346
          2742   155.6835183
          2743   155.7148956
          2744    155.746266
          2745   155.7776364
          2746    155.809003
          2747   155.8403602
          2748   155.8717174
          2749   155.9030733
          2750   155.9344173
          2751   155.9657613
          2752   155.9971053
          2753   156.0284373
          2754   156.0597682
          2755    156.091099
          2756   156.1224204
          2757    156.153738
          2758   156.1850556
          2759   156.2163664
          2760   156.2476709
          2761   156.2789754
          2762   156.3102756
          2763   156.3415669
          2764   156.3728583
          2765   156.4041479
          2766   156.4354261
          2767   156.4667043
          2768   156.4979825
          2769   156.5292485
          2770   156.5605136
          2771   156.5917787
          2772   156.6230341
          2773   156.6542861
          2774   156.6855381
          2775   156.7167831
          2776    156.748022
          2777    156.779261
          2778   156.8104955
          2779   156.8417213
          2780   156.8729472
          2781   156.9041713
          2782   156.9353841
          2783   156.9665968
          2784   156.9978096
          2785   157.0290103
          2786     157.06021
          2787   157.0914098
          2788   157.1226001
          2789   157.1537868
          2790   157.1849735
          2791   157.2161535
          2792   157.2473271
          2793   157.2785008
          2794   157.3096705
          2795   157.3408312
          2796   157.3719919
          2797   157.4031512
          2798   157.4342989
          2799   157.4654466
          2800   157.4965943
          2801   157.5277305
          2802   157.5588652
          2803   157.5899999
          2804   157.6211258
          2805   157.6522476
          2806   157.6833693
          2807    157.714485
          2808   157.7455938
          2809   157.7767026
          2810   157.8078082
          2811   157.8389041
          2812   157.8699999
          2813   157.9010953
          2814   157.9321783
          2815   157.9632612
          2816   157.9943441
          2817   158.0254165
          2818   158.0564866
          2819   158.0875566
          2820   158.1186189
          2821    158.149676
          2822   158.1807332
          2823   158.2117854
          2824   158.2428297
          2825   158.2738739
          2826   158.3049161
          2827   158.3359475
          2828   158.3669789
          2829   158.3980103
          2830   158.4290296
          2831   158.4600481
          2832   158.4910666
          2833    158.522076
          2834   158.5530817
          2835   158.5840874
          2836   158.6150868
          2837   158.6460797
          2838   158.6770725
          2839    158.708062
          2840   158.7390421
          2841   158.7700221
          2842   158.8010017
          2843   158.8319689
          2844   158.8629362
          2845   158.8939034
          2846   158.9248604
          2847   158.9558148
          2848   158.9867692
          2849   159.0177164
          2850    159.048658
          2851   159.0795997
          2852    159.110537
          2853   159.1414659
          2854   159.1723948
          2855   159.2033223
          2856   159.2342385
          2857   159.2651546
          2858   159.2960708
          2859   159.3269758
          2860   159.3578792
          2861   159.3887826
          2862   159.4196779
          2863   159.4505686
          2864   159.4814593
          2865   159.5123449
          2866   159.5432229
          2867   159.5741009
          2868   159.6049768
          2869   159.6358421
          2870   159.6667074
          2871   159.6975726
          2872   159.7284262
          2873   159.7592788
          2874   159.7901314
          2875   159.8209754
          2876   159.8518153
          2877   159.8826552
          2878   159.9134896
          2879   159.9443169
          2880   159.9751442
          2881    160.005969
          2882   160.0367836
          2883   160.0675982
          2884   160.0984128
          2885   160.1292155
          2886   160.1600174
          2887   160.1908194
          2888   160.2216126
          2889   160.2524019
          2890   160.2831913
          2891   160.3139749
          2892   160.3447517
          2893   160.3755285
          2894   160.4063026
          2895   160.4370668
          2896    160.467831
          2897   160.4985951
          2898   160.5293473
          2899   160.5600989
          2900   160.5908505
          2901   160.6215932
          2902   160.6523323
          2903   160.6830713
          2904   160.7138047
          2905   160.7445311
          2906   160.7752576
          2907   160.8059816
          2908   160.8366955
          2909   160.8674095
          2910   160.8981234
          2911   160.9288256
          2912   160.9595269
          2913   160.9902283
          2914   161.0209212
          2915   161.0516101
          2916    161.082299
          2917   161.1129826
          2918   161.1436589
          2919   161.1743353
          2920   161.2050097
          2921   161.2356735
          2922   161.2663374
          2923   161.2970013
          2924   161.3276539
          2925   161.3583054
          2926   161.3889568
          2927   161.4196002
          2928   161.4502392
          2929   161.4808781
          2930   161.5115124
          2931   161.5421389
          2932   161.5727654
          2933   161.6033905
          2934   161.6340045
          2935   161.6646186
          2936   161.6952326
          2937   161.7258362
          2938   161.7564378
          2939   161.7870395
          2940   161.8176339
          2941   161.8482232
          2942   161.8788124
          2943   161.9093978
          2944   161.9399746
          2945   161.9705514
          2946   162.0011278
          2947   162.0316922
          2948   162.0622566
          2949   162.0928211
          2950    162.123376
          2951   162.1539281
          2952   162.1844801
          2953   162.2150261
          2954   162.2455658
          2955   162.2761055
          2956   162.3066425
          2957   162.3371698
          2958   162.3676972
          2959   162.3982245
          2960   162.4287403
          2961   162.4592553
          2962   162.4897703
          2963   162.5202771
          2964   162.5507798
          2965   162.5812824
          2966   162.6117804
          2967   162.6422707
          2968   162.6727611
          2969   162.7032502
          2970   162.7337282
          2971   162.7642063
          2972   162.7946844
          2973   162.8251523
          2974   162.8556181
          2975   162.8860839
          2976    162.916543
          2977   162.9469965
          2978     162.97745
          2979   163.0079003
          2980   163.0383416
          2981   163.0687828
          2982   163.0992241
          2983   163.1296534
          2984   163.1600824
          2985   163.1905114
          2986    163.220932
          2987   163.2513487
          2988   163.2817655
          2989   163.3121774
          2990   163.3425819
          2991   163.3729864
          2992   163.4033896
          2993   163.4337819
          2994   163.4641743
          2995   163.4945666
          2996   163.5249489
          2997    163.555329
          2998   163.5857092
          2999   163.6160828
          3000   163.6464508
          3001   163.6768187
          3002   163.7071838
          3003   163.7375395
          3004   163.7678953
          3005   163.7982511
          3006   163.8285954
          3007    163.858939
          3008   163.8892826
          3009   163.9196183
          3010   163.9499498
          3011   163.9802813
          3012   164.0106085
          3013   164.0409278
          3014   164.0712471
          3015   164.1015658
          3016    164.131873
          3017   164.1621802
          3018   164.1924874
          3019   164.2227855
          3020   164.2530806
          3021   164.2833756
          3022   164.3136653
          3023   164.3439482
          3024   164.3742312
          3025   164.4045124
          3026   164.4347833
          3027   164.4650542
          3028   164.4953251
          3029   164.5255858
          3030   164.5558446
          3031   164.5861034
          3032   164.6163557
          3033   164.6466025
          3034   164.6768492
          3035   164.7070931
          3036   164.7373278
          3037   164.7675626
          3038   164.7977973
          3039   164.8280208
          3040   164.8582435
          3041   164.8884661
          3042   164.9186814
          3043    164.948892
          3044   164.9791026
          3045   165.0093096
          3046   165.0395082
          3047   165.0697068
          3048   165.0999055
          3049   165.1300921
          3050   165.1602787
          3051   165.1904654
          3052   165.2206438
          3053   165.2508184
          3054    165.280993
          3055   165.3111632
          3056   165.3413259
          3057   165.3714886
          3058   165.4016506
          3059   165.4318013
          3060   165.4619519
          3061   165.4921026
          3062   165.5222445
          3063   165.5523832
          3064    165.582522
          3065   165.6126557
          3066   165.6427825
          3067   165.6729093
          3068   165.7030349
          3069   165.7331497
          3070   165.7632646
          3071   165.7933795
          3072    165.823485
          3073    165.853588
          3074   165.8836909
          3075   165.9137884
          3076   165.9438795
          3077   165.9739705
          3078   166.0040599
          3079   166.0341391
          3080   166.0642182
          3081   166.0942974
          3082   166.1243669
          3083   166.1544342
          3084   166.1845015
          3085    166.214563
          3086   166.2446184
          3087   166.2746738
          3088   166.3047273
          3089   166.3347708
          3090   166.3648144
          3091   166.3948579
          3092   166.4248917
          3093   166.4549234
          3094    166.484955
          3095   166.5149808
          3096   166.5450007
          3097   166.5750206
          3098   166.6050384
          3099   166.6350465
          3100   166.6650545
          3101   166.6950626
          3102   166.7250607
          3103    166.755057
          3104   166.7850532
          3105   166.8150435
          3106    166.845028
          3107   166.8750124
          3108   166.9049949
          3109   166.9349675
          3110   166.9649402
          3111   166.9949128
          3112   167.0248757
          3113   167.0548366
          3114   167.0847974
          3115   167.1147525
          3116   167.1447016
          3117   167.1746507
          3118   167.2045981
          3119   167.2345354
          3120   167.2644728
          3121   167.2944101
          3122    167.324338
          3123   167.3542636
          3124   167.3841892
          3125   167.4141093
          3126   167.4440232
          3127   167.4739371
          3128   167.5038495
          3129   167.5337517
          3130   167.5636539
          3131    167.593556
          3132   167.6234491
          3133   167.6533395
          3134     167.68323
          3135   167.7131154
          3136   167.7429942
          3137   167.7728729
          3138   167.8027507
          3139   167.8326178
          3140   167.8624849
          3141    167.892352
          3142   167.9222104
          3143   167.9520659
          3144   167.9819213
          3145   168.0117721
          3146   168.0416159
          3147   168.0714597
          3148    168.101303
          3149   168.1311351
          3150   168.1609673
          3151   168.1907994
          3152   168.2206235
          3153    168.250444
          3154   168.2802645
          3155   168.3100811
          3156     168.33989
          3157   168.3696989
          3158   168.3995078
          3159   168.4293053
          3160   168.4591025
          3161   168.4888998
          3162   168.5186898
          3163   168.5484755
          3164   168.5782612
          3165   168.6080437
          3166   168.6378178
          3167   168.6675919
          3168    168.697366
          3169   168.7271296
          3170   168.7568921
          3171   168.7866546
          3172   168.8164108
          3173   168.8461617
          3174   168.8759127
          3175   168.9056614
          3176   168.9354008
          3177   168.9651402
          3178   168.9948796
          3179   169.0246095
          3180   169.0543374
          3181   169.0840652
          3182   169.1137878
          3183   169.1435041
          3184   169.1732204
          3185   169.2029356
          3186   169.2326405
          3187   169.2623453
          3188   169.2920501
          3189   169.3217465
          3190   169.3514398
          3191   169.3811331
          3192   169.4108223
          3193   169.4405041
          3194   169.4701859
          3195   169.4998677
          3196   169.5295381
          3197   169.5592085
          3198   169.5888788
          3199    169.618542
          3200   169.6482008
          3201   169.6778597
          3202   169.7075157
          3203   169.7371631
          3204   169.7668105
          3205   169.7964579
          3206   169.8260952
          3207   169.8557312
          3208   169.8853672
          3209   169.9149973
          3210   169.9446219
          3211   169.9742464
          3212   170.0038694
          3213   170.0334825
          3214   170.0630956
          3215   170.0927087
          3216   170.1223132
          3217   170.1519149
          3218   170.1815166
          3219    170.211114
          3220   170.2407043
          3221   170.2702946
          3222   170.2998848
          3223   170.3294638
          3224   170.3590427
          3225   170.3886216
          3226   170.4181935
          3227    170.447761
          3228   170.4773285
          3229   170.5068934
          3230   170.5364495
          3231   170.5660056
          3232   170.5955618
          3233   170.6251083
          3234   170.6546531
          3235   170.6841979
          3236   170.7137374
          3237   170.7432708
          3238   170.7728043
          3239   170.8023368
          3240   170.8318589
          3241    170.861381
          3242   170.8909031
          3243   170.9204174
          3244   170.9499282
          3245    170.979439
          3246   171.0089463
          3247   171.0384458
          3248   171.0679453
          3249   171.0974447
          3250   171.1269339
          3251   171.1564221
          3252   171.1859102
          3253   171.2153925
          3254   171.2448694
          3255   171.2743463
          3256   171.3038217
          3257   171.3332873
          3258   171.3627529
          3259   171.3922185
          3260   171.4216758
          3261   171.4511302
          3262   171.4805845
          3263    171.510035
          3264   171.5394781
          3265   171.5689212
          3266   171.5983642
          3267   171.6277967
          3268   171.6572285
          3269   171.6866604
          3270   171.7160861
          3271   171.7455067
          3272   171.7749273
          3273   171.8043462
          3274   171.8337556
          3275    171.863165
          3276   171.8925744
          3277   171.9219753
          3278   171.9513735
          3279   171.9807717
          3280    172.010166
          3281   172.0395529
          3282   172.0689399
          3283   172.0983269
          3284   172.1277033
          3285   172.1570791
          3286   172.1864549
          3287   172.2158246
          3288   172.2451892
          3289   172.2745538
          3290   172.3039169
          3291   172.3332703
          3292   172.3626238
          3293   172.3919772
          3294   172.4213225
          3295   172.4506648
          3296   172.4800071
          3297   172.5093458
          3298   172.5386769
          3299   172.5680081
          3300   172.5973392
          3301   172.6266602
          3302   172.6559802
          3303   172.6853002
          3304   172.7146147
          3305   172.7439235
          3306   172.7732324
          3307   172.8025403
          3308   172.8318381
          3309   172.8611358
          3310   172.8904336
          3311   172.9197239
          3312   172.9490105
          3313   172.9782972
          3314    173.007581
          3315   173.0368566
          3316   173.0661321
          3317   173.0954077
          3318   173.1246739
          3319   173.1539384
          3320   173.1832029
          3321   173.2124627
          3322   173.2417161
          3323   173.2709695
          3324   173.3002229
          3325   173.3294652
          3326   173.3587076
          3327     173.38795
          3328   173.4171858
          3329   173.4464172
          3330   173.4756485
          3331   173.5048779
          3332   173.5340982
          3333   173.5633185
          3334   173.5925388
          3335   173.6217509
          3336   173.6509601
          3337   173.6801694
          3338   173.7093751
          3339   173.7385733
          3340   173.7677716
          3341   173.7969698
          3342   173.8261582
          3343   173.8553454
          3344   173.8845327
          3345   173.9137148
          3346    173.942891
          3347   173.9720673
          3348    174.001243
          3349   174.0304083
          3350   174.0595736
          3351   174.0887388
          3352   174.1178974
          3353   174.1470517
          3354    174.176206
          3355   174.2053582
          3356   174.2345016
          3357   174.2636449
          3358   174.2927882
          3359   174.3219233
          3360   174.3510557
          3361   174.3801881
          3362    174.409317
          3363   174.4384384
          3364   174.4675599
          3365   174.4966813
          3366   174.5257931
          3367   174.5549036
          3368   174.5840141
          3369   174.6131197
          3370   174.6422193
          3371   174.6713189
          3372   174.7004184
          3373   174.7295071
          3374   174.7585958
          3375   174.7876845
          3376   174.8167669
          3377   174.8458447
          3378   174.8749225
          3379   174.9039988
          3380   174.9330657
          3381   174.9621326
          3382   174.9911995
          3383   175.0202588
          3384   175.0493149
          3385   175.0783709
          3386   175.1074242
          3387   175.1364694
          3388   175.1655145
          3389   175.1945597
          3390   175.2235961
          3391   175.2526304
          3392   175.2816647
          3393    175.310695
          3394   175.3397185
          3395    175.368742
          3396   175.3977655
          3397    175.426779
          3398   175.4557916
          3399   175.4848043
          3400   175.5138117
          3401   175.5428136
          3402   175.5718154
          3403   175.6008169
          3404   175.6298079
          3405    175.658799
          3406     175.68779
          3407   175.7167747
          3408   175.7457549
          3409   175.7747352
          3410    175.803714
          3411   175.8326834
          3412   175.8616528
          3413   175.8906223
          3414   175.9195844
          3415   175.9485431
          3416   175.9775017
          3417   176.0064579
          3418   176.0354058
          3419   176.0643537
          3420   176.0933016
          3421   176.1222412
          3422   176.1511783
          3423   176.1801154
          3424   176.2090492
          3425   176.2379756
          3426   176.2669019
          3427   176.2958283
          3428   176.3247455
          3429   176.3536611
          3430   176.3825768
          3431   176.4114881
          3432    176.440393
          3433   176.4692979
          3434   176.4982029
          3435   176.5270977
          3436   176.5559919
          3437   176.5848861
          3438   176.6137752
          3439   176.6426587
          3440   176.6715422
          3441   176.7004255
          3442   176.7292983
          3443   176.7581711
          3444   176.7870439
          3445   176.8159108
          3446   176.8447729
          3447    176.873635
          3448   176.9024961
          3449   176.9313476
          3450    176.960199
          3451   176.9890504
          3452   177.0178953
          3453    177.046736
          3454   177.0755768
          3455   177.1044159
          3456    177.133246
          3457   177.1620762
          3458   177.1909063
          3459   177.2197291
          3460   177.2485486
          3461    177.277368
          3462   177.3061852
          3463   177.3349941
          3464   177.3638029
          3465   177.3926117
          3466   177.4214127
          3467   177.4502109
          3468   177.4790091
          3469   177.5078044
          3470    177.536592
          3471   177.5653796
          3472   177.5941672
          3473   177.6229464
          3474   177.6517234
          3475   177.6805004
          3476    177.709274
          3477   177.7380404
          3478   177.7668068
          3479   177.7955732
          3480   177.8243306
          3481   177.8530865
          3482   177.8818423
          3483   177.9105942
          3484   177.9393395
          3485   177.9680847
          3486     177.99683
          3487   178.0255658
          3488   178.0543005
          3489   178.0830352
          3490   178.1117656
          3491   178.1404897
          3492   178.1692139
          3493    178.197938
          3494   178.2266524
          3495    178.255366
          3496   178.2840796
          3497   178.3127885
          3498   178.3414915
          3499   178.3701946
          3500   178.3988977
          3501   178.4275906
          3502   178.4562832
          3503   178.4849757
          3504   178.5136633
          3505   178.5423453
          3506   178.5710273
          3507   178.5997094
          3508    178.628381
          3509   178.6570526
          3510   178.6857241
          3511   178.7143904
          3512   178.7430514
          3513   178.7717125
          3514   178.8003734
          3515    178.829024
          3516   178.8576745
          3517   178.8863251
          3518   178.9149702
          3519   178.9436103
          3520   178.9722504
          3521   179.0008902
          3522   179.0295198
          3523   179.0581495
          3524   179.0867791
          3525   179.1154031
          3526   179.1440223
          3527   179.1726415
          3528   179.2012602
          3529    179.229869
          3530   179.2584777
          3531   179.2870865
          3532   179.3156895
          3533   179.3442878
          3534   179.3728862
          3535   179.4014839
          3536   179.4300718
          3537   179.4586597
          3538   179.4872476
          3539   179.5158298
          3540   179.5444073
          3541   179.5729848
          3542   179.6015617
          3543   179.6301288
          3544   179.6586959
          3545    179.687263
          3546   179.7158243
          3547    179.744381
          3548   179.7729377
          3549   179.8014939
          3550   179.8300402
          3551   179.8585865
          3552   179.8871329
          3553   179.9156735
          3554   179.9442095
          3555   179.9727454
          3556   180.0012809
          3557   180.0298065
          3558   180.0583321
          3559   180.0868577
          3560   180.1153777
          3561    180.143893
          3562   180.1724082
          3563   180.2009231
          3564    180.229428
          3565    180.257933
          3566   180.2864379
          3567   180.3149374
          3568   180.3434319
          3569   180.3719265
          3570    180.400421
          3571   180.4289052
          3572   180.4573895
          3573   180.4858737
          3574   180.5143528
          3575   180.5428268
          3576   180.5713007
          3577   180.5997747
          3578   180.6282384
          3579    180.656702
          3580   180.6851657
          3581   180.7136244
          3582   180.7420778
          3583   180.7705311
          3584   180.7989845
          3585    180.827428
          3586    180.855871
          3587   180.8843141
          3588   180.9127526
          3589   180.9411854
          3590   180.9696182
          3591    180.998051
          3592   181.0264743
          3593   181.0548968
          3594   181.0833194
          3595   181.1117377
          3596     181.14015
          3597   181.1685623
          3598   181.1969746
          3599   181.2253778
          3600   181.2537798
          3601   181.2821819
          3602   181.3105802
          3603    181.338972
          3604   181.3673638
          3605   181.3957556
          3606   181.4241388
          3607   181.4525204
          3608    181.480902
          3609   181.5092803
          3610   181.5376517
          3611   181.5660231
          3612   181.5943945
          3613   181.6227577
          3614   181.6511189
          3615   181.6794801
          3616   181.7078385
          3617   181.7361895
          3618   181.7645405
          3619   181.7928915
          3620   181.8212349
          3621   181.8495757
          3622   181.8779165
          3623   181.9062551
          3624   181.9345858
          3625   181.9629164
          3626   181.9912471
          3627   182.0195707
          3628   182.0478912
          3629   182.0762117
          3630   182.1045305
          3631   182.1328409
          3632   182.1611512
          3633   182.1894616
          3634   182.2177655
          3635   182.2460657
          3636   182.2743659
          3637   182.3026652
          3638   182.3309552
          3639   182.3592453
          3640   182.3875353
          3641   182.4158197
          3642   182.4440997
          3643   182.4723796
          3644   182.5006593
          3645   182.5289292
          3646    182.557199
          3647   182.5854688
          3648   182.6137337
          3649   182.6419934
          3650   182.6702532
          3651   182.6985129
          3652    182.726763
          3653   182.7550127
          3654   182.7832623
          3655   182.8115078
          3656   182.8397473
          3657   182.8679869
          3658   182.8962264
          3659   182.9244572
          3660   182.9526867
          3661   182.9809162
          3662   183.0091424
          3663   183.0373618
          3664   183.0655812
          3665   183.0938006
          3666   183.1220121
          3667   183.1502215
          3668   183.1784308
          3669   183.2066378
          3670   183.2348371
          3671   183.2630364
          3672   183.2912357
          3673   183.3194281
          3674   183.3476173
          3675   183.3758066
          3676   183.4039944
          3677   183.4321737
          3678   183.4603529
          3679   183.4885321
          3680   183.5167054
          3681   183.5448746
          3682   183.5730439
          3683   183.6012126
          3684   183.6293718
          3685   183.6575311
          3686   183.6856903
          3687   183.7138445
          3688   183.7419938
          3689    183.770143
          3690   183.7982922
          3691    183.826432
          3692   183.8545712
          3693   183.8827104
          3694   183.9108458
          3695    183.938975
          3696   183.9671043
          3697   183.9952335
          3698   184.0233545
          3699   184.0514737
          3700    184.079593
          3701   184.1077095
          3702   184.1358189
          3703   184.1639282
          3704   184.1920375
          3705   184.2201396
          3706    184.248239
          3707   184.2763383
          3708   184.3044361
          3709   184.3325255
          3710    184.360615
          3711   184.3887044
          3712   184.4167878
          3713   184.4448673
          3714   184.4729468
          3715   184.5010259
          3716   184.5290955
          3717    184.557165
          3718   184.5852346
          3719   184.6132995
          3720   184.6413591
          3721   184.6694187
          3722   184.6974784
          3723    184.725529
          3724   184.7535788
          3725   184.7816285
          3726   184.8096748
          3727   184.8377147
          3728   184.8657545
          3729   184.8937943
          3730   184.9218265
          3731   184.9498565
          3732   184.9778864
          3733   185.0059143
          3734   185.0339344
          3735   185.0619544
          3736   185.0899745
          3737   185.1179883
          3738   185.1459985
          3739   185.1740087
          3740   185.2020182
          3741   185.2300186
          3742   185.2580189
          3743   185.2860193
          3744   185.3140147
          3745   185.3420052
          3746   185.3699957
          3747   185.3979862
          3748   185.4259676
          3749   185.4539483
          3750   185.4819289
          3751   185.5099061
          3752    185.537877
          3753   185.5658478
          3754   185.5938187
          3755   185.6217818
          3756   185.6497429
          3757   185.6777039
          3758   185.7056629
          3759   185.7336141
          3760   185.7615653
          3761   185.7895165
          3762   185.8174616
          3763    185.845403
          3764   185.8733444
          3765   185.9012854
          3766    185.929217
          3767   185.9571486
          3768   185.9850802
          3769   186.0130073
          3770   186.0409291
          3771   186.0688509
          3772   186.0967728
          3773   186.1246859
          3774    186.152598
          3775   186.1805101
          3776   186.2084192
          3777   186.2363215
          3778   186.2642237
          3779    186.292126
          3780   186.3200213
          3781   186.3479139
          3782   186.3758064
          3783   186.4036976
          3784   186.4315804
          3785   186.4594632
          3786    186.487346
          3787   186.5152235
          3788   186.5430965
          3789   186.5709696
          3790   186.5988426
          3791   186.6267063
          3792   186.6545697
          3793    186.682433
          3794   186.7102927
          3795   186.7381463
          3796   186.7659999
          3797   186.7938535
          3798   186.8216996
          3799   186.8495434
          3800   186.8773873
          3801   186.9052294
          3802   186.9330636
          3803   186.9608978
          3804    186.988732
          3805   187.0165604
          3806   187.0443849
          3807   187.0722094
          3808   187.1000339
          3809   187.1278487
          3810   187.1556635
          3811   187.1834783
          3812   187.2112892
          3813   187.2390944
          3814   187.2668995
          3815   187.2947047
          3816    187.322502
          3817   187.3502975
          3818   187.3780929
          3819   187.4058864
          3820   187.4336722
          3821    187.461458
          3822   187.4892438
          3823   187.5170238
          3824   187.5447999
          3825   187.5725761
          3826   187.6003522
          3827   187.6281187
          3828   187.6558852
          3829   187.6836518
          3830   187.7114144
          3831   187.7391713
          3832   187.7669282
          3833   187.7946851
          3834   187.8224342
          3835   187.8501815
          3836   187.8779288
          3837   187.9056741
          3838   187.9334118
          3839   187.9611495
          3840   187.9888872
          3841   188.0166191
          3842   188.0443472
          3843   188.0720753
          3844   188.0998033
          3845   188.1275219
          3846   188.1552404
          3847   188.1829589
          3848   188.2106737
          3849   188.2383826
          3850   188.2660915
          3851   188.2938004
          3852   188.3215019
          3853   188.3492012
          3854   188.3769005
          3855   188.4045983
          3856    188.432288
          3857   188.4599778
          3858   188.4876676
          3859    188.515352
          3860   188.5430322
          3861   188.5707124
          3862   188.5983926
          3863   188.6260639
          3864   188.6537345
          3865   188.6814052
          3866   188.7090727
          3867   188.7367338
          3868    188.764395
          3869   188.7920561
          3870   188.8197104
          3871    188.847362
          3872   188.8750136
          3873   188.9026643
          3874   188.9303063
          3875   188.9579484
          3876   188.9855905
          3877    189.013228
          3878   189.0408606
          3879   189.0684931
          3880   189.0961257
          3881   189.1237501
          3882   189.1513731
          3883   189.1789962
          3884    189.206617
          3885   189.2342305
          3886   189.2618441
          3887   189.2894576
          3888   189.3170653
          3889   189.3446694
          3890   189.3722735
          3891   189.3998776
          3892   189.4274722
          3893   189.4550668
          3894   189.4826614
          3895   189.5102525
          3896   189.5378376
          3897   189.5654228
          3898   189.5930079
          3899    189.620586
          3900   189.6481616
          3901   189.6757373
          3902   189.7033119
          3903   189.7308781
          3904   189.7584443
          3905   189.7860105
          3906   189.8135721
          3907   189.8411289
          3908   189.8686857
          3909   189.8962424
          3910   189.9237911
          3911   189.9513384
          3912   189.9788858
          3913   190.0064309
          3914   190.0339689
          3915   190.0615068
          3916   190.0890447
          3917    190.116577
          3918   190.1441055
          3919    190.171634
          3920   190.1991625
          3921   190.2266819
          3922    190.254201
          3923   190.2817201
          3924   190.3092361
          3925   190.3367458
          3926   190.3642555
          3927   190.3917652
          3928   190.4192683
          3929   190.4467686
          3930    190.474269
          3931   190.5017687
          3932   190.5292596
          3933   190.5567506
          3934   190.5842415
          3935   190.6117284
          3936     190.63921
          3937   190.6666916
          3938   190.6941731
          3939   190.7216473
          3940   190.7491195
          3941   190.7765917
          3942   190.8040626
          3943   190.8315254
          3944   190.8589883
          3945   190.8864511
          3946   190.9139092
          3947   190.9413627
          3948   190.9688162
          3949   190.9962698
          3950   191.0237152
          3951   191.0511594
          3952   191.0786035
          3953   191.1060456
          3954   191.1334805
          3955   191.1609153
          3956   191.1883502
          3957   191.2157797
          3958   191.2432052
          3959   191.2706307
          3960   191.2980562
          3961   191.3254731
          3962   191.3528893
          3963   191.3803055
          3964   191.4077191
          3965    191.435126
          3966   191.4625329
          3967   191.4899398
          3968   191.5173409
          3969   191.5447385
          3970   191.5721361
          3971   191.5995337
          3972   191.6269222
          3973   191.6543105
          3974   191.6816989
          3975   191.7090841
          3976   191.7364632
          3977   191.7638422
          3978   191.7912213
          3979   191.8185941
          3980   191.8459639
          3981   191.8733336
          3982   191.9007032
          3983   191.9280637
          3984   191.9554243
          3985   191.9827848
          3986   192.0101419
          3987   192.0374932
          3988   192.0648444
          3989   192.0921957
          3990   192.1195404
          3991   192.1468824
          3992   192.1742245
          3993    192.201566
          3994   192.2288988
          3995   192.2562316
          3996   192.2835644
          3997   192.3108935
          3998   192.3382171
          3999   192.3655407
          4000   192.3928643
          4001    192.420181
          4002   192.4474954
          4003   192.4748098
          4004   192.5021234
          4005   192.5294286
          4006   192.5567337
          4007   192.5840389
          4008   192.6113402
          4009   192.6386362
          4010   192.6659321
          4011   192.6932281
          4012   192.7205171
          4013   192.7478039
          4014   192.7750906
          4015   192.8023766
          4016   192.8296542
          4017   192.8569318
          4018   192.8842093
          4019   192.9114831
          4020   192.9387515
          4021   192.9660199
          4022   192.9932883
          4023   193.0205498
          4024    193.047809
          4025   193.0750683
          4026   193.1023267
          4027   193.1295768
          4028   193.1568269
          4029    193.184077
          4030   193.2113233
          4031   193.2385642
          4032   193.2658052
          4033   193.2930461
          4034   193.3202802
          4035    193.347512
          4036   193.3747438
          4037    193.401975
          4038   193.4291976
          4039   193.4564203
          4040   193.4836429
          4041    193.510862
          4042   193.5380755
          4043   193.5652891
          4044   193.5925026
          4045   193.6197095
          4046    193.646914
          4047   193.6741184
          4048   193.7013224
          4049   193.7285177
          4050    193.755713
          4051   193.7829083
          4052   193.8101003
          4053   193.8372865
          4054   193.8644727
          4055   193.8916589
          4056   193.9188389
          4057    193.946016
          4058   193.9731931
          4059   194.0003701
          4060   194.0275382
          4061   194.0547062
          4062   194.0818743
          4063   194.1090393
          4064   194.1361983
          4065   194.1633573
          4066   194.1905163
          4067   194.2176693
          4068   194.2448192
          4069   194.2719692
          4070   194.2991191
          4071   194.3262602
          4072   194.3534011
          4073   194.3805419
          4074   194.4076802
          4075    194.434812
          4076   194.4619438
          4077   194.4890757
          4078   194.5162021
          4079   194.5433248
          4080   194.5704476
          4081   194.5975704
          4082   194.6246849
          4083   194.6517986
          4084   194.6789124
          4085   194.7060241
          4086   194.7331288
          4087   194.7602335
          4088   194.7873383
          4089   194.8144382
          4090   194.8415339
          4091   194.8686296
          4092   194.8957253
          4093   194.9228134
          4094   194.9499001
          4095   194.9769867
          4096   195.0040721
          4097   195.0311498
          4098   195.0582275
          4099   195.0853052
          4100   195.1123787
          4101   195.1394474
          4102   195.1665161
          4103   195.1935848
          4104   195.2206467
          4105   195.2477064
          4106   195.2747661
          4107   195.3018252
          4108    195.328876
          4109   195.3559267
          4110   195.3829775
          4111   195.4100249
          4112   195.4370667
          4113   195.4641085
          4114   195.4911502
          4115    195.518186
          4116   195.5452188
          4117   195.5722516
          4118   195.5992845
          4119   195.6263086
          4120   195.6533324
          4121   195.6803563
          4122   195.7073777
          4123   195.7343927
          4124   195.7614076
          4125   195.7884225
          4126   195.8154324
          4127   195.8424384
          4128   195.8694444
          4129   195.8964504
          4130   195.9234486
          4131   195.9504457
          4132   195.9774428
          4133   196.0044384
          4134   196.0314265
          4135   196.0584147
          4136   196.0854028
          4137   196.1123869
          4138   196.1393662
          4139   196.1663454
          4140   196.1933246
          4141   196.2202972
          4142   196.2472675
          4143   196.2742379
          4144   196.3012078
          4145   196.3281693
          4146   196.3551308
          4147   196.3820922
          4148   196.4090507
          4149   196.4360032
          4150   196.4629558
          4151   196.4899084
          4152   196.5168554
          4153   196.5437991
          4154   196.5707428
          4155   196.5976865
          4156   196.6246221
          4157   196.6515569
          4158   196.6784917
          4159   196.7054248
          4160   196.7323507
          4161   196.7592767
          4162   196.7862027
          4163   196.8131243
          4164   196.8400414
          4165   196.8669585
          4166   196.8938757
          4167   196.9207859
          4168   196.9476942
          4169   196.9746025
          4170   197.0015103
          4171   197.0284097
          4172   197.0553091
          4173   197.0822086
          4174    197.109105
          4175   197.1359956
          4176   197.1628862
          4177   197.1897768
          4178    197.216662
          4179   197.2435438
          4180   197.2704255
          4181   197.2973073
          4182   197.3241812
          4183   197.3510542
          4184   197.3779271
          4185   197.4047985
          4186   197.4316627
          4187   197.4585269
          4188    197.485391
          4189   197.5122512
          4190   197.5391066
          4191    197.565962
          4192   197.5928173
          4193   197.6196663
          4194   197.6465129
          4195   197.6733594
          4196    197.700206
          4197   197.7270438
          4198   197.7538816
          4199   197.7807194
          4200   197.8075547
          4201   197.8343838
          4202   197.8612128
          4203   197.8880418
          4204    197.914866
          4205   197.9416863
          4206   197.9685065
          4207   197.9953268
          4208   198.0221399
          4209   198.0489514
          4210   198.0757629
          4211   198.1025736
          4212   198.1293763
          4213   198.1561791
          4214   198.1829819
          4215   198.2097814
          4216   198.2365755
          4217   198.2633695
          4218   198.2901635
          4219    198.316952
          4220   198.3437373
          4221   198.3705226
          4222   198.3973079
          4223   198.4240853
          4224   198.4508619
          4225   198.4776385
          4226   198.5044136
          4227   198.5311815
          4228   198.5579493
          4229   198.5847172
          4230   198.6114813
          4231   198.6382404
          4232   198.6649996
          4233   198.6917587
          4234   198.7185119
          4235   198.7452623
          4236   198.7720127
          4237   198.7987632
          4238   198.8255053
          4239   198.8522471
          4240   198.8789888
          4241   198.9057287
          4242   198.9324618
          4243   198.9591949
          4244   198.9859279
          4245   199.0126569
          4246   199.0393813
          4247   199.0661057
          4248   199.0928301
          4249   199.1195481
          4250   199.1462638
          4251   199.1729795
          4252   199.1996953
          4253   199.2264024
          4254   199.2531095
          4255   199.2798165
          4256   199.3065215
          4257   199.3332199
          4258   199.3599183
          4259   199.3866167
          4260   199.4133108
          4261   199.4400005
          4262   199.4666903
          4263   199.4933801
          4264   199.5200633
          4265   199.5467444
          4266   199.5734256
          4267   199.6001066
          4268   199.6267791
          4269   199.6534516
          4270   199.6801241
          4271   199.7067944
          4272   199.7334583
          4273   199.7601221
          4274    199.786786
          4275   199.8134455
          4276   199.8401008
          4277    199.866756
          4278   199.8934113
          4279   199.9200601
          4280   199.9467067
          4281   199.9733534
          4282           200
          4283    200.026638
          4284   200.0532761
          4285   200.0799141
          4286   200.1065501
          4287   200.1331795
          4288    200.159809
          4289   200.1864384
          4290   200.2130637
          4291   200.2396846
          4292   200.2663054
          4293   200.2929263
          4294   200.3195409
          4295   200.3461532
          4296   200.3727655
          4297   200.3993778
          4298   200.4259817
          4299   200.4525854
          4300   200.4791891
          4301    200.505791
          4302   200.5323862
          4303   200.5589813
          4304   200.5855765
          4305   200.6121677
          4306   200.6387544
          4307    200.665341
          4308   200.6919276
          4309   200.7185082
          4310   200.7450863
          4311   200.7716644
          4312   200.7982424
          4313   200.8248125
          4314   200.8513821
          4315   200.8779516
          4316   200.9045197
          4317   200.9310807
          4318   200.9576417
          4319   200.9842027
          4320   201.0107602
          4321   201.0373127
          4322   201.0638652
          4323   201.0904177
          4324   201.1169647
          4325   201.1435087
          4326   201.1700526
          4327   201.1965966
          4328   201.2231331
          4329   201.2496686
          4330    201.276204
          4331   201.3027386
          4332   201.3292656
          4333   201.3557925
          4334   201.3823195
          4335   201.4088436
          4336   201.4353621
          4337   201.4618806
          4338    201.488399
          4339   201.5149127
          4340   201.5414227
          4341   201.5679327
          4342   201.5944427
          4343   201.6209459
          4344   201.6474474
          4345   201.6739489
          4346   201.7004503
          4347   201.7269433
          4348   201.7534364
          4349   201.7799294
          4350   201.8064204
          4351    201.832905
          4352   201.8593895
          4353   201.8858741
          4354   201.9123547
          4355   201.9388309
          4356    201.965307
          4357   201.9917831
          4358   202.0182534
          4359   202.0447211
          4360   202.0711888
          4361   202.0976564
          4362   202.1241164
          4363   202.1505756
          4364   202.1770349
          4365    202.203493
          4366   202.2299438
          4367   202.2563946
          4368   202.2828454
          4369   202.3092933
          4370   202.3357356
          4371    202.362178
          4372   202.3886204
          4373    202.415058
          4374   202.4414919
          4375   202.4679259
          4376   202.4943599
          4377   202.5207872
          4378   202.5472128
          4379   202.5736383
          4380   202.6000639
          4381    202.626481
          4382   202.6528982
          4383   202.6793153
          4384   202.7057307
          4385   202.7321394
          4386   202.7585482
          4387    202.784957
          4388   202.8113621
          4389   202.8377625
          4390   202.8641629
          4391   202.8905632
          4392   202.9169582
          4393   202.9433502
          4394   202.9697422
          4395   202.9961342
          4396   203.0225191
          4397   203.0489027
          4398   203.0752863
          4399   203.1016694
          4400   203.1280447
          4401   203.1544199
          4402   203.1807952
          4403   203.2071682
          4404   203.2335351
          4405    203.259902
          4406   203.2862689
          4407   203.3126318
          4408   203.3389904
          4409   203.3653489
          4410   203.3917075
          4411   203.4180603
          4412   203.4444105
          4413   203.4707608
          4414    203.497111
          4415   203.5234538
          4416   203.5497956
          4417   203.5761375
          4418   203.6024786
          4419   203.6288122
          4420   203.6551457
          4421   203.6814793
          4422   203.7078104
          4423   203.7341356
          4424   203.7604608
          4425   203.7867861
          4426   203.8131072
          4427   203.8394241
          4428    203.865741
          4429    203.892058
          4430   203.9183691
          4431   203.9446777
          4432   203.9709863
          4433   203.9972949
          4434   204.0235961
          4435   204.0498964
          4436   204.0761968
          4437   204.1024963
          4438   204.1287883
          4439   204.1550804
          4440   204.1813724
          4441    204.207662
          4442   204.2339458
          4443   204.2602295
          4444   204.2865133
          4445    204.312793
          4446   204.3390685
          4447   204.3653439
          4448   204.3916194
          4449   204.4178893
          4450   204.4441565
          4451   204.4704237
          4452   204.4966909
          4453   204.5229509
          4454   204.5492098
          4455   204.5754688
          4456   204.6017272
          4457   204.6279779
          4458   204.6542286
          4459   204.6804793
          4460   204.7067279
          4461   204.7329703
          4462   204.7592128
          4463   204.7854552
          4464    204.811694
          4465   204.8379282
          4466   204.8641624
          4467   204.8903966
          4468   204.9166256
          4469   204.9428516
          4470   204.9690776
          4471   204.9953036
          4472   205.0215228
          4473   205.0477406
          4474   205.0739583
          4475    205.100176
          4476   205.1263856
          4477   205.1525951
          4478   205.1788046
          4479   205.2050126
          4480    205.231214
          4481   205.2574153
          4482   205.2836166
          4483   205.3098149
          4484    205.336008
          4485   205.3622011
          4486   205.3883943
          4487   205.4145828
          4488   205.4407678
          4489   205.4669527
          4490   205.4931376
          4491   205.5193165
          4492   205.5454933
          4493     205.57167
          4494   205.5978468
          4495    205.624016
          4496   205.6501846
          4497   205.6763532
          4498   205.7025209
          4499   205.7286813
          4500   205.7548417
          4501   205.7810021
          4502   205.8071603
          4503   205.8333125
          4504   205.8594648
          4505    205.885617
          4506   205.9117656
          4507   205.9379096
          4508   205.9640537
          4509   205.9901978
          4510   206.0163367
          4511   206.0424727
          4512   206.0686086
          4513   206.0947445
          4514   206.1208739
          4515   206.1470017
          4516   206.1731295
          4517   206.1992573
          4518   206.2253771
          4519   206.2514968
          4520   206.2776164
          4521   206.3037349
          4522   206.3298464
          4523   206.3559579
          4524   206.3820694
          4525   206.4081784
          4526   206.4342818
          4527   206.4603852
          4528   206.4864886
          4529    206.512588
          4530   206.5386833
          4531   206.5647786
          4532   206.5908739
          4533   206.6169639
          4534    206.643051
          4535   206.6691382
          4536   206.6952253
          4537   206.7213059
          4538    206.747385
          4539    206.773464
          4540   206.7995431
          4541   206.8256142
          4542   206.8516852
          4543   206.8777561
          4544   206.9038259
          4545   206.9298888
          4546   206.9559517
          4547   206.9820146
          4548    207.008075
          4549   207.0341298
          4550   207.0601846
          4551   207.0862394
          4552   207.1122904
          4553   207.1383371
          4554   207.1643838
          4555   207.1904306
          4556   207.2164722
          4557   207.2425109
          4558   207.2685495
          4559   207.2945882
          4560   207.3206205
          4561   207.3466511
          4562   207.3726817
          4563   207.3987123
          4564   207.4247353
          4565   207.4507578
          4566   207.4767804
          4567   207.5028021
          4568   207.5288166
          4569   207.5548311
          4570   207.5808456
          4571    207.606858
          4572   207.6328645
          4573    207.658871
          4574   207.6848774
          4575   207.7108805
          4576    207.736879
          4577   207.7628774
          4578   207.7888759
          4579   207.8148697
          4580   207.8408602
          4581   207.8668506
          4582    207.892841
          4583   207.9188256
          4584    207.944808
          4585   207.9707904
          4586   207.9967728
          4587   208.0227482
          4588   208.0487226
          4589    208.074697
          4590   208.1006712
          4591   208.1266376
          4592    208.152604
          4593   208.1785704
          4594   208.2045354
          4595   208.2304938
          4596   208.2564522
          4597   208.2824106
          4598   208.3083665
          4599   208.3343169
          4600   208.3602673
          4601   208.3862177
          4602   208.4121644
          4603   208.4381068
          4604   208.4640492
          4605   208.4899917
          4606   208.5159292
          4607   208.5418637
          4608   208.5677981
          4609   208.5937326
          4610    208.619661
          4611   208.6455875
          4612    208.671514
          4613   208.6974405
          4614   208.7233598
          4615   208.7492783
          4616   208.7751969
          4617   208.8011151
          4618   208.8270256
          4619   208.8529362
          4620   208.8788468
          4621   208.9047559
          4622   208.9306586
          4623   208.9565612
          4624   208.9824638
          4625   209.0083639
          4626   209.0342586
          4627   209.0601533
          4628    209.086048
          4629    209.111939
          4630   209.1378258
          4631   209.1637125
          4632   209.1895993
          4633   209.2154813
          4634   209.2413602
          4635    209.267239
          4636   209.2931178
          4637   209.3189909
          4638   209.3448618
          4639   209.3707327
          4640   209.3966036
          4641   209.4224677
          4642   209.4483307
          4643   209.4741937
          4644   209.5000567
          4645   209.5259118
          4646   209.5517669
          4647    209.577622
          4648   209.6034761
          4649   209.6293233
          4650   209.6551705
          4651   209.6810177
          4652   209.7068628
          4653   209.7327021
          4654   209.7585414
          4655   209.7843807
          4656   209.8102169
          4657   209.8360484
          4658   209.8618798
          4659   209.8877112
          4660   209.9135385
          4661   209.9393621
          4662   209.9651857
          4663   209.9910092
          4664   210.0168276
          4665   210.0426433
          4666    210.068459
          4667   210.0942747
          4668   210.1200843
          4669   210.1458921
          4670   210.1716999
          4671   210.1975077
          4672   210.2233085
          4673   210.2491084
          4674   210.2749084
          4675   210.3007081
          4676   210.3265003
          4677   210.3522924
          4678   210.3780845
          4679   210.4038754
          4680   210.4296597
          4681    210.455444
          4682   210.4812283
          4683   210.5070104
          4684   210.5327869
          4685   210.5585633
          4686   210.5843397
          4687   210.6101131
          4688   210.6358817
          4689   210.6616503
          4690   210.6874189
          4691   210.7131835
          4692   210.7389443
          4693   210.7647051
          4694   210.7904659
          4695   210.8162218
          4696   210.8419748
          4697   210.8677277
          4698   210.8934807
          4699   210.9192278
          4700    210.944973
          4701   210.9707182
          4702   210.9964633
          4703   211.0222018
          4704   211.0479391
          4705   211.0736765
          4706   211.0994139
          4707   211.1251436
          4708   211.1508732
          4709   211.1766028
          4710   211.2023316
          4711   211.2280534
          4712   211.2537752
          4713    211.279497
          4714   211.3052172
          4715   211.3309312
          4716   211.3566452
          4717   211.3823592
          4718   211.4080707
          4719    211.433777
          4720   211.4594832
          4721   211.4851894
          4722   211.5108923
          4723   211.5365908
          4724   211.5622893
          4725   211.5879877
          4726    211.613682
          4727   211.6393727
          4728   211.6650634
          4729   211.6907541
          4730   211.7164399
          4731   211.7421228
          4732   211.7678057
          4733   211.7934887
          4734   211.8191658
          4735    211.844841
          4736   211.8705162
          4737   211.8961914
          4738     211.92186
          4739   211.9475275
          4740   211.9731949
          4741   211.9988624
          4742   212.0245225
          4743   212.0501822
          4744   212.0758419
          4745   212.1015012
          4746   212.1271532
          4747   212.1528051
          4748   212.1784571
          4749   212.2041079
          4750   212.2297522
          4751   212.2553964
          4752   212.2810407
          4753    212.306683
          4754   212.3323195
          4755   212.3579561
          4756   212.3835926
          4757   212.4092264
          4758   212.4348553
          4759   212.4604841
          4760    212.486113
          4761   212.5117383
          4762   212.5373594
          4763   212.5629806
          4764   212.5886017
          4765   212.6142186
          4766   212.6398321
          4767   212.6654455
          4768    212.691059
          4769   212.7166674
          4770   212.7422732
          4771    212.767879
          4772   212.7934847
          4773   212.8190848
          4774   212.8446829
          4775    212.870281
          4776    212.895879
          4777   212.9214707
          4778   212.9470611
          4779   212.9726515
          4780   212.9982419
          4781   213.0238252
          4782   213.0494079
          4783   213.0749907
          4784   213.1005733
          4785   213.1261483
          4786   213.1517234
          4787   213.1772985
          4788   213.2028727
          4789   213.2284402
          4790   213.2540076
          4791    213.279575
          4792   213.3051409
          4793   213.3307007
          4794   213.3562605
          4795   213.3818203
          4796   213.4073778
          4797     213.43293
          4798   213.4584821
          4799   213.4840343
          4800   213.5095835
          4801   213.5351281
          4802   213.5606726
          4803   213.5862171
          4804   213.6117581
          4805   213.6372949
          4806   213.6628318
          4807   213.6883687
          4808   213.7139014
          4809   213.7394307
          4810   213.7649599
          4811   213.7904892
          4812   213.8160137
          4813   213.8415353
          4814    213.867057
          4815   213.8925786
          4816   213.9180949
          4817   213.9436089
          4818   213.9691229
          4819    213.994637
          4820    214.020145
          4821   214.0456514
          4822   214.0711579
          4823   214.0966643
          4824   214.1221641
          4825    214.147663
          4826   214.1731618
          4827   214.1986606
          4828   214.2241523
          4829   214.2496435
          4830   214.2751348
          4831   214.3006258
          4832   214.3261095
          4833   214.3515932
          4834   214.3770768
          4835   214.4025598
          4836   214.4280358
          4837   214.4535119
          4838    214.478988
          4839   214.5044628
          4840   214.5299313
          4841   214.5553998
          4842   214.5808684
          4843    214.606335
          4844    214.631796
          4845   214.6572569
          4846   214.6827179
          4847   214.7081764
          4848   214.7336298
          4849   214.7590832
          4850   214.7845366
          4851   214.8099871
          4852   214.8354329
          4853   214.8608788
          4854   214.8863246
          4855    214.911767
          4856   214.9372053
          4857   214.9626436
          4858   214.9880819
          4859   215.0135162
          4860    215.038947
          4861   215.0643778
          4862   215.0898086
          4863   215.1152348
          4864   215.1406581
          4865   215.1660813
          4866   215.1915046
          4867   215.2169228
          4868   215.2423385
          4869   215.2677543
          4870     215.29317
          4871   215.3185802
          4872   215.3439884
          4873   215.3693966
          4874   215.3948048
          4875    215.420207
          4876   215.4456077
          4877   215.4710084
          4878   215.4964091
          4879   215.5218034
          4880   215.5471966
          4881   215.5725898
          4882   215.5979829
          4883   215.6233692
          4884   215.6487549
          4885   215.6741406
          4886   215.6995263
          4887   215.7249046
          4888   215.7502828
          4889    215.775661
          4890   215.8010389
          4891   215.8264097
          4892   215.8517804
          4893   215.8771511
          4894   215.9025211
          4895   215.9278843
          4896   215.9532475
          4897   215.9786108
          4898   216.0039728
          4899   216.0293286
          4900   216.0546844
          4901   216.0800401
          4902   216.1053943
          4903   216.1307426
          4904   216.1560909
          4905   216.1814392
          4906   216.2067855
          4907   216.2321263
          4908   216.2574672
          4909    216.282808
          4910   216.3081465
          4911   216.3334799
          4912   216.3588132
          4913   216.3841466
          4914   216.4094772
          4915   216.4348032
          4916   216.4601291
          4917   216.4854551
          4918   216.5107778
          4919   216.5360963
          4920   216.5614148
          4921   216.5867333
          4922   216.6120483
          4923   216.6373594
          4924   216.6626704
          4925   216.6879815
          4926   216.7132886
          4927   216.7385923
          4928   216.7638959
          4929   216.7891996
          4930   216.8144989
          4931   216.8397952
          4932   216.8650914
          4933   216.8903876
          4934   216.9156792
          4935    216.940968
          4936   216.9662568
          4937   216.9915456
          4938   217.0168295
          4939   217.0421109
          4940   217.0673923
          4941   217.0926737
          4942   217.1179498
          4943   217.1432238
          4944   217.1684978
          4945   217.1937718
          4946   217.2190402
          4947   217.2443068
          4948   217.2695734
          4949     217.29484
          4950   217.3201007
          4951   217.3453599
          4952   217.3706191
          4953   217.3958783
          4954   217.4211313
          4955   217.4463832
          4956    217.471635
          4957   217.4968868
          4958   217.5221322
          4959   217.5473766
          4960   217.5726211
          4961   217.5978655
          4962   217.6231032
          4963   217.6483403
          4964   217.6735774
          4965   217.6988144
          4966   217.7240445
          4967   217.7492742
          4968   217.7745039
          4969   217.7997336
          4970    217.824956
          4971   217.8501784
          4972   217.8754008
          4973   217.9006229
          4974   217.9258379
          4975   217.9510529
          4976   217.9762679
          4977   218.0014825
          4978   218.0266901
          4979   218.0518978
          4980   218.0771055
          4981   218.1023124
          4982   218.1275127
          4983   218.1527131
          4984   218.1779134
          4985   218.2031128
          4986   218.2283058
          4987   218.2534988
          4988   218.2786917
          4989   218.3038836
          4990   218.3290692
          4991   218.3542549
          4992   218.3794405
          4993   218.4046249
          4994   218.4298032
          4995   218.4549815
          4996   218.4801599
          4997   218.5053366
          4998   218.5305077
          4999   218.5556787
          5000   218.5808497
          5001    218.606019
          5002   218.6311827
          5003   218.6563464
          5004   218.6815101
          5005   218.7066719
          5006   218.7318283
          5007   218.7569847
          5008   218.7821411
          5009   218.8072954
          5010   218.8324445
          5011   218.8575936
          5012   218.8827427
          5013   218.9078896
          5014   218.9330314
          5015   218.9581732
          5016    218.983315
          5017   219.0084544
          5018    219.033589
          5019   219.0587235
          5020    219.083858
          5021     219.10899
          5022   219.1341172
          5023   219.1592445
          5024   219.1843718
          5025   219.2094963
          5026   219.2346163
          5027   219.2597363
          5028   219.2848562
          5029   219.3099733
          5030   219.3350861
          5031   219.3601988
          5032   219.3853115
          5033   219.4104212
          5034   219.4355267
          5035   219.4606322
          5036   219.4857376
          5037     219.51084
          5038   219.5359382
          5039   219.5610364
          5040   219.5861346
          5041   219.6112296
          5042   219.6363206
          5043   219.6614115
          5044   219.6865025
          5045   219.7115901
          5046   219.7366738
          5047   219.7617576
          5048   219.7868413
          5049   219.8119216
          5050   219.8369981
          5051   219.8620746
          5052   219.8871511
          5053    219.912224
          5054   219.9372933
          5055   219.9623626
          5056   219.9874318
          5057   220.0124975
          5058   220.0375595
          5059   220.0626216
          5060   220.0876836
          5061    220.112742
          5062   220.1377968
          5063   220.1628517
          5064   220.1879065
          5065   220.2129576
          5066   220.2380052
          5067   220.2630528
          5068   220.2881004
          5069   220.3131443
          5070   220.3381847
          5071   220.3632251
          5072   220.3882655
          5073   220.4133021
          5074   220.4383353
          5075   220.4633685
          5076   220.4884017
          5077   220.5134311
          5078   220.5384571
          5079   220.5634831
          5080   220.5885092
          5081   220.6135313
          5082   220.6385501
          5083    220.663569
          5084   220.6885878
          5085   220.7136028
          5086   220.7386144
          5087   220.7636261
          5088   220.7886377
          5089   220.8136455
          5090     220.83865
          5091   220.8636545
          5092   220.8886589
          5093   220.9136595
          5094   220.9386568
          5095   220.9636541
          5096   220.9886515
          5097   221.0136449
          5098    221.038635
          5099   221.0636252
          5100   221.0886153
          5101   221.1136016
          5102   221.1385846
          5103   221.1635676
          5104   221.1885506
          5105   221.2135297
          5106   221.2385056
          5107   221.2634814
          5108   221.2884573
          5109   221.3134293
          5110    221.338398
          5111   221.3633667
          5112   221.3883354
          5113   221.4133003
          5114   221.4382619
          5115   221.4632235
          5116    221.488185
          5117   221.5131429
          5118   221.5380973
          5119   221.5630517
          5120   221.5880062
          5121   221.6129569
          5122   221.6379042
          5123   221.6628516
          5124   221.6877989
          5125   221.7127425
          5126   221.7376827
          5127   221.7626229
          5128   221.7875631
          5129   221.8124998
          5130   221.8374328
          5131   221.8623659
          5132    221.887299
          5133   221.9122286
          5134   221.9371546
          5135   221.9620806
          5136   221.9870065
          5137   222.0119291
          5138    222.036848
          5139   222.0617669
          5140   222.0866857
          5141   222.1116013
          5142   222.1365131
          5143   222.1614249
          5144   222.1863366
          5145   222.2112452
          5146   222.2361499
          5147   222.2610546
          5148   222.2859593
          5149   222.3108609
          5150   222.3357585
          5151   222.3606561
          5152   222.3855537
          5153   222.4104483
          5154   222.4353389
          5155   222.4602294
          5156   222.4851199
          5157   222.5100076
          5158   222.5348911
          5159   222.5597745
          5160    222.584658
          5161   222.6095387
          5162   222.6344151
          5163   222.6592915
          5164   222.6841679
          5165   222.7090417
          5166    222.733911
          5167   222.7587804
          5168   222.7836497
          5169   222.8085166
          5170   222.8333789
          5171   222.8582412
          5172   222.8831034
          5173   222.9079635
          5174   222.9328187
          5175   222.9576739
          5176   222.9825292
          5177   223.0073823
          5178   223.0322305
          5179   223.0570787
          5180   223.0819269
          5181   223.1067731
          5182   223.1316143
          5183   223.1564554
          5184   223.1812966
          5185    223.206136
          5186   223.2309701
          5187   223.2558042
          5188   223.2806384
          5189   223.3054709
          5190    223.330298
          5191   223.3551251
          5192   223.3799522
          5193    223.404778
          5194    223.429598
          5195   223.4544181
          5196   223.4792382
          5197   223.5040571
          5198   223.5288702
          5199   223.5536833
          5200   223.5784963
          5201   223.6033085
          5202   223.6281145
          5203   223.6529206
          5204   223.6777266
          5205    223.702532
          5206    223.727331
          5207   223.7521301
          5208   223.7769292
          5209   223.8017277
          5210   223.8265198
          5211   223.8513119
          5212   223.8761039
          5213   223.9008957
          5214   223.9256808
          5215   223.9504659
          5216    223.975251
          5217    224.000036
          5218   224.0248141
          5219   224.0495922
          5220   224.0743703
          5221   224.0991484
          5222   224.1239197
          5223   224.1486909
          5224    224.173462
          5225   224.1982331
          5226   224.2229977
          5227   224.2477619
          5228    224.272526
          5229   224.2972902
          5230   224.3220481
          5231   224.3468053
          5232   224.3715624
          5233   224.3963196
          5234   224.4210709
          5235   224.4458211
          5236   224.4705713
          5237   224.4953215
          5238   224.5200661
          5239   224.5448094
          5240   224.5695526
          5241   224.5942959
          5242   224.6190338
          5243   224.6437701
          5244   224.6685064
          5245   224.6932427
          5246    224.717974
          5247   224.7427034
          5248   224.7674327
          5249   224.7921621
          5250   224.8168868
          5251   224.8416092
          5252   224.8663316
          5253   224.8910541
          5254   224.9157721
          5255   224.9404876
          5256   224.9652031
          5257   224.9899186
          5258     225.01463
          5259   225.0393386
          5260   225.0640471
          5261   225.0887557
          5262   225.1134605
          5263   225.1381622
          5264   225.1628638
          5265   225.1875655
          5266   225.2122637
          5267   225.2369585
          5268   225.2616532
          5269    225.286348
          5270   225.3110396
          5271   225.3357275
          5272   225.3604153
          5273   225.3851031
          5274   225.4097882
          5275   225.4344692
          5276   225.4591501
          5277    225.483831
          5278   225.5085096
          5279   225.5331836
          5280   225.5578577
          5281   225.5825317
          5282   225.6072037
          5283   225.6318709
          5284    225.656538
          5285   225.6812052
          5286   225.7058707
          5287   225.7305309
          5288   225.7551912
          5289   225.7798515
          5290   225.8045105
          5291   225.8291638
          5292   225.8538172
          5293   225.8784706
          5294   225.9031231
          5295   225.9277696
          5296   225.9524161
          5297   225.9770627
          5298   226.0017087
          5299   226.0263483
          5300    226.050988
          5301   226.0756276
          5302   226.1002672
          5303      226.1249
          5304   226.1495327
          5305   226.1741655
          5306   226.1987983
          5307   226.2234246
          5308   226.2480505
          5309   226.2726764
          5310   226.2973023
          5311   226.3219221
          5312   226.3465412
          5313   226.3711603
          5314   226.3957794
          5315   226.4203928
          5316    226.445005
          5317   226.4696172
          5318   226.4942294
          5319   226.5188364
          5320   226.5434418
          5321   226.5680472
          5322   226.5926526
          5323   226.6172532
          5324   226.6418517
          5325   226.6664503
          5326   226.6910488
          5327   226.7156431
          5328   226.7402348
          5329   226.7648265
          5330   226.7894182
          5331   226.8140061
          5332    226.838591
          5333   226.8631759
          5334   226.8877608
          5335   226.9123423
          5336   226.9369203
          5337   226.9614984
          5338   226.9860765
          5339   227.0106517
          5340   227.0352229
          5341   227.0597942
          5342   227.0843655
          5343   227.1089343
          5344   227.1334987
          5345   227.1580632
          5346   227.1826277
          5347   227.2071902
          5348   227.2317478
          5349   227.2563055
          5350   227.2808632
          5351   227.3054193
          5352   227.3299702
          5353   227.3545211
          5354    227.379072
          5355   227.4036218
          5356   227.4281659
          5357     227.45271
          5358   227.4772541
          5359   227.5017977
          5360    227.526335
          5361   227.5508723
          5362   227.5754096
          5363   227.5999469
          5364   227.6244774
          5365    227.649008
          5366   227.6735385
          5367    227.698069
          5368   227.7225933
          5369   227.7471171
          5370   227.7716408
          5371   227.7961646
          5372   227.8206826
          5373   227.8451996
          5374   227.8697166
          5375   227.8942336
          5376   227.9187454
          5377   227.9432556
          5378   227.9677659
          5379   227.9922761
          5380   228.0167817
          5381   228.0412852
          5382   228.0657886
          5383   228.0902921
          5384   228.1147915
          5385   228.1392882
          5386   228.1637849
          5387   228.1882817
          5388   228.2127749
          5389   228.2372649
          5390   228.2617548
          5391   228.2862448
          5392   228.3107318
          5393   228.3352151
          5394   228.3596983
          5395   228.3841816
          5396   228.4086624
          5397   228.4331389
          5398   228.4576154
          5399   228.4820919
          5400   228.5065666
          5401   228.5310364
          5402   228.5555062
          5403    228.579976
          5404   228.6044445
          5405   228.6289076
          5406   228.6533707
          5407   228.6778337
          5408   228.7022961
          5409   228.7267525
          5410   228.7512088
          5411   228.7756652
          5412   228.8001215
          5413   228.8245711
          5414   228.8490207
          5415   228.8734704
          5416     228.89792
          5417   228.9223635
          5418   228.9468064
          5419   228.9712494
          5420   228.9956923
          5421   229.0201297
          5422   229.0445659
          5423   229.0690021
          5424   229.0934384
          5425   229.1178697
          5426   229.1422992
          5427   229.1667288
          5428   229.1911583
          5429   229.2155836
          5430   229.2400064
          5431   229.2644292
          5432   229.2888521
          5433   229.3132713
          5434   229.3376875
          5435   229.3621036
          5436   229.3865198
          5437    229.410933
          5438   229.4353424
          5439   229.4597519
          5440   229.4841614
          5441   229.5085685
          5442   229.5329714
          5443   229.5573742
          5444    229.581777
          5445   229.6061781
          5446   229.6305742
          5447   229.6549704
          5448   229.6793665
          5449   229.7037617
          5450   229.7281511
          5451   229.7525406
          5452   229.7769301
          5453   229.8013192
          5454   229.8257021
          5455   229.8500849
          5456   229.8744677
          5457   229.8988505
          5458    229.923227
          5459   229.9476032
          5460   229.9719794
          5461   229.9963556
          5462   230.0207261
          5463   230.0450956
          5464   230.0694652
          5465   230.0938347
          5466   230.1181993
          5467   230.1425622
          5468    230.166925
          5469   230.1912879
          5470   230.2156466
          5471   230.2400028
          5472   230.2643591
          5473   230.2887154
          5474   230.3130681
          5475   230.3374177
          5476   230.3617673
          5477   230.3861169
          5478   230.4104637
          5479   230.4348067
          5480   230.4591497
          5481   230.4834928
          5482   230.5078336
          5483     230.53217
          5484   230.5565064
          5485   230.5808428
          5486   230.6051778
          5487   230.6295076
          5488   230.6538373
          5489   230.6781671
          5490   230.7024962
          5491   230.7268194
          5492   230.7511426
          5493   230.7754657
          5494   230.7997889
          5495   230.8241055
          5496   230.8484221
          5497   230.8727387
          5498   230.8970552
          5499    230.921366
          5500    230.945676
          5501    230.969986
          5502   230.9942959
          5503   231.0186009
          5504   231.0429043
          5505   231.0672076
          5506    231.091511
          5507   231.1158101
          5508   231.1401069
          5509   231.1644037
          5510   231.1887005
          5511   231.2129938
          5512    231.237284
          5513   231.2615742
          5514   231.2858644
          5515   231.3101519
          5516   231.3344356
          5517   231.3587192
          5518   231.3830028
          5519   231.4072845
          5520   231.4315616
          5521   231.4558387
          5522   231.4801157
          5523   231.5043916
          5524   231.5286621
          5525   231.5529327
          5526   231.5772032
          5527   231.6014733
          5528   231.6257372
          5529   231.6500012
          5530   231.6742651
          5531   231.6985291
          5532   231.7227869
          5533   231.7470443
          5534   231.7713017
          5535   231.7955591
          5536   231.8198111
          5537    231.844062
          5538   231.8683128
          5539   231.8925637
          5540     231.91681
          5541   231.9410543
          5542   231.9652986
          5543   231.9895429
          5544   232.0137835
          5545   232.0380213
          5546   232.0622591
          5547   232.0864969
          5548   232.1107317
          5549    232.134963
          5550   232.1591942
          5551   232.1834255
          5552   232.2076546
          5553   232.2318794
          5554   232.2561041
          5555   232.2803288
          5556   232.3045523
          5557   232.3287705
          5558   232.3529887
          5559   232.3772069
          5560   232.4014247
          5561   232.4256364
          5562    232.449848
          5563   232.4740597
          5564   232.4982714
          5565    232.522477
          5566   232.5466822
          5567   232.5708874
          5568   232.5950925
          5569   232.6192925
          5570   232.6434912
          5571   232.6676898
          5572   232.6918885
          5573   232.7160828
          5574    232.740275
          5575   232.7644672
          5576   232.7886593
          5577   232.8128481
          5578   232.8370337
          5579   232.8612194
          5580   232.8854051
          5581   232.9095882
          5582   232.9337673
          5583   232.9579465
          5584   232.9821257
          5585   233.0063032
          5586   233.0304759
          5587   233.0546486
          5588   233.0788213
          5589   233.1029932
          5590   233.1271594
          5591   233.1513256
          5592   233.1754918
          5593    233.199658
          5594   233.2238179
          5595   233.2479776
          5596   233.2721374
          5597   233.2962971
          5598   233.3204514
          5599   233.3446047
          5600   233.3687579
          5601   233.3929112
          5602   233.4170599
          5603   233.4412067
          5604   233.4653535
          5605   233.4895004
          5606   233.5136435
          5607   233.5377839
          5608   233.5619242
          5609   233.5860646
          5610   233.6102022
          5611   233.6343361
          5612     233.65847
          5613   233.6826039
          5614    233.706736
          5615   233.7308635
          5616   233.7549909
          5617   233.7791184
          5618    233.803245
          5619    233.827366
          5620    233.851487
          5621    233.875608
          5622    233.899729
          5623   233.9238437
          5624   233.9479583
          5625   233.9720728
          5626   233.9961874
          5627   234.0202966
          5628   234.0444047
          5629   234.0685129
          5630    234.092621
          5631   234.1167247
          5632   234.1408264
          5633   234.1649282
          5634   234.1890299
          5635   234.2131281
          5636   234.2372234
          5637   234.2613187
          5638    234.285414
          5639   234.3095068
          5640   234.3335956
          5641   234.3576845
          5642   234.3817734
          5643   234.4058607
          5644   234.4299432
          5645   234.4540257
          5646   234.4781081
          5647     234.50219
          5648   234.5262661
          5649   234.5503422
          5650   234.5744182
          5651   234.5984943
          5652   234.6225644
          5653    234.646634
          5654   234.6707037
          5655   234.6947734
          5656    234.718838
          5657   234.7429013
          5658   234.7669646
          5659   234.7910279
          5660   234.8150871
          5661    234.839144
          5662   234.8632009
          5663   234.8872578
          5664   234.9113116
          5665   234.9353621
          5666   234.9594126
          5667   234.9834631
          5668   235.0075116
          5669   235.0315558
          5670   235.0555999
          5671    235.079644
          5672   235.1036871
          5673   235.1277249
          5674   235.1517626
          5675   235.1758004
          5676   235.1998381
          5677   235.2238695
          5678   235.2479009
          5679   235.2719323
          5680   235.2959636
          5681   235.3199897
          5682   235.3440147
          5683   235.3680397
          5684   235.3920647
          5685   235.4160855
          5686   235.4401041
          5687   235.4641228
          5688   235.4881415
          5689   235.5121569
          5690   235.5361692
          5691   235.5601815
          5692   235.5841938
          5693   235.6082039
          5694   235.6322099
          5695   235.6562158
          5696   235.6802217
          5697   235.7042266
          5698   235.7282262
          5699   235.7522258
          5700   235.7762254
          5701   235.8002249
          5702   235.8242182
          5703   235.8482115
          5704   235.8722047
          5705    235.896198
          5706   235.9201859
          5707   235.9441729
          5708   235.9681598
          5709   235.9921467
          5710   236.0161294
          5711     236.04011
          5712   236.0640906
          5713   236.0880712
          5714   236.1120487
          5715   236.1360229
          5716   236.1599972
          5717   236.1839715
          5718   236.2079437
          5719   236.2319117
          5720   236.2558796
          5721   236.2798476
          5722   236.3038145
          5723   236.3277762
          5724   236.3517378
          5725   236.3756995
          5726   236.3996611
          5727   236.4236166
          5728   236.4475719
          5729   236.4715273
          5730   236.4954826
          5731   236.5194328
          5732   236.5433819
          5733   236.5673309
          5734   236.5912799
          5735    236.615225
          5736   236.6391677
          5737   236.6631105
          5738   236.6870532
          5739   236.7109931
          5740   236.7349295
          5741    236.758866
          5742   236.7828024
          5743   236.8067371
          5744   236.8306672
          5745   236.8545974
          5746   236.8785276
          5747   236.9024571
          5748    236.926381
          5749   236.9503048
          5750   236.9742287
          5751   236.9981526
          5752   237.0220707
          5753   237.0459883
          5754   237.0699059
          5755   237.0938235
          5756   237.1177364
          5757   237.1416478
          5758   237.1655591
          5759   237.1894704
          5760   237.2133783
          5761   237.2372833
          5762   237.2611884
          5763   237.2850934
          5764   237.3089961
          5765   237.3328949
          5766   237.3567937
          5767   237.3806925
          5768   237.4045901
          5769   237.4284827
          5770   237.4523752
          5771   237.4762678
          5772   237.5001603
          5773   237.5240466
          5774   237.5479328
          5775   237.5718191
          5776   237.5957054
          5777   237.6195866
          5778   237.6434666
          5779   237.6673467
          5780   237.6912267
          5781   237.7151028
          5782   237.7389766
          5783   237.7628504
          5784   237.7867242
          5785   237.8105952
          5786   237.8344628
          5787   237.8583304
          5788   237.8821979
          5789   237.9060639
          5790   237.9299252
          5791   237.9537866
          5792   237.9776479
          5793   238.0015088
          5794   238.0253639
          5795    238.049219
          5796   238.0730741
          5797   238.0969292
          5798   238.1207789
          5799   238.1446278
          5800   238.1684767
          5801   238.1923256
          5802   238.2161702
          5803   238.2400129
          5804   238.2638556
          5805   238.2876982
          5806   238.3115379
          5807   238.3353743
          5808   238.3592108
          5809   238.3830472
          5810   238.4068819
          5811   238.4307121
          5812   238.4545424
          5813   238.4783726
          5814   238.5022023
          5815   238.5260263
          5816   238.5498504
          5817   238.5736744
          5818   238.5974985
          5819   238.6213169
          5820   238.6451348
          5821   238.6689526
          5822   238.6927705
          5823    238.716584
          5824   238.7403957
          5825   238.7642073
          5826    238.788019
          5827   238.8118275
          5828    238.835633
          5829   238.8594385
          5830   238.8832439
          5831   238.9070476
          5832   238.9308468
          5833   238.9546461
          5834   238.9784454
          5835   239.0022441
          5836   239.0260372
          5837   239.0498303
          5838   239.0736234
          5839   239.0974165
          5840   239.1212041
          5841   239.1449911
          5842    239.168778
          5843   239.1925649
          5844   239.2163476
          5845   239.2401284
          5846   239.2639091
          5847   239.2876899
          5848   239.3114677
          5849   239.3352423
          5850   239.3590169
          5851   239.3827915
          5852   239.4065644
          5853   239.4303328
          5854   239.4541013
          5855   239.4778697
          5856   239.5016377
          5857      239.5254
          5858   239.5491623
          5859   239.5729246
          5860   239.5966869
          5861   239.6204439
          5862      239.6442
          5863   239.6679562
          5864   239.6917123
          5865   239.7154644
          5866   239.7392144
          5867   239.7629644
          5868   239.7867144
          5869   239.8104617
          5870   239.8342056
          5871   239.8579494
          5872   239.8816933
          5873   239.9054358
          5874   239.9291735
          5875   239.9529112
          5876   239.9766489
          5877   240.0003866
          5878   240.0241182
          5879   240.0478498
          5880   240.0715814
          5881    240.095313
          5882   240.1190396
          5883   240.1427651
          5884   240.1664906
          5885   240.1902161
          5886   240.2139379
          5887   240.2376573
          5888   240.2613766
          5889    240.285096
          5890   240.3088131
          5891   240.3325263
          5892   240.3562396
          5893   240.3799528
          5894   240.4036651
          5895   240.4273722
          5896   240.4510794
          5897   240.4747865
          5898   240.4984936
          5899    240.522195
          5900   240.5458961
          5901   240.5695971
          5902   240.5932981
          5903   240.6169948
          5904   240.6406897
          5905   240.6643846
          5906   240.6880796
          5907   240.7117715
          5908   240.7354603
          5909   240.7591491
          5910    240.782838
          5911   240.8065251
          5912   240.8302079
          5913   240.8538906
          5914   240.8775734
          5915   240.9012558
          5916   240.9249324
          5917   240.9486091
          5918   240.9722858
          5919   240.9959624
          5920    241.019634
          5921   241.0433046
          5922   241.0669752
          5923   241.0906458
          5924   241.1143127
          5925   241.1379772
          5926   241.1616417
          5927   241.1853062
          5928   241.2089684
          5929   241.2326268
          5930   241.2562853
          5931   241.2799437
          5932   241.3036012
          5933   241.3272536
          5934   241.3509059
          5935   241.3745583
          5936   241.3982107
          5937   241.4218574
          5938   241.4455037
          5939   241.4691501
          5940   241.4927964
          5941   241.5164385
          5942   241.5400787
          5943    241.563719
          5944   241.5873592
          5945   241.6109967
          5946   241.6346309
          5947   241.6582651
          5948   241.6818993
          5949    241.705532
          5950   241.7291602
          5951   241.7527883
          5952   241.7764165
          5953   241.8000446
          5954   241.8236668
          5955   241.8472889
          5956    241.870911
          5957   241.8945331
          5958   241.9181506
          5959   241.9417666
          5960   241.9653827
          5961   241.9889988
          5962   242.0126117
          5963   242.0362217
          5964   242.0598317
          5965   242.0834418
          5966     242.10705
          5967    242.130654
          5968   242.1542581
          5969   242.1778621
          5970   242.2014657
          5971   242.2250637
          5972   242.2486617
          5973   242.2722597
          5974   242.2958577
          5975   242.3194507
          5976   242.3430427
          5977   242.3666347
          5978   242.3902267
          5979   242.4138151
          5980   242.4374011
          5981   242.4609871
          5982    242.484573
          5983   242.5081569
          5984   242.5317369
          5985   242.5553168
          5986   242.5788968
          5987   242.6024761
          5988   242.6260501
          5989    242.649624
          5990    242.673198
          5991   242.6967719
          5992   242.7203407
          5993   242.7439086
          5994   242.7674766
          5995   242.7910445
          5996   242.8146088
          5997   242.8381707
          5998   242.8617327
          5999   242.8852947
          6000   242.9088544
          6001   242.9324103
          6002   242.9559663
          6003   242.9795223
          6004   243.0030775
          6005   243.0266275
          6006   243.0501775
          6007   243.0737274
          6008   243.0972774
          6009   243.1208221
          6010   243.1443661
          6011   243.1679101
          6012   243.1914542
          6013   243.2149944
          6014   243.2385324
          6015   243.2620704
          6016   243.2856085
          6017   243.3091442
          6018   243.3326762
          6019   243.3562083
          6020   243.3797403
          6021   243.4032716
          6022   243.4267977
          6023   243.4503238
          6024   243.4738499
          6025    243.497376
          6026   243.5208968
          6027   243.5444169
          6028    243.567937
          6029   243.5914572
          6030   243.6149735
          6031   243.6384877
          6032   243.6620019
          6033   243.6855161
          6034    243.709028
          6035   243.7325362
          6036   243.7560444
          6037   243.7795526
          6038   243.8030601
          6039   243.8265624
          6040   243.8500647
          6041   243.8735669
          6042   243.8970692
          6043   243.9205663
          6044   243.9440626
          6045    243.967559
          6046   243.9910553
          6047    244.014548
          6048   244.0380384
          6049   244.0615288
          6050   244.0850192
          6051   244.1085074
          6052   244.1319919
          6053   244.1554764
          6054   244.1789609
          6055   244.2024447
          6056   244.2259233
          6057   244.2494018
          6058   244.2728803
          6059   244.2963589
          6060   244.3198324
          6061    244.343305
          6062   244.3667776
          6063   244.3902503
          6064   244.4137194
          6065   244.4371861
          6066   244.4606528
          6067   244.4841195
          6068   244.5075843
          6069   244.5310451
          6070   244.5545059
          6071   244.5779667
          6072   244.6014271
          6073    244.624882
          6074   244.6483368
          6075   244.6717917
          6076   244.6952466
          6077   244.7186968
          6078   244.7421457
          6079   244.7655947
          6080   244.7890437
          6081   244.8124895
          6082   244.8359326
          6083   244.8593757
          6084   244.8828187
          6085   244.9062602
          6086   244.9296974
          6087   244.9531346
          6088   244.9765718
          6089   245.0000089
          6090   245.0234402
          6091   245.0468715
          6092   245.0703028
          6093   245.0937341
          6094    245.117161
          6095   245.1405864
          6096   245.1640118
          6097   245.1874372
          6098   245.2108599
          6099   245.2342794
          6100   245.2576989
          6101   245.2811185
          6102   245.3045368
          6103   245.3279505
          6104   245.3513641
          6105   245.3747778
          6106   245.3981914
          6107   245.4215996
          6108   245.4450074
          6109   245.4684152
          6110   245.4918229
          6111   245.5152269
          6112   245.5386288
          6113   245.5620307
          6114   245.5854326
          6115   245.6088323
          6116   245.6322283
          6117   245.6556243
          6118   245.6790204
          6119   245.7024158
          6120    245.725806
          6121   245.7491962
          6122   245.7725864
          6123   245.7959765
          6124   245.8193619
          6125   245.8427462
          6126   245.8661305
          6127   245.8895148
          6128   245.9128959
          6129   245.9362744
          6130   245.9596529
          6131   245.9830314
          6132   246.0064082
          6133   246.0297809
          6134   246.0531535
          6135   246.0765261
          6136   246.0998988
          6137   246.1232656
          6138   246.1466324
          6139   246.1699992
          6140   246.1933659
          6141   246.2167286
          6142   246.2400895
          6143   246.2634505
          6144   246.2868114
          6145   246.3101698
          6146    246.333525
          6147   246.3568801
          6148   246.3802352
          6149   246.4035894
          6150   246.4269387
          6151    246.450288
          6152   246.4736373
          6153   246.4969866
          6154   246.5203309
          6155   246.5436743
          6156   246.5670178
          6157   246.5903613
          6158   246.6137013
          6159    246.637039
          6160   246.6603767
          6161   246.6837143
          6162   246.7070502
          6163   246.7303821
          6164   246.7537139
          6165   246.7770458
          6166   246.8003775
          6167   246.8237035
          6168   246.8470296
          6169   246.8703556
          6170   246.8936817
          6171   246.9170035
          6172   246.9403237
          6173   246.9636439
          6174   246.9869642
          6175   247.0102818
          6176   247.0335963
          6177   247.0569107
          6178   247.0802251
          6179   247.1035387
          6180   247.1268473
          6181    247.150156
          6182   247.1734646
          6183   247.1967732
          6184   247.2200769
          6185   247.2433797
          6186   247.2666826
          6187   247.2899854
          6188    247.313285
          6189   247.3365821
          6190   247.3598791
          6191   247.3831762
          6192   247.4064716
          6193   247.4297629
          6194   247.4530542
          6195   247.4763455
          6196   247.4996368
          6197   247.5229224
          6198   247.5462079
          6199   247.5694934
          6200   247.5927789
          6201   247.6160604
          6202   247.6393401
          6203   247.6626199
          6204   247.6858996
          6205   247.7091771
          6206    247.732451
          6207    247.755725
          6208    247.778999
          6209   247.8022724
          6210   247.8255406
          6211   247.8488088
          6212    247.872077
          6213   247.8953452
          6214   247.9186088
          6215   247.9418712
          6216   247.9651337
          6217   247.9883961
          6218   248.0116557
          6219   248.0349124
          6220    248.058169
          6221   248.0814257
          6222   248.1046813
          6223   248.1279322
          6224   248.1511832
          6225   248.1744341
          6226    248.197685
          6227   248.2209308
          6228    248.244176
          6229   248.2674212
          6230   248.2906664
          6231   248.3139081
          6232   248.3371476
          6233   248.3603871
          6234   248.3836265
          6235   248.4068643
          6236    248.430098
          6237   248.4533317
          6238   248.4765654
          6239   248.4997991
          6240   248.5230272
          6241   248.5462552
          6242   248.5694831
          6243   248.5927111
          6244   248.6159352
          6245   248.6391574
          6246   248.6623797
          6247    248.685602
          6248    248.708822
          6249   248.7320386
          6250   248.7552551
          6251   248.7784717
          6252   248.8016878
          6253   248.8248986
          6254   248.8481094
          6255   248.8713202
          6256    248.894531
          6257   248.9177375
          6258   248.9409426
          6259   248.9641477
          6260   248.9873528
          6261   249.0105553
          6262   249.0337547
          6263   249.0569541
          6264   249.0801535
          6265   249.1033521
          6266   249.1265458
          6267   249.1497394
          6268   249.1729331
          6269   249.1961268
          6270   249.2193158
          6271   249.2425037
          6272   249.2656917
          6273   249.2888797
          6274   249.3120647
          6275    249.335247
          6276   249.3584293
          6277   249.3816116
          6278   249.4047927
          6279   249.4279693
          6280   249.4511459
          6281   249.4743225
          6282   249.4974991
          6283   249.5206707
          6284   249.5438416
          6285   249.5670125
          6286   249.5901834
          6287    249.613351
          6288   249.6365163
          6289   249.6596815
          6290   249.6828467
          6291   249.7060105
          6292     249.72917
          6293   249.7523296
          6294   249.7754891
          6295   249.7986487
          6296   249.8218029
          6297   249.8449568
          6298   249.8681106
          6299   249.8912645
          6300   249.9144149
          6301   249.9375631
          6302   249.9607113
          6303   249.9838595
          6304    250.007006
          6305   250.0301485
          6306   250.0532911
          6307   250.0764336
          6308   250.0995761
          6309   250.1227131
          6310     250.14585
          6311   250.1689869
          6312   250.1921238
          6313   250.2152569
          6314   250.2383881
          6315   250.2615194
          6316   250.2846506
          6317   250.3077799
          6318   250.3309055
          6319    250.354031
          6320   250.3771566
          6321   250.4002821
          6322    250.423402
          6323    250.446522
          6324   250.4696419
          6325   250.4927618
          6326   250.5158779
          6327   250.5389921
          6328   250.5621064
          6329   250.5852207
          6330   250.6083329
          6331   250.6314416
          6332   250.6545502
          6333   250.6776589
          6334   250.7007673
          6335   250.7238703
          6336   250.7469733
          6337   250.7700763
          6338   250.7931793
          6339   250.8162784
          6340   250.8393757
          6341   250.8624731
          6342   250.8855705
          6343   250.9086658
          6344   250.9317575
          6345   250.9548493
          6346    250.977941
          6347   251.0010325
          6348   251.0241186
          6349   251.0472048
          6350   251.0702909
          6351    251.093377
          6352   251.1164591
          6353   251.1395396
          6354   251.1626201
          6355   251.1857007
          6356    251.208779
          6357   251.2318539
          6358   251.2549288
          6359   251.2780037
          6360   251.3010784
          6361   251.3241476
          6362   251.3472169
          6363   251.3702862
          6364   251.3933555
          6365   251.4164208
          6366   251.4394845
          6367   251.4625482
          6368   251.4856118
          6369   251.5086734
          6370   251.5317315
          6371   251.5547896
          6372   251.5778477
          6373   251.6009055
          6374    251.623958
          6375   251.6470105
          6376    251.670063
          6377   251.6931155
          6378   251.7161641
          6379   251.7392109
          6380   251.7622578
          6381   251.7853047
          6382   251.8083496
          6383   251.8313909
          6384   251.8544322
          6385   251.8774735
          6386   251.9005147
          6387   251.9235504
          6388   251.9465862
          6389   251.9696219
          6390   251.9926576
          6391   252.0156895
          6392   252.0387197
          6393   252.0617498
          6394     252.08478
          6395   252.1078082
          6396   252.1308328
          6397   252.1538574
          6398    252.176882
          6399   252.1999065
          6400   252.2229256
          6401   252.2459446
          6402   252.2689636
          6403   252.2919826
          6404   252.3149979
          6405   252.3380114
          6406   252.3610248
          6407   252.3840382
          6408     252.40705
          6409   252.4300579
          6410   252.4530657
          6411   252.4760736
          6412   252.4990815
          6413    252.522084
          6414   252.5450863
          6415   252.5680887
          6416    252.591091
          6417   252.6140899
          6418   252.6370867
          6419   252.6600834
          6420   252.6830802
          6421   252.7060755
          6422   252.7290667
          6423   252.7520579
          6424   252.7750491
          6425   252.7980403
          6426   252.8210265
          6427   252.8440122
          6428   252.8669978
          6429   252.8899835
          6430   252.9129661
          6431   252.9359462
          6432   252.9589263
          6433   252.9819065
          6434   253.0048854
          6435     253.02786
          6436   253.0508346
          6437   253.0738092
          6438   253.0967838
          6439   253.1197536
          6440   253.1427227
          6441   253.1656918
          6442   253.1886608
          6443   253.2116271
          6444   253.2345906
          6445   253.2575542
          6446   253.2805177
          6447   253.3034804
          6448   253.3264384
          6449   253.3493964
          6450   253.3723544
          6451   253.3953125
          6452   253.4182661
          6453   253.4412186
          6454   253.4641711
          6455   253.4871236
          6456   253.5100736
          6457   253.5330206
          6458   253.5559676
          6459   253.5789146
          6460   253.6018611
          6461   253.6248026
          6462   253.6477441
          6463   253.6706855
          6464    253.693627
          6465   253.7165645
          6466   253.7395005
          6467   253.7624364
          6468   253.7853724
          6469   253.8083063
          6470   253.8312368
          6471   253.8541673
          6472   253.8770977
          6473   253.9000282
          6474   253.9229532
          6475   253.9458781
          6476   253.9688031
          6477    253.991728
          6478   254.0146495
          6479    254.037569
          6480   254.0604884
          6481   254.0834079
          6482   254.1063259
          6483   254.1292398
          6484   254.1521538
          6485   254.1750678
          6486   254.1979818
          6487   254.2208908
          6488   254.2437993
          6489   254.2667078
          6490   254.2896163
          6491   254.3125218
          6492   254.3354248
          6493   254.3583278
          6494   254.3812308
          6495   254.4041328
          6496   254.4270304
          6497   254.4499279
          6498   254.4728254
          6499    254.495723
          6500   254.5186161
          6501   254.5415081
          6502   254.5644002
          6503   254.5872923
          6504   254.6101819
          6505   254.6330685
          6506   254.6559551
          6507   254.6788417
          6508   254.7017279
          6509    254.724609
          6510   254.7474901
          6511   254.7703713
          6512   254.7932524
          6513   254.8161297
          6514   254.8390054
          6515    254.861881
          6516   254.8847567
          6517   254.9076306
          6518   254.9305008
          6519    254.953371
          6520   254.9762412
          6521   254.9991114
          6522   255.0219764
          6523   255.0448412
          6524   255.0677059
          6525   255.0905707
          6526   255.1134323
          6527   255.1362916
          6528   255.1591509
          6529   255.1820102
          6530   255.2048684
          6531   255.2277223
          6532   255.2505761
          6533     255.27343
          6534   255.2962839
          6535   255.3191332
          6536   255.3419816
          6537   255.3648301
          6538   255.3876785
          6539   255.4105244
          6540   255.4333674
          6541   255.4562104
          6542   255.4790534
          6543    255.501896
          6544   255.5247335
          6545   255.5475711
          6546   255.5704087
          6547   255.5932463
          6548     255.61608
          6549   255.6389121
          6550   255.6617443
          6551   255.6845764
          6552   255.7074068
          6553   255.7302335
          6554   255.7530603
          6555    255.775887
          6556   255.7987137
          6557   255.8215353
          6558   255.8443566
          6559   255.8671779
          6560   255.8899992
          6561   255.9128175
          6562   255.9356333
          6563   255.9584492
          6564   255.9812651
          6565     256.00408
          6566   256.0268905
          6567    256.049701
          6568   256.0725115
          6569   256.0953219
          6570   256.1181281
          6571   256.1409332
          6572   256.1637383
          6573   256.1865433
          6574   256.2093462
          6575   256.2321459
          6576   256.2549455
          6577   256.2777452
          6578   256.3005447
          6579    256.323339
          6580   256.3461333
          6581   256.3689275
          6582   256.3917218
          6583   256.4145127
          6584   256.4373015
          6585   256.4600904
          6586   256.4828793
          6587   256.5056668
          6588   256.5284503
          6589   256.5512338
          6590   256.5740173
          6591   256.5968008
          6592   256.6195796
          6593   256.6423577
          6594   256.6651358
          6595   256.6879139
          6596   256.7106895
          6597   256.7334622
          6598   256.7562349
          6599   256.7790077
          6600     256.80178
          6601   256.8245473
          6602   256.8473146
          6603    256.870082
          6604   256.8928493
          6605    256.915613
          6606    256.938375
          6607   256.9611369
          6608   256.9838989
          6609   257.0066593
          6610   257.0294159
          6611   257.0521725
          6612   257.0749291
          6613   257.0976857
          6614   257.1204375
          6615   257.1431887
          6616   257.1659399
          6617   257.1886912
          6618   257.2114397
          6619   257.2341856
          6620   257.2569315
          6621   257.2796773
          6622   257.3024226
          6623   257.3251631
          6624   257.3479037
          6625   257.3706442
          6626   257.3933847
          6627   257.4161214
          6628   257.4388566
          6629   257.4615917
          6630   257.4843269
          6631   257.5070604
          6632   257.5297902
          6633     257.55252
          6634   257.5752499
          6635   257.5979797
          6636   257.6207046
          6637   257.6434291
          6638   257.6661535
          6639    257.688878
          6640   257.7115998
          6641   257.7343189
          6642    257.757038
          6643   257.7797571
          6644   257.8024757
          6645   257.8251895
          6646   257.8479033
          6647   257.8706171
          6648   257.8933309
          6649   257.9160409
          6650   257.9387493
          6651   257.9614578
          6652   257.9841663
          6653   258.0068731
          6654   258.0295762
          6655   258.0522794
          6656   258.0749825
          6657   258.0976856
          6658    258.120384
          6659   258.1430818
          6660   258.1657796
          6661   258.1884774
          6662   258.2111726
          6663   258.2338651
          6664   258.2565575
          6665     258.27925
          6666   258.3019421
          6667   258.3246292
          6668   258.3473164
          6669   258.3700036
          6670   258.3926907
          6671   258.4153743
          6672   258.4380562
          6673    258.460738
          6674   258.4834199
          6675   258.5061003
          6676   258.5287768
          6677   258.5514534
          6678   258.5741299
          6679   258.5968065
          6680   258.6194785
          6681   258.6421497
          6682    258.664821
          6683   258.6874922
          6684   258.7101611
          6685    258.732827
          6686    258.755493
          6687   258.7781589
          6688   258.8008246
          6689   258.8234853
          6690   258.8461459
          6691   258.8688066
          6692   258.8914672
          6693   258.9141246
          6694   258.9367799
          6695   258.9594353
          6696   258.9820906
          6697   259.0047449
          6698   259.0273949
          6699    259.050045
          6700   259.0726951
          6701   259.0953451
          6702    259.117991
          6703   259.1406358
          6704   259.1632806
          6705   259.1859253
          6706   259.2085681
          6707   259.2312076
          6708   259.2538471
          6709   259.2764866
          6710   259.2991261
          6711   259.3217605
          6712   259.3443948
          6713    259.367029
          6714   259.3896632
          6715   259.4122946
          6716   259.4349235
          6717   259.4575525
          6718   259.4801814
          6719   259.5028097
          6720   259.5254334
          6721   259.5480571
          6722   259.5706808
          6723   259.5933044
          6724   259.6159244
          6725   259.6385428
          6726   259.6611613
          6727   259.6837797
          6728   259.7063966
          6729   259.7290098
          6730   259.7516229
          6731   259.7742361
          6732   259.7968492
          6733   259.8194579
          6734   259.8420658
          6735   259.8646737
          6736   259.8872816
          6737   259.9098872
          6738   259.9324898
          6739   259.9550925
          6740   259.9776951
          6741   260.0002977
          6742   260.0228951
          6743   260.0454925
          6744   260.0680899
          6745   260.0906873
          6746   260.1132816
          6747   260.1358737
          6748   260.1584659
          6749    260.181058
          6750   260.2036493
          6751   260.2262363
          6752   260.2488232
          6753   260.2714101
          6754    260.293997
          6755   260.3165801
          6756   260.3391617
          6757   260.3617434
          6758   260.3843251
          6759   260.4069052
          6760   260.4294816
          6761    260.452058
          6762   260.4746345
          6763   260.4972109
          6764   260.5197828
          6765    260.542354
          6766   260.5649252
          6767   260.5874964
          6768   260.6100653
          6769   260.6326313
          6770   260.6551973
          6771   260.6777633
          6772   260.7003292
          6773     260.72289
          6774   260.7454507
          6775   260.7680115
          6776   260.7905723
          6777     260.81313
          6778   260.8356855
          6779   260.8582411
          6780   260.8807966
          6781   260.9033514
          6782   260.9259017
          6783   260.9484521
          6784   260.9710024
          6785   260.9935528
          6786   261.0160994
          6787   261.0386445
          6788   261.0611896
          6789   261.0837348
          6790   261.1062784
          6791   261.1288184
          6792   261.1513583
          6793   261.1738982
          6794   261.1964381
          6795   261.2189737
          6796   261.2415084
          6797   261.2640431
          6798   261.2865778
          6799   261.3091104
          6800     261.33164
          6801   261.3541695
          6802    261.376699
          6803   261.3992285
          6804    261.421753
          6805   261.4442774
          6806   261.4668017
          6807    261.489326
          6808   261.5118476
          6809   261.5343667
          6810   261.5568859
          6811    261.579405
          6812   261.6019237
          6813   261.6244377
          6814   261.6469516
          6815   261.6694656
          6816   261.6919795
          6817   261.7144901
          6818   261.7369989
          6819   261.7595077
          6820   261.7820164
          6821   261.8045242
          6822   261.8270278
          6823   261.8495314
          6824    261.872035
          6825   261.8945385
          6826   261.9170382
          6827   261.9395366
          6828   261.9620351
          6829   261.9845335
          6830   262.0070303
          6831   262.0295235
          6832   262.0520168
          6833     262.07451
          6834   262.0970033
          6835    262.119492
          6836   262.1419801
          6837   262.1644682
          6838   262.1869563
          6839   262.2094422
          6840   262.2319251
          6841    262.254408
          6842   262.2768909
          6843   262.2993738
          6844   262.3218517
          6845   262.3443295
          6846   262.3668073
          6847    262.389285
          6848   262.4117601
          6849   262.4342327
          6850   262.4567053
          6851   262.4791779
          6852   262.5016501
          6853   262.5241176
          6854    262.546585
          6855   262.5690525
          6856   262.5915199
          6857   262.6139842
          6858   262.6364465
          6859   262.6589088
          6860   262.6813711
          6861   262.7038325
          6862   262.7262897
          6863   262.7487468
          6864    262.771204
          6865   262.7936612
          6866   262.8161146
          6867   262.8385667
          6868   262.8610187
          6869   262.8834707
          6870   262.9059214
          6871   262.9283682
          6872   262.9508151
          6873    262.973262
          6874   262.9957089
          6875   263.0181516
          6876   263.0405934
          6877   263.0630351
          6878   263.0854769
          6879   263.1079168
          6880   263.1303535
          6881   263.1527901
          6882   263.1752267
          6883   263.1976633
          6884   263.2200954
          6885   263.2425269
          6886   263.2649584
          6887   263.2873899
          6888   263.3098191
          6889   263.3322455
          6890   263.3546719
          6891   263.3770983
          6892   263.3995247
          6893    263.421946
          6894   263.4443673
          6895   263.4667886
          6896   263.4892098
          6897   263.5116284
          6898   263.5340446
          6899   263.5564608
          6900   263.5788769
          6901   263.6012928
          6902   263.6237038
          6903   263.6461148
          6904   263.6685259
          6905   263.6909369
          6906   263.7133449
          6907   263.7357509
          6908   263.7581568
          6909   263.7805627
          6910    263.802968
          6911   263.8253688
          6912   263.8477697
          6913   263.8701705
          6914   263.8925713
          6915   263.9149688
          6916   263.9373645
          6917   263.9597602
          6918    263.982156
          6919   264.0045507
          6920   264.0269413
          6921    264.049332
          6922   264.0717226
          6923   264.0941133
          6924   264.1165002
          6925   264.1388857
          6926   264.1612713
          6927   264.1836568
          6928    264.206041
          6929   264.2284215
          6930   264.2508019
          6931   264.2731824
          6932   264.2955629
          6933   264.3179393
          6934   264.3403147
          6935     264.36269
          6936   264.3850654
          6937   264.4074391
          6938   264.4298094
          6939   264.4521797
          6940     264.47455
          6941   264.4969204
          6942   264.5192863
          6943   264.5416515
          6944   264.5640167
          6945    264.586382
          6946   264.6087452
          6947   264.6311054
          6948   264.6534655
          6949   264.6758257
          6950   264.6981859
          6951   264.7205414
          6952   264.7428965
          6953   264.7652516
          6954   264.7876067
          6955   264.8099595
          6956   264.8323095
          6957   264.8546596
          6958   264.8770096
          6959   264.8993596
          6960   264.9217047
          6961   264.9440497
          6962   264.9663947
          6963   264.9887396
          6964   265.0110821
          6965    265.033422
          6966   265.0557619
          6967   265.0781018
          6968   265.1004417
          6969   265.1227765
          6970   265.1451114
          6971   265.1674462
          6972   265.1897811
          6973   265.2121132
          6974    265.234443
          6975   265.2567729
          6976   265.2791027
          6977   265.3014322
          6978   265.3237569
          6979   265.3460817
          6980   265.3684065
          6981   265.3907312
          6982   265.4130531
          6983   265.4353728
          6984   265.4576925
          6985   265.4800122
          6986   265.5023314
          6987   265.5246461
          6988   265.5469608
          6989   265.5692755
          6990   265.5915902
          6991   265.6139017
          6992   265.6362114
          6993   265.6585211
          6994   265.6808307
          6995   265.7031397
          6996   265.7254443
          6997   265.7477489
          6998   265.7700535
          6999   265.7923582
          7000   265.8146595
          7001   265.8369591
          7002   265.8592587
          7003   265.8815583
          7004    265.903857
          7005   265.9261516
          7006   265.9484462
          7007   265.9707408
          7008   265.9930353
          7009   266.0153265
          7010    266.037616
          7011   266.0599056
          7012   266.0821951
          7013   266.1044837
          7014   266.1267682
          7015   266.1490528
          7016   266.1713373
          7017   266.1936219
          7018   266.2159028
          7019   266.2381824
          7020   266.2604619
          7021   266.2827414
          7022   266.3050198
          7023   266.3272944
          7024   266.3495689
          7025   266.3718434
          7026    266.394118
          7027   266.4163888
          7028   266.4386583
          7029   266.4609278
          7030   266.4831974
          7031   266.5054657
          7032   266.5277302
          7033   266.5499947
          7034   266.5722592
          7035   266.5945237
          7036   266.6167845
          7037    266.639044
          7038   266.6613036
          7039   266.6835631
          7040   266.7058213
          7041   266.7280758
          7042   266.7503304
          7043   266.7725849
          7044   266.7948394
          7045   266.8170901
          7046   266.8393397
          7047   266.8615892
          7048   266.8838388
          7049   266.9060869
          7050   266.9283315
          7051   266.9505761
          7052   266.9728206
          7053   266.9950652
          7054   267.0173059
          7055   267.0395454
          7056    267.061785
          7057   267.0840246
          7058   267.1062628
          7059   267.1284974
          7060    267.150732
          7061   267.1729666
          7062   267.1952012
          7063   267.2174319
          7064   267.2396615
          7065   267.2618911
          7066   267.2841207
          7067   267.3063489
          7068   267.3285736
          7069   267.3507982
          7070   267.3730229
          7071   267.3952475
          7072   267.4174683
          7073    267.439688
          7074   267.4619077
          7075   267.4841274
          7076   267.5063456
          7077   267.5285603
          7078   267.5507751
          7079   267.5729898
          7080   267.5952045
          7081   267.6174154
          7082   267.6396251
          7083   267.6618349
          7084   267.6840446
          7085    267.706253
          7086   267.7284578
          7087   267.7506626
          7088   267.7728674
          7089   267.7950722
          7090   267.8172732
          7091   267.8394731
          7092   267.8616729
          7093   267.8838728
          7094   267.9060713
          7095   267.9282662
          7096   267.9504611
          7097    267.972656
          7098   267.9948509
          7099    268.017042
          7100    268.039232
          7101   268.0614219
          7102   268.0836119
          7103   268.1058006
          7104   268.1279856
          7105   268.1501706
          7106   268.1723556
          7107   268.1945406
          7108   268.2167219
          7109    268.238902
          7110   268.2610821
          7111   268.2832622
          7112   268.3054411
          7113   268.3276162
          7114   268.3497914
          7115   268.3719665
          7116   268.3941417
          7117   268.4163132
          7118   268.4384834
          7119   268.4606536
          7120   268.4828238
          7121   268.5049929
          7122   268.5271582
          7123   268.5493235
          7124   268.5714888
          7125   268.5936541
          7126   268.6158159
          7127   268.6379763
          7128   268.6601366
          7129    268.682297
          7130   268.7044564
          7131   268.7266118
          7132   268.7487673
          7133   268.7709227
          7134   268.7930782
          7135   268.8152302
          7136   268.8373808
          7137   268.8595313
          7138   268.8816818
          7139   268.9038315
          7140   268.9259771
          7141   268.9481228
          7142   268.9702684
          7143    268.992414
          7144   269.0145564
          7145   269.0366971
          7146   269.0588378
          7147   269.0809785
          7148   269.1031186
          7149   269.1252544
          7150   269.1473902
          7151    269.169526
          7152   269.1916618
          7153   269.2137945
          7154   269.2359254
          7155   269.2580563
          7156   269.2801872
          7157   269.3023176
          7158   269.3244436
          7159   269.3465697
          7160   269.3686957
          7161   269.3908217
          7162   269.4129448
          7163   269.4350659
          7164    269.457187
          7165   269.4793081
          7166   269.5014289
          7167   269.5235452
          7168   269.5456614
          7169   269.5677776
          7170   269.5898938
          7171   269.6120074
          7172   269.6341187
          7173   269.6562301
          7174   269.6783414
          7175   269.7004526
          7176   269.7225591
          7177   269.7446655
          7178    269.766772
          7179   269.7888784
          7180   269.8109825
          7181    269.833084
          7182   269.8551856
          7183   269.8772872
          7184   269.8993888
          7185   269.9214856
          7186   269.9435823
          7187    269.965679
          7188   269.9877757
          7189   270.0098702
          7190    270.031962
          7191   270.0540538
          7192   270.0761457
          7193   270.0982375
          7194   270.1203248
          7195   270.1424118
          7196   270.1644987
          7197   270.1865857
          7198   270.2086707
          7199   270.2307528
          7200   270.2528349
          7201    270.274917
          7202   270.2969991
          7203    270.319077
          7204   270.3411542
          7205   270.3632314
          7206   270.3853086
          7207   270.4073842
          7208   270.4294566
          7209    270.451529
          7210   270.4736013
          7211   270.4956737
          7212   270.5177422
          7213   270.5398097
          7214   270.5618772
          7215   270.5839447
          7216   270.6060109
          7217   270.6280735
          7218   270.6501362
          7219   270.6721989
          7220   270.6942615
          7221   270.7163206
          7222   270.7383784
          7223   270.7604362
          7224    270.782494
          7225   270.8045508
          7226   270.8266038
          7227   270.8486568
          7228   270.8707098
          7229   270.8927627
          7230   270.9148124
          7231   270.9368606
          7232   270.9589087
          7233   270.9809568
          7234   271.0030043
          7235   271.0250476
          7236   271.0470909
          7237   271.0691342
          7238   271.0911774
          7239   271.1132178
          7240   271.1352563
          7241   271.1572947
          7242   271.1793332
          7243   271.2013714
          7244    271.223405
          7245   271.2454386
          7246   271.2674722
          7247   271.2895059
          7248    271.311537
          7249   271.3335658
          7250   271.3555946
          7251   271.3776234
          7252   271.3996522
          7253   271.4216762
          7254   271.4437002
          7255   271.4657242
          7256   271.4877481
          7257     271.50977
          7258   271.5317891
          7259   271.5538083
          7260   271.5758274
          7261   271.5978466
          7262   271.6198614
          7263   271.6418757
          7264   271.6638901
          7265   271.6859044
          7266    271.707917
          7267   271.7299266
          7268   271.7519361
          7269   271.7739456
          7270   271.7959551
          7271   271.8179607
          7272   271.8399655
          7273   271.8619702
          7274   271.8839749
          7275   271.9059783
          7276   271.9279782
          7277   271.9499781
          7278   271.9719781
          7279    271.993978
          7280   272.0159744
          7281   272.0379695
          7282   272.0599646
          7283   272.0819597
          7284    272.103954
          7285   272.1259443
          7286   272.1479346
          7287   272.1699249
          7288   272.1919152
          7289   272.2139025
          7290    272.235888
          7291   272.2578735
          7292   272.2798591
          7293   272.3018442
          7294   272.3238249
          7295   272.3458056
          7296   272.3677863
          7297   272.3897671
          7298   272.4117452
          7299   272.4337212
          7300   272.4556971
          7301    272.477673
          7302    272.499649
          7303   272.5216202
          7304   272.5435914
          7305   272.5655625
          7306   272.5875337
          7307   272.6095028
          7308   272.6314691
          7309   272.6534355
          7310   272.6754019
          7311   272.6973682
          7312   272.7193304
          7313    272.741292
          7314   272.7632536
          7315   272.7852152
          7316   272.8071752
          7317    272.829132
          7318   272.8510889
          7319   272.8730457
          7320   272.8950025
          7321   272.9169556
          7322   272.9389077
          7323   272.9608597
          7324   272.9828118
          7325   273.0047628
          7326   273.0267101
          7327   273.0486574
          7328   273.0706047
          7329   273.0925519
          7330   273.1144961
          7331   273.1364386
          7332   273.1583811
          7333   273.1803236
          7334   273.2022657
          7335   273.2242034
          7336   273.2461412
          7337   273.2680789
          7338   273.2900167
          7339   273.3119518
          7340   273.3338848
          7341   273.3558178
          7342   273.3777509
          7343   273.3996839
          7344   273.4216122
          7345   273.4435404
          7346   273.4654687
          7347   273.4873969
          7348   273.5093231
          7349   273.5312466
          7350   273.5531701
          7351   273.5750936
          7352   273.5970171
          7353   273.6189365
          7354   273.6408553
          7355    273.662774
          7356   273.6846928
          7357   273.7066101
          7358   273.7285241
          7359   273.7504381
          7360   273.7723521
          7361   273.7942661
          7362   273.8161766
          7363   273.8380859
          7364   273.8599952
          7365   273.8819044
          7366   273.9038129
          7367   273.9257174
          7368    273.947622
          7369   273.9695265
          7370    273.991431
          7371   274.0133327
          7372   274.0352325
          7373   274.0571323
          7374   274.0790321
          7375   274.1009317
          7376   274.1228267
          7377   274.1447218
          7378   274.1666169
          7379    274.188512
          7380   274.2104048
          7381   274.2322951
          7382   274.2541855
          7383   274.2760758
          7384   274.2979662
          7385   274.3198522
          7386   274.3417378
          7387   274.3636235
          7388   274.3855091
          7389   274.4073931
          7390    274.429274
          7391   274.4511549
          7392   274.4730358
          7393   274.4949167
          7394    274.516794
          7395   274.5386702
          7396   274.5605464
          7397   274.5824226
          7398   274.6042978
          7399   274.6261693
          7400   274.6480408
          7401   274.6699123
          7402   274.6917837
          7403   274.7136523
          7404    274.735519
          7405   274.7573858
          7406   274.7792526
          7407   274.8011191
          7408   274.8229812
          7409   274.8448432
          7410   274.8667053
          7411   274.8885673
          7412   274.9104272
          7413   274.9322845
          7414   274.9541419
          7415   274.9759992
          7416   274.9978566
          7417    275.019714
