         -2335   -45.0972898
         -2334  -45.02339861
         -2333  -44.94950743
         -2332  -44.87566577
         -2331   -44.8019247
         -2330  -44.72832937
         -2329   -44.6548297
         -2328  -44.58142516
         -2327  -44.50813165
         -2326  -44.43496997
         -2325  -44.36190189
         -2324  -44.28892687
         -2323  -44.21607683
         -2322  -44.14334127
         -2321  -44.07069728
         -2320  -43.99814435
         -2319  -43.92573369
         -2318  -43.85341686
         -2317  -43.78118962
         -2316  -43.70906965
         -2315  -43.63707617
         -2314  -43.56517081
         -2313  -43.49335309
         -2312  -43.42166584
         -2311  -43.35007862
         -2310   -43.2785776
         -2309  -43.20717663
         -2308  -43.13590382
         -2307  -43.06471582
         -2306  -42.99361213
         -2305  -42.92263733
         -2304  -42.85175869
         -2303  -42.78096298
         -2302  -42.71027014
         -2301  -42.63969725
         -2300  -42.56920593
         -2299  -42.49879573
         -2298  -42.42852263
         -2297  -42.35833216
         -2296  -42.28822146
         -2295  -42.21822609
         -2294  -42.14833294
         -2293  -42.07851826
         -2292  -42.00879893
         -2291  -41.93919966
         -2290  -41.86967754
         -2289   -41.8002326
         -2288  -41.73092377
         -2287   -41.6616908
         -2286  -41.59253328
         -2285  -41.52349683
         -2284  -41.45454965
         -2283  -41.38567665
         -2282  -41.31691049
         -2281  -41.24824578
         -2280    -41.179654
         -2279  -41.11115651
         -2278  -41.04277097
         -2277  -40.97445712
         -2276   -40.9062267
         -2275  -40.83811708
         -2274  -40.77007794
         -2273  -40.70211299
         -2272  -40.63427608
         -2271  -40.56650845
         -2270   -40.4988097
         -2269  -40.43124001
         -2268  -40.36374072
         -2267  -40.29630915
         -2266    -40.229001
         -2265  -40.16176694
         -2264  -40.09459944
         -2263  -40.02755128
         -2262  -39.96057936
         -2261  -39.89367284
         -2260  -39.82688314
         -2259  -39.76017031
         -2258  -39.69352175
         -2257  -39.62698897
         -2256  -39.56053221
         -2255   -39.4941386
         -2254  -39.42786124
         -2253  -39.36165757
         -2252  -39.29551595
         -2251  -39.22949249
         -2250  -39.16353896
         -2249   -39.0976464
         -2248  -39.03187536
         -2247  -38.96616906
         -2246  -38.90052366
         -2245  -38.83500254
         -2244   -38.7695406
         -2243   -38.7041454
         -2242  -38.63886684
         -2241  -38.57364641
         -2240  -38.50849993
         -2239  -38.44346111
         -2238  -38.37847938
         -2237  -38.31358017
         -2236  -38.24877829
         -2235  -38.18403248
         -2234   -38.1193791
         -2233   -38.0548114
         -2232  -37.99029877
         -2231  -37.92588977
         -2230  -37.86155354
         -2229  -37.79727136
         -2228  -37.73310534
         -2227  -37.66899786
         -2226  -37.60495279
         -2225  -37.54101899
         -2224   -37.4771376
         -2223  -37.41333339
         -2222  -37.34962401
         -2221  -37.28596609
         -2220  -37.22240133
         -2219  -37.15891376
         -2218  -37.09547669
         -2217     -37.03215
         -2216  -36.96888165
         -2215  -36.90567348
         -2214  -36.84257287
         -2213  -36.77952119
         -2212  -36.71654902
         -2211  -36.65366347
         -2210  -36.59082592
         -2209   -36.5280884
         -2208  -36.46541539
         -2207  -36.40279469
         -2206  -36.34028526
         -2205  -36.27782232
         -2204  -36.21543424
         -2203  -36.15313332
         -2202  -36.09087799
         -2201  -36.02872119
         -2200  -35.96662633
         -2199  -35.90458468
         -2198  -35.84264936
         -2197  -35.78075816
         -2196  -35.71894581
         -2195  -35.65721262
         -2194   -35.5955227
         -2193  -35.53393833
         -2192  -35.47240492
         -2191  -35.41093405
         -2190  -35.34955624
         -2189  -35.28822026
         -2188  -35.22697543
         -2187  -35.16579357
         -2186  -35.10466128
         -2185  -35.04363264
         -2184  -34.98264444
         -2183  -34.92173625
         -2182  -34.86089982
         -2181  -34.80010321
         -2180  -34.73941766
         -2179  -34.67877118
         -2178  -34.61819677
         -2177  -34.55769974
         -2176  -34.49724099
         -2175  -34.43688751
         -2174  -34.37657679
         -2173  -34.31633331
         -2172  -34.25616977
         -2171  -34.19604318
         -2170  -34.13601876
         -2169  -34.07603795
         -2168  -34.01612259
         -2167  -33.95628672
         -2166   -33.8964865
         -2165  -33.83678835
         -2164   -33.7771317
         -2163  -33.71754169
         -2162  -33.65802777
         -2161  -33.59854823
         -2160  -33.53917359
         -2159  -33.47983543
         -2158  -33.42056803
         -2157  -33.36137044
         -2156  -33.30220996
         -2155  -33.24315213
         -2154  -33.18412691
         -2153  -33.12517939
         -2152   -33.0662926
         -2151  -33.00745111
         -2150  -32.94870196
         -2149  -32.88998421
         -2148  -32.83135388
         -2147  -32.77277247
         -2146  -32.71424729
         -2145  -32.65580142
         -2144  -32.59738577
         -2143  -32.53906998
         -2142   -32.4807886
         -2141  -32.42257707
         -2140  -32.36442918
         -2139  -32.30632162
         -2138  -32.24830646
         -2137  -32.19031986
         -2136  -32.13241936
         -2135  -32.07456424
         -2134  -32.01676685
         -2133  -31.95904244
         -2132  -31.90134786
         -2131  -31.84375341
         -2130  -31.78618592
         -2129  -31.72869611
         -2128  -31.67125736
         -2127   -31.6138695
         -2126  -31.55655875
         -2125  -31.49927385
         -2124  -31.44208907
         -2123  -31.38493097
         -2122  -31.32784729
         -2121  -31.27081526
         -2120  -31.21383241
         -2119  -31.15692571
         -2118  -31.10004342
         -2117  -31.04326132
         -2116  -30.98650311
         -2115  -30.92982108
         -2114  -30.87318631
         -2113  -30.81660401
         -2112  -30.76009197
         -2111  -30.70360911
         -2110  -30.64721908
         -2109  -30.59085147
         -2108  -30.53456668
         -2107  -30.47831994
         -2106  -30.42213377
         -2105  -30.36600721
         -2104   -30.3099194
         -2103  -30.25391232
         -2102  -30.19792622
         -2101  -30.14203431
         -2100  -30.08616657
         -2099   -30.0303722
         -2098  -29.97462215
         -2097  -29.91892506
         -2096  -29.86329201
         -2095  -29.80769193
         -2094  -29.75217521
         -2093  -29.69667765
         -2092  -29.64127079
         -2091  -29.58588848
         -2090  -29.53057784
         -2089   -29.4753101
         -2088  -29.42009541
         -2087  -29.36494159
         -2086  -29.30982259
         -2085  -29.25478201
         -2084  -29.19975886
         -2083  -29.14483046
         -2082  -29.08991951
         -2081  -29.03508602
         -2080  -28.98028662
         -2079  -28.92554778
         -2078  -28.87085928
         -2077  -28.81621484
         -2076   -28.7616366
         -2075   -28.7070863
         -2074  -28.65261767
         -2073  -28.59816441
         -2072  -28.54380162
         -2071  -28.48945696
         -2070  -28.43518753
         -2069  -28.38095085
         -2068  -28.32677455
         -2067  -28.27264522
         -2066  -28.21856178
         -2065  -28.16453917
         -2064  -28.11054835
         -2063  -28.05663185
         -2062   -28.0027334
         -2061  -27.94892239
         -2060  -27.89512439
         -2059  -27.84140992
         -2058  -27.78771643
         -2057  -27.73409358
         -2056  -27.68050401
         -2055  -27.62697253
         -2054  -27.57348626
         -2053  -27.52004591
         -2052  -27.46666235
         -2051  -27.41331288
         -2050  -27.36003142
         -2049  -27.30677259
         -2048  -27.25359265
         -2047   -27.2004242
         -2046  -27.14734519
         -2045  -27.09427661
         -2044  -27.04128822
         -2043  -26.98831963
         -2042  -26.93542092
         -2041  -26.88255174
         -2040  -26.82974245
         -2039  -26.77697211
         -2038  -26.72425201
         -2037  -26.67157993
         -2036  -26.61894877
         -2035  -26.56637438
         -2034  -26.51383194
         -2033  -26.46135467
         -2032  -26.40890069
         -2031  -26.35651998
         -2030  -26.30415424
         -2029  -26.25186952
         -2028  -26.19959247
         -2027   -26.1474025
         -2026  -26.09522056
         -2025  -26.04311812
         -2024  -25.99103073
         -2023  -25.93901559
         -2022  -25.88702221
         -2021  -25.83509414
         -2020  -25.78319422
         -2019  -25.73135299
         -2018  -25.67954598
         -2017  -25.62779135
         -2016  -25.57607671
         -2015  -25.52440845
         -2014  -25.47278565
         -2013  -25.42120354
         -2012  -25.36967203
         -2011  -25.31817584
         -2010  -25.26673509
         -2009  -25.21532459
         -2008  -25.16397407
         -2007  -25.11264904
         -2006  -25.06138823
         -2005  -25.01014843
         -2004   -24.9589768
         -2003  -24.90782201
         -2002  -24.85673904
         -2001  -24.80566904
         -2000  -24.75467422
         -1999  -24.70368878
         -1998  -24.65278158
         -1997  -24.60188048
         -1996  -24.55106039
         -1995  -24.50024342
         -1994  -24.44950993
         -1993  -24.39877886
         -1992  -24.34812946
         -1991   -24.2974842
         -1990  -24.24691825
         -1989  -24.19635831
         -1988   -24.1458756
         -1987  -24.09540046
         -1986  -24.04500076
         -1985  -23.99460994
         -1984  -23.94429304
         -1983  -23.89398604
         -1982  -23.84375173
         -1981  -23.79352804
         -1980   -23.7433761
         -1979  -23.69323525
         -1978  -23.64316546
         -1977  -23.59310697
         -1976  -23.54311911
         -1975  -23.49314248
         -1974  -23.44323635
         -1973  -23.39334111
         -1972  -23.34351649
         -1971  -23.29370215
         -1970  -23.24395882
         -1969  -23.19422492
         -1968  -23.14456268
         -1967  -23.09490874
         -1966  -23.04532737
         -1965  -22.99575291
         -1964   -22.9462522
         -1963  -22.89675677
         -1962  -22.84733652
         -1961  -22.79791964
         -1960  -22.74857963
         -1959  -22.69924084
         -1958  -22.64998086
         -1957  -22.60072089
         -1956  -22.55153956
         -1955  -22.50235941
         -1954  -22.45325505
         -1953  -22.40415452
         -1952  -22.35512668
         -1951  -22.30610556
         -1950  -22.25715378
         -1949  -22.20821186
         -1948  -22.15933569
         -1947  -22.11047278
         -1946  -22.06167178
         -1945  -22.01288766
         -1944  -21.96416138
         -1943  -21.91545586
         -1942  -21.86680385
         -1941  -21.81817672
         -1940  -21.76959855
         -1939  -21.72104961
         -1938  -21.67254484
         -1937  -21.62407389
         -1936  -21.57564209
         -1935  -21.52724892
         -1934  -21.47888965
         -1933  -21.43057406
         -1932  -21.38228689
         -1931   -21.3340487
         -1930   -21.2858332
         -1929  -21.23767219
         -1928  -21.18952795
         -1927  -21.14144392
         -1926   -21.0933705
         -1925  -21.04536327
         -1924  -20.99736026
         -1923  -20.94942962
         -1922  -20.90149898
         -1921  -20.85364234
         -1920   -20.8057881
         -1919  -20.75800084
         -1918   -20.7102228
         -1917   -20.6625045
         -1916  -20.61480247
         -1915  -20.56715271
         -1914  -20.51952649
         -1913  -20.47194488
         -1912  -20.42439427
         -1911  -20.37688039
         -1910  -20.32940521
         -1909  -20.28195866
         -1908  -20.23455871
         -1907  -20.18717909
         -1906  -20.13985417
         -1905  -20.09254108
         -1904  -20.04529101
         -1903  -19.99804404
         -1902  -19.95086864
         -1901  -19.90369323
         -1900  -19.85658646
         -1899  -19.80948552
         -1898   -19.7624439
         -1897  -19.71541724
         -1896  -19.66844037
         -1895   -19.6214878
         -1894  -19.57457531
         -1893  -19.52769664
         -1892  -19.48084813
         -1891  -19.43404317
         -1890  -19.38725825
         -1889  -19.34052682
         -1888  -19.29380512
         -1887  -19.24714703
         -1886  -19.20048894
         -1885  -19.15390323
         -1884  -19.10731829
         -1883  -19.06079486
         -1882  -19.01428289
         -1881  -18.96782135
         -1880  -18.92138216
         -1879  -18.87498214
         -1878  -18.82861556
         -1877  -18.78227669
         -1876  -18.73598252
         -1875  -18.68970444
         -1874   -18.6434825
         -1873  -18.59726483
         -1872  -18.55111495
         -1871  -18.50496506
         -1870  -18.45887931
         -1869   -18.4128013
         -1868  -18.36677505
         -1867  -18.32076872
         -1866  -18.27480162
         -1865   -18.2288668
         -1864  -18.18295848
         -1863  -18.13709499
         -1862   -18.0912451
         -1861  -18.04545276
         -1860  -17.99966095
         -1859  -17.95393958
         -1858   -17.9082182
         -1857   -17.8625549
         -1856  -17.81690432
         -1855   -17.7712982
         -1854  -17.72571824
         -1853  -17.68016897
         -1852  -17.63465944
         -1851  -17.58916666
         -1850   -17.5437274
         -1849  -17.49829077
         -1848  -17.45292159
         -1847  -17.40755241
         -1846   -17.3622415
         -1845  -17.31694223
         -1844  -17.27168661
         -1843  -17.22645707
         -1842  -17.18125641
         -1841  -17.13609643
         -1840  -17.09095038
         -1839   -17.0458598
         -1838  -17.00076921
         -1837  -16.95574665
         -1836  -16.91072528
         -1835   -16.8657565
         -1834  -16.82080417
         -1833  -16.77588884
         -1832  -16.73100537
         -1831  -16.68614315
         -1830  -16.64132839
         -1829  -16.59651896
         -1828  -16.55177272
         -1827  -16.50702649
         -1826  -16.46233788
         -1825     -16.41766
         -1824  -16.37302335
         -1823  -16.32841366
         -1822  -16.28382867
         -1821  -16.23928699
         -1820  -16.19475333
         -1819   -16.1502795
         -1818  -16.10580568
         -1817   -16.0613907
         -1816  -16.01698456
         -1815  -15.97262011
         -1814  -15.92828149
         -1813  -15.88396725
         -1812  -15.83969597
         -1811  -15.79543163
         -1810  -15.75122753
         -1809  -15.70702343
         -1808  -15.66287569
         -1807  -15.61873861
         -1806  -15.57463999
         -1805  -15.53056975
         -1804  -15.48651994
         -1803  -15.44251639
         -1802  -15.39851508
         -1801  -15.35457805
         -1800  -15.31064101
         -1799  -15.26675426
         -1798  -15.22288358
         -1797  -15.17904457
         -1796  -15.13524008
         -1795   -15.0914485
         -1794  -15.04771004
         -1793  -15.00397159
         -1792  -14.96029301
         -1791  -14.91662042
         -1790  -14.87298853
         -1789  -14.82938164
         -1788  -14.78579614
         -1787  -14.74225479
         -1786  -14.69871538
         -1785  -14.65523942
         -1784  -14.61176346
         -1783  -14.56833507
         -1782  -14.52492434
         -1781   -14.4815413
         -1780  -14.43819563
         -1779  -14.39485766
         -1778  -14.35157689
         -1777  -14.30829612
         -1776  -14.26506768
         -1775  -14.22185165
         -1774  -14.17866755
         -1773  -14.13551611
         -1772  -14.09237606
         -1771  -14.04928905
         -1770  -14.00620204
         -1769  -13.96317004
         -1768   -13.9201473
         -1767  -13.87715864
         -1766  -13.83420001
         -1765  -13.79125442
         -1764  -13.74835975
         -1763  -13.70546508
         -1762  -13.66262608
         -1761  -13.61979521
         -1760  -13.57699857
         -1759  -13.53423135
         -1758   -13.4914768
         -1757  -13.44877307
         -1756  -13.40606933
         -1755  -13.36341994
         -1754  -13.32077954
         -1753  -13.27817154
         -1752  -13.23559433
         -1751  -13.19302745
         -1750  -13.15051327
         -1749  -13.10799909
         -1748  -13.06553595
         -1747  -13.02308465
         -1746  -12.98066196
         -1745  -12.93827338
         -1744  -12.89589087
         -1743  -12.85356487
         -1742  -12.81123886
         -1741   -12.7689587
         -1740  -12.72669511
         -1739  -12.68445446
         -1738  -12.64225315
         -1737  -12.60005183
         -1736  -12.55791255
         -1735  -12.51577336
         -1734  -12.47367293
         -1733   -12.4315957
         -1732  -12.38953387
         -1731  -12.34751847
         -1730  -12.30550306
         -1729  -12.26354124
         -1728   -12.2215875
         -1727  -12.17966363
         -1726  -12.13777141
         -1725  -12.09588523
         -1724  -12.05405439
         -1723  -12.01222355
         -1722  -11.97043604
         -1721  -11.92866642
         -1720  -11.88691596
         -1719  -11.84520742
         -1718  -11.80349888
         -1717  -11.76184616
         -1716  -11.72019855
         -1715  -11.67858225
         -1714  -11.63699543
         -1713   -11.5954153
         -1712  -11.55388912
         -1711  -11.51236293
         -1710  -11.47087923
         -1709  -11.42941354
         -1708  -11.38796539
         -1707  -11.34656005
         -1706  -11.30515471
         -1705  -11.26380207
         -1704  -11.22245693
         -1703  -11.18113923
         -1702  -11.13985416
         -1701  -11.09857115
         -1700  -11.05734599
         -1699  -11.01612083
         -1698  -10.97493206
         -1697  -10.93376667
         -1696    -10.892612
         -1695  -10.85150624
         -1694  -10.81040048
         -1693  -10.76933916
         -1692  -10.72829288
         -1691  -10.68726505
         -1690  -10.64627812
         -1689   -10.6052912
         -1688  -10.56435583
         -1687  -10.52342811
         -1686  -10.48252563
         -1685  -10.44165697
         -1684  -10.40078832
         -1683  -10.35997744
         -1682   -10.3191677
         -1681  -10.27838913
         -1680  -10.23763818
         -1679   -10.1968917
         -1678  -10.15619939
         -1677  -10.11550707
         -1676  -10.07485097
         -1675  -10.03421715
         -1674  -9.993592558
         -1673  -9.953017111
         -1672  -9.912441665
         -1671  -9.871906587
         -1670  -9.831389365
         -1669  -9.790885227
         -1668  -9.750426093
         -1667  -9.709966959
         -1666  -9.669551496
         -1665  -9.629150311
         -1664  -9.588765223
         -1663   -9.54842185
         -1662  -9.508078478
         -1661  -9.467781229
         -1660  -9.427495532
         -1659    -9.3872281
         -1658  -9.346999942
         -1657  -9.306771784
         -1656  -9.266591364
         -1655  -9.226420609
         -1654  -9.186269453
         -1653  -9.146155966
         -1652  -9.106042478
         -1651  -9.065977514
         -1650  -9.025921159
         -1649  -8.985884915
         -1648  -8.945885557
         -1647  -8.905886199
         -1646  -8.865935334
         -1645   -8.82599284
         -1644  -8.786070155
         -1643   -8.74618439
         -1642  -8.706298624
         -1641  -8.666460515
         -1640  -8.626631345
         -1639  -8.586820882
         -1638  -8.547048175
         -1637  -8.507275468
         -1636  -8.467548784
         -1635  -8.427832407
         -1634  -8.388132843
         -1633  -8.348472663
         -1632  -8.308812484
         -1631  -8.269195909
         -1630  -8.229591795
         -1629  -8.190001819
         -1628  -8.150453639
         -1627  -8.110905459
         -1626  -8.071397692
         -1625  -8.031905315
         -1624  -7.992423631
         -1623  -7.952986926
         -1622  -7.913550221
         -1621  -7.874149972
         -1620  -7.834768809
         -1619  -7.795394133
         -1618  -7.756068382
         -1617  -7.716742632
         -1616  -7.677448624
         -1615  -7.638178156
         -1614  -7.598909219
         -1613  -7.559693904
         -1612  -7.520478588
         -1611  -7.481289561
         -1610   -7.44212927
         -1609  -7.402968979
         -1608   -7.36385942
         -1607  -7.324754025
         -1606  -7.285668728
         -1605  -7.246618101
         -1604  -7.207567475
         -1603  -7.168560897
         -1602  -7.129564911
         -1601  -7.090582107
         -1600  -7.051640634
         -1599  -7.012699161
         -1598  -6.973794337
         -1597   -6.93490725
         -1596  -6.896025715
         -1595  -6.857192888
         -1594  -6.818360062
         -1593  -6.779555773
         -1592  -6.740777081
         -1591  -6.701998388
         -1590  -6.663270918
         -1589  -6.624546234
         -1588  -6.585841276
         -1587  -6.547170475
         -1586  -6.508499674
         -1585  -6.469870812
         -1584  -6.431253769
         -1583   -6.39264695
         -1582   -6.35408354
         -1581   -6.31552013
         -1580  -6.276988691
         -1579  -6.238478791
         -1578  -6.199968931
         -1577  -6.161512415
         -1576    -6.1230559
         -1575  -6.084620712
         -1574  -6.046217458
         -1573  -6.007814205
         -1572  -5.969453275
         -1571   -5.93110316
         -1570  -5.892763061
         -1569  -5.854465963
         -1568  -5.816168864
         -1567  -5.777902325
         -1566   -5.73965812
         -1565  -5.701413915
         -1564  -5.663220529
         -1563  -5.625029095
         -1562  -5.586855805
         -1561  -5.548717022
         -1560  -5.510578239
         -1559  -5.472477412
         -1558  -5.434391158
         -1557  -5.396309986
         -1556   -5.35827614
         -1555  -5.320242293
         -1554  -5.282232903
         -1553  -5.244251344
         -1552  -5.206269785
         -1551  -5.168331779
         -1550  -5.130402388
         -1549  -5.092483322
         -1548  -5.054605978
         -1547  -5.016728633
         -1546   -4.97888028
         -1545  -4.941054863
         -1544  -4.903229447
         -1543  -4.865451413
         -1542  -4.827677805
         -1541   -4.78991801
         -1540  -4.752196092
         -1539  -4.714474174
         -1538  -4.676784037
         -1537  -4.639113691
         -1536  -4.601443344
         -1535  -4.563822478
         -1534  -4.526203585
         -1533  -4.488600267
         -1532   -4.45103271
         -1531  -4.413465153
         -1530  -4.375930454
         -1529  -4.338414115
         -1528  -4.300897777
         -1527  -4.263431314
         -1526  -4.225966077
         -1525  -4.188516486
         -1524  -4.151102233
         -1523  -4.113687981
         -1522  -4.076305984
         -1521    -4.0389426
         -1520  -4.001579216
         -1519  -3.964264436
         -1518  -3.926951805
         -1517  -3.889653231
         -1516  -3.852391236
         -1515  -3.815129241
         -1514  -3.777897252
         -1513  -3.740685779
         -1512  -3.703474305
         -1511  -3.666308529
         -1510  -3.629147462
         -1509  -3.591997238
         -1508  -3.554886463
         -1507  -3.517775688
         -1506  -3.480691053
         -1505  -3.443630455
         -1504  -3.406569858
         -1503  -3.369550446
         -1502  -3.332539912
         -1501  -3.295535409
         -1500  -3.258574825
         -1499  -3.221614241
         -1498  -3.184674347
         -1497    -3.1477636
         -1496  -3.110852853
         -1495  -3.073977206
         -1494  -3.037116183
         -1493  -3.000255159
         -1492  -2.963443401
         -1491  -2.926631988
         -1490  -2.889834261
         -1489  -2.853072348
         -1488  -2.816310434
         -1487  -2.779575993
         -1486  -2.742863466
         -1485   -2.70615094
         -1484   -2.66947943
         -1483  -2.632816178
         -1482  -2.596158083
         -1481  -2.559543995
         -1480  -2.522929908
         -1479  -2.486334151
         -1478  -2.449769116
         -1477  -2.413204081
         -1476  -2.376670313
         -1475   -2.34015422
         -1474  -2.303638128
         -1473     -2.267166
         -1472  -2.230698739
         -1471  -2.194239183
         -1470  -2.157820645
         -1469  -2.121402106
         -1468   -2.08500361
         -1467  -2.048633683
         -1466  -2.012263757
         -1465  -1.975925976
         -1464  -1.939604553
         -1463  -1.903283129
         -1462  -1.867005723
         -1461  -1.830732693
         -1460  -1.794467036
         -1459  -1.758242291
         -1458  -1.722017547
         -1457  -1.685811694
         -1456  -1.649635126
         -1455  -1.613458558
         -1454  -1.577312174
         -1453  -1.541183674
         -1452  -1.505055175
         -1451  -1.468967923
         -1450  -1.432887384
         -1449  -1.396811078
         -1448  -1.360778392
         -1447  -1.324745707
         -1446  -1.288727975
         -1445  -1.252743036
         -1444  -1.216758096
         -1443  -1.180798608
         -1442  -1.144861308
         -1441  -1.108924008
         -1440  -1.073022434
         -1439  -1.037132667
         -1438  -1.001242899
         -1437 -0.9653989133
         -1436 -0.9295565722
         -1435 -0.8937225273
         -1434 -0.8579275068
         -1433 -0.8221324862
         -1432 -0.7863554844
         -1431 -0.7506076787
         -1430  -0.714859873
         -1429 -0.6791395916
         -1428 -0.6434388954
         -1427 -0.6077381992
         -1426 -0.5720743168
         -1425 -0.5364206252
         -1424 -0.5007669335
         -1423 -0.4651591304
         -1422 -0.4295523386
         -1421 -0.3939535012
         -1420 -0.3583935048
         -1419 -0.3228335084
         -1418 -0.2872902197
         -1417 -0.2517769146
         -1416 -0.2162636095
         -1415 -0.1807755543
         -1414 -0.1453088366
         -1413  -0.109842119
         -1412-0.07440898343
         -1411-0.03898874978
         -1410-0.003568516137
         -1409 0.03181001201
         -1408  0.0671838649
         -1407  0.1025543741
         -1406  0.1378819492
         -1405  0.1732095242
         -1404  0.2085259433
         -1403  0.2438073431
         -1402  0.2790887429
         -1401  0.3143513797
         -1400  0.3495867066
         -1399  0.3848220335
         -1398  0.4200311945
         -1397  0.4552205506
         -1396  0.4904099066
         -1395  0.5255658967
         -1394  0.5607093836
         -1393  0.5958528705
         -1392  0.6309559931
         -1391  0.6660537124
         -1390   0.701149936
         -1389  0.7362019887
         -1388  0.7712540415
         -1387  0.8062978991
         -1386  0.8413043862
         -1385  0.8763108733
         -1384  0.9113026643
         -1383  0.9462636863
         -1382  0.9812247083
         -1381    1.01616473
         -1380   1.051080388
         -1379   1.085996045
         -1378   1.120884595
         -1377   1.155754987
         -1376    1.19062538
         -1375   1.225462752
         -1374   1.260287979
         -1373   1.295113206
         -1372   1.329899694
         -1371   1.364679856
         -1370   1.399460018
         -1369   1.434195914
         -1368   1.468931109
         -1367   1.503661571
         -1366   1.538351899
         -1365   1.573042226
         -1364   1.607722577
         -1363   1.642368136
         -1362   1.677013695
         -1361   1.711644223
         -1360   1.746245111
         -1359   1.780845999
         -1358    1.81542699
         -1357   1.849983306
         -1356   1.884539621
         -1355   1.919071362
         -1354   1.953583202
         -1353   1.988095042
         -1352   2.022577816
         -1351   2.057045278
         -1350   2.091512741
         -1349    2.12594683
         -1348   2.160370012
         -1347   2.194793195
         -1346   2.229178879
         -1345   2.263557878
         -1344   2.297936878
         -1343   2.332274438
         -1342   2.366609351
         -1341   2.400943056
         -1340   2.435233978
         -1339     2.4695249
         -1338    2.50381094
         -1337   2.538057967
         -1336   2.572304995
         -1335   2.606543646
         -1334   2.640746875
         -1333   2.674950104
         -1332    2.70914164
         -1331   2.743301167
         -1330   2.777460693
         -1329   2.811605388
         -1328   2.845721307
         -1327   2.879837225
         -1326    2.91393535
         -1325   2.948007756
         -1324   2.982080162
         -1323   3.016131988
         -1322   3.050160976
         -1321   3.084189964
         -1320    3.11819576
         -1319   3.152181425
         -1318   3.186167089
         -1317   3.220127123
         -1316   3.254069558
         -1315   3.288011994
         -1314   3.321926531
         -1313   3.355825832
         -1312   3.389725132
         -1311   3.423594439
         -1310   3.457450698
         -1309   3.491306957
         -1308   3.525131297
         -1307   3.558944608
         -1306   3.592757918
         -1305   3.626537555
         -1304    3.66030801
         -1303   3.694078466
         -1302    3.72781366
         -1301   3.761541353
         -1300   3.795269047
         -1299   3.828960058
         -1298   3.862645082
         -1297   3.896330106
         -1296   3.929977194
         -1295    3.96361964
         -1294   3.997262087
         -1293   4.030865509
         -1292    4.06446547
         -1291   4.098065432
         -1290   4.131625444
         -1289   4.165183012
         -1288   4.198740581
         -1287   4.232257437
         -1286   4.265772704
         -1285   4.299287971
         -1284   4.332761927
         -1283   4.366234983
         -1282    4.39970804
         -1281   4.433139347
         -1280   4.466570284
         -1279   4.500001222
         -1278   4.533390132
         -1277   4.566779041
         -1276   4.600167741
         -1275   4.633514712
         -1274   4.666861683
         -1273   4.700208395
         -1272   4.733513519
         -1271   4.766818642
         -1270   4.800123613
         -1269   4.833386979
         -1268   4.866650345
         -1267   4.899913712
         -1266   4.933135521
         -1265   4.966357219
         -1264   4.999578918
         -1263   5.032759567
         -1262   5.065939688
         -1261   5.099119808
         -1260   5.132259543
         -1259   5.165398175
         -1258   5.198536806
         -1257   5.231635869
         -1256   5.264733101
         -1255   5.297830333
         -1254   5.330888964
         -1253   5.363944885
         -1252   5.397000806
         -1251   5.430019248
         -1250   5.463033946
         -1249   5.496048645
         -1248   5.529027135
         -1247     5.5620007
         -1246   5.594974265
         -1245   5.627913042
         -1244   5.660845561
         -1243    5.69377808
         -1242   5.726677381
         -1241   5.759568941
         -1240   5.792460502
         -1239   5.825320563
         -1238   5.858171253
         -1237   5.891021943
         -1236   5.923842998
         -1235   5.956652905
         -1234   5.989462812
         -1233   6.022245095
         -1232   6.055014306
         -1231   6.087783517
         -1230    6.12052726
         -1229   6.153255861
         -1228   6.185984463
         -1227   6.218689897
         -1226   6.251377976
         -1225   6.284066055
         -1224   6.316733411
         -1223   6.349381054
         -1222   6.382028696
         -1221   6.414658202
         -1220   6.447265495
         -1219   6.479872787
         -1218   6.512464671
         -1217     6.5450317
         -1216   6.577598728
         -1215   6.610153217
         -1214   6.642680066
         -1213   6.675206916
         -1212   6.707724235
         -1211   6.740210992
         -1210   6.772697748
         -1209   6.805178122
         -1208   6.837624871
         -1207   6.870071619
         -1206   6.902515272
         -1205   6.934922097
         -1204   6.967328923
         -1203   6.999735748
         -1202   7.032103063
         -1201    7.06447005
         -1200   7.096837037
         -1199   7.129168157
         -1198   7.161495391
         -1197   7.193822624
         -1196   7.226117771
         -1195   7.258405335
         -1194   7.290692898
         -1193    7.32295229
         -1192   7.355200268
         -1191   7.387448246
         -1190     7.4196721
         -1189   7.451880577
         -1188   7.484089053
         -1187   7.516277586
         -1186   7.548446645
         -1185   7.580615703
         -1184   7.612769131
         -1183   7.644898854
         -1182   7.677028578
         -1181   7.709147115
         -1180   7.741237586
         -1179   7.773328058
         -1178   7.805411918
         -1177   7.837463221
         -1176   7.869514523
         -1175   7.901563919
         -1174   7.933576135
         -1173   7.965588352
         -1172   7.997600568
         -1171   8.029576706
         -1170   8.061549919
         -1169   8.093523131
         -1168   8.125465309
         -1167     8.1573996
         -1166   8.189333891
         -1165   8.221242316
         -1164   8.253137768
         -1163   8.285033219
         -1162   8.316908101
         -1161   8.348764794
         -1160   8.380621487
         -1159   8.412463033
         -1158    8.44428105
         -1157   8.476099067
         -1156   8.507907482
         -1155   8.539686904
         -1154   8.571466325
         -1153   8.603241815
         -1152   8.634982723
         -1151    8.66672363
         -1150   8.698464537
         -1149   8.730168873
         -1148   8.761871347
         -1147   8.793573821
         -1146   8.825245719
         -1145   8.856909841
         -1144   8.888573962
         -1143   8.920213624
         -1142   8.951839474
         -1141   8.983465323
         -1140    9.01507295
         -1139   9.046660607
         -1138   9.078248265
         -1137   9.109824057
         -1136   9.141373602
         -1135   9.172923147
         -1134   9.204467303
         -1133   9.235978815
         -1132   9.267490328
         -1131   9.299001841
         -1130   9.330476606
         -1129   9.361950166
         -1128   9.393423726
         -1127   9.424867328
         -1126   9.456303015
         -1125   9.487738702
         -1124   9.519151338
         -1123    9.55054923
         -1122   9.581947122
         -1121   9.613328986
         -1120   9.644689163
         -1119    9.67604934
         -1118   9.707400627
         -1117   9.738723167
         -1116   9.770045707
         -1115   9.801366608
         -1114    9.83265159
         -1113   9.863936572
         -1112   9.895221553
         -1111   9.926474782
         -1110   9.957722283
         -1109   9.988969785
         -1108   10.02019309
         -1107   10.05140319
         -1106   10.08261329
         -1105   10.11380686
         -1104   10.14497963
         -1103   10.17615241
         -1102   10.20731643
         -1101   10.23845196
         -1100   10.26958749
         -1099   10.30072216
         -1098   10.33182052
         -1097   10.36291888
         -1096   10.39401724
         -1095   10.42508564
         -1094   10.45614691
         -1093   10.48720818
         -1092   10.51824768
         -1091   10.54927193
         -1090   10.58029618
         -1089   10.61130696
         -1088   10.64229427
         -1087   10.67328159
         -1086   10.70426382
         -1085   10.73521428
         -1084   10.76616473
         -1083   10.79711518
         -1082   10.82803228
         -1081   10.85894595
         -1080   10.88985961
         -1079   10.92074861
         -1078   10.95162557
         -1077   10.98250253
         -1076   11.01336362
         -1075   11.04420394
         -1074   11.07504427
         -1073   11.10587762
         -1072   11.13668138
         -1071   11.16748515
         -1070   11.19828892
         -1069   11.22905823
         -1068   11.25982552
         -1067    11.2905928
         -1066   11.32133482
         -1065   11.35206569
         -1064   11.38279657
         -1063   11.41351146
         -1062   11.44420601
         -1061   11.47490056
         -1060    11.5055885
         -1059   11.53624679
         -1058   11.56690508
         -1057   11.59756337
         -1056   11.62818835
         -1055   11.65881046
         -1054   11.68943257
         -1053   11.72003104
         -1052   11.75061704
         -1051   11.78120304
         -1050   11.81177515
         -1049   11.84232512
         -1048   11.87287509
         -1047   11.90342103
         -1046   11.93393504
         -1045   11.96444905
         -1044   11.99496306
         -1043   12.02544711
         -1042   12.05592524
         -1041   12.08640336
         -1040   12.11686165
         -1039   12.14730397
         -1038   12.17774628
         -1037   12.20817898
         -1036   12.23858556
         -1035   12.26899214
         -1034   12.29939871
         -1033   12.32977033
         -1032   12.36014124
         -1031   12.39051216
         -1030    12.4208586
         -1029   12.45119392
         -1028   12.48152924
         -1027   12.51185067
         -1026   12.54215047
         -1025   12.57245028
         -1024   12.60274687
         -1023   12.63301122
         -1022   12.66327558
         -1021   12.69353994
         -1020   12.72377647
         -1019   12.75400546
         -1018   12.78423444
         -1017   12.81444654
         -1016   12.84464022
         -1015   12.87483391
         -1014   12.90502173
         -1013   12.93518018
         -1012   12.96533864
         -1011    12.9954971
         -1010   13.02562565
         -1009   13.05574895
         -1008   13.08587225
         -1007   13.11597692
         -1006   13.14606513
         -1005   13.17615335
         -1004    13.2062343
         -1003    13.2362875
         -1002   13.26634071
         -1001   13.29639391
         -1000   13.32641636
          -999   13.35643462
          -998   13.38645288
          -997   13.41645201
          -996    13.4464354
          -995   13.47641879
          -994   13.50639476
          -993   13.53634335
          -992   13.56629194
          -991   13.59624053
          -990   13.62615875
          -989   13.65607262
          -988   13.68598648
          -987   13.71588192
          -986   13.74576113
          -985   13.77564033
          -984   13.80551315
          -983   13.83535777
          -982   13.86520238
          -981     13.895047
          -980   13.92486283
          -979   13.95467293
          -978   13.98448303
          -977   14.01427662
          -976   14.04405227
          -975   14.07382793
          -974   14.10359942
          -973    14.1333407
          -972   14.16308198
          -971   14.19282325
          -970    14.2225385
          -969   14.25224547
          -968   14.28195244
          -967   14.31164597
          -966   14.34131871
          -965   14.37099144
          -964   14.40066341
          -963   14.43030197
          -962   14.45994053
          -961    14.4895791
          -960   14.51919555
          -959   14.54880002
          -958   14.57840448
          -957   14.60799974
          -956   14.63757017
          -955   14.66714061
          -954   14.69671104
          -953   14.72625129
          -952   14.75578776
          -951   14.78532424
          -950   14.81484366
          -949   14.84434624
          -948   14.87384882
          -947   14.90334756
          -946   14.93281631
          -945   14.96228507
          -944   14.99175382
          -943   15.02119827
          -942   15.05063327
          -941   15.08006827
          -940   15.10949239
          -939    15.1388937
          -938   15.16829501
          -937   15.19769632
          -936   15.22706665
          -935   15.25643434
          -934   15.28580203
          -933    15.3151524
          -932   15.34448653
          -931   15.37382067
          -930   15.40315121
          -929   15.43245187
          -928   15.46175252
          -927   15.49105317
          -926   15.52033062
          -925   15.54959785
          -924   15.57886509
          -923   15.60812306
          -922   15.63735695
          -921   15.66659083
          -920   15.69582472
          -919   15.72503008
          -918   15.75423068
          -917   15.78343128
          -916   15.81261752
          -915    15.8417849
          -914   15.87095229
          -913   15.90011954
          -912   15.92925378
          -911   15.95838802
          -910   15.98752225
          -909   16.01663758
          -908   16.04573873
          -907   16.07483988
          -906   16.10393657
          -905    16.1330047
          -904   16.16207284
          -903   16.19114098
          -902   16.22018621
          -901   16.24922139
          -900   16.27825658
          -899   16.30728351
          -898   16.33628581
          -897   16.36528811
          -896   16.39429041
          -895   16.42326636
          -894   16.45223584
          -893   16.48120532
          -892    16.5101633
          -891   16.53910003
          -890   16.56803676
          -889   16.59697348
          -888   16.62588095
          -887   16.65478499
          -886   16.68368903
          -885   16.71257886
          -884   16.74145027
          -883   16.77032169
          -882   16.79919311
          -881   16.82803288
          -880   16.85687174
          -879    16.8857106
          -878   16.91453307
          -877   16.94333944
          -876   16.97214581
          -875   17.00095111
          -874   17.02972505
          -873   17.05849899
          -872   17.08727293
          -871   17.11602882
          -870    17.1447704
          -869   17.17351197
          -868   17.20225102
          -867    17.2309603
          -866   17.25966958
          -865   17.28837885
          -864   17.31706895
          -863   17.34574599
          -862   17.37442304
          -861    17.4030966
          -860   17.43174148
          -859   17.46038635
          -858   17.48903122
          -857   17.51765629
          -856   17.54626905
          -855   17.57488182
          -854   17.60349068
          -853    17.6320714
          -852   17.66065212
          -851   17.68923285
          -850   17.71779364
          -849   17.74634239
          -848   17.77489113
          -847   17.80343604
          -846   17.83195286
          -845   17.86046969
          -844   17.88898652
          -843    17.9174838
          -842   17.94596878
          -841   17.97445376
          -840   18.00293546
          -839   18.03138865
          -838   18.05984183
          -837   18.08829502
          -836   18.11672954
          -835     18.145151
          -834   18.17357246
          -833    18.2019917
          -832    18.2303815
          -831    18.2587713
          -830    18.2871611
          -829   18.31553359
          -828   18.34389179
          -827   18.37224998
          -826   18.40060751
          -825   18.42893417
          -824   18.45726082
          -823   18.48558748
          -822   18.51389868
          -821   18.54219387
          -820   18.57048905
          -819   18.59878423
          -818   18.62704935
          -817   18.65531312
          -816   18.68357689
          -815   18.71182753
          -814   18.74005994
          -813   18.76829236
          -812   18.79652478
          -811   18.82472976
          -810   18.85293089
          -809   18.88113201
          -808   18.90932281
          -807   18.93749271
          -806    18.9656626
          -805    18.9938325
          -804   19.02197806
          -803   19.05011679
          -802   19.07825552
          -801   19.10638719
          -800   19.13449481
          -799   19.16260244
          -798   19.19071007
          -797   19.21879691
          -796   19.24687349
          -795   19.27495007
          -794   19.30302332
          -793   19.33106891
          -792   19.35911451
          -791   19.38716011
          -790   19.41518894
          -789   19.44320362
          -788    19.4712183
          -787   19.49923297
          -786   19.52721763
          -785   19.55520145
          -784   19.58318526
          -783   19.61115678
          -782   19.63910979
          -781   19.66706281
          -780   19.69501582
          -779   19.72294357
          -778   19.75086584
          -777   19.77878812
          -776   19.80670302
          -775   19.83459461
          -774    19.8624862
          -773   19.89037779
          -772   19.91824933
          -771    19.9461103
          -770   19.97397127
          -769   20.00183023
          -768   20.02966064
          -767   20.05749105
          -766   20.08532146
          -765   20.11313746
          -764   20.14093737
          -763   20.16873728
          -762   20.19653719
          -761   20.22431045
          -760   20.25207992
          -759   20.27984938
          -758   20.30761052
          -757    20.3353496
          -756   20.36308869
          -755   20.39082778
          -754   20.41854657
          -753   20.44625533
          -752    20.4739641
          -751   20.50167104
          -750   20.52934954
          -749   20.55702804
          -748   20.58470654
          -747   20.61237153
          -746   20.64001983
          -745   20.66766812
          -744   20.69531642
          -743   20.72293968
          -742   20.75055783
          -741   20.77817598
          -740   20.80578782
          -739   20.83337589
          -738   20.86096396
          -737   20.88855202
          -736   20.91612252
          -735   20.94368056
          -734   20.97123859
          -733   20.99879663
          -732   21.02632601
          -731   21.05385408
          -730   21.08138215
          -729   21.10890053
          -728   21.13639869
          -727   21.16389685
          -726     21.191395
          -725   21.21887265
          -724   21.24634096
          -723   21.27380926
          -722   21.30127618
          -721   21.32871469
          -720    21.3561532
          -719   21.38359171
          -718   21.41101826
          -717   21.43842703
          -716    21.4658358
          -715   21.49324458
          -714   21.52063098
          -713   21.54801008
          -712   21.57538917
          -711   21.60276527
          -710   21.63011474
          -709   21.65746421
          -708   21.68481368
          -707      21.71215
          -706    21.7394699
          -705   21.76678981
          -704   21.79410971
          -703   21.82140648
          -702   21.84869687
          -701   21.87598727
          -700   21.90327414
          -699   21.93053508
          -698   21.95779603
          -697   21.98505698
          -696   22.01230465
          -695    22.0395362
          -694   22.06676775
          -693   22.09399931
          -692   22.12120799
          -691   22.14841021
          -690   22.17561243
          -689   22.20281162
          -688   22.22998456
          -687    22.2571575
          -686   22.28433043
          -685     22.311491
          -684   22.33863472
          -683   22.36577843
          -682   22.39292215
          -681    22.4200443
          -680   22.44715885
          -679    22.4742734
          -678   22.50138646
          -677    22.5284719
          -676   22.55555733
          -675   22.58264277
          -674   22.60971778
          -673   22.63677416
          -672   22.66383054
          -671   22.69088692
          -670   22.71792408
          -669   22.74495146
          -668   22.77197885
          -667   22.79900623
          -666   22.82600574
          -665   22.85300418
          -664   22.88000262
          -663   22.90699358
          -662   22.93396313
          -661   22.96093268
          -660   22.98790224
          -659    23.0148559
          -658   23.04179662
          -657   23.06873734
          -656   23.09567807
          -655   23.12259463
          -654   23.14950658
          -653   23.17641853
          -652   23.20332692
          -651   23.23021015
          -650   23.25709337
          -649    23.2839766
          -648   23.31084825
          -647   23.33770281
          -646   23.36455737
          -645   23.39141193
          -644   23.41824703
          -643   23.44507298
          -642   23.47189893
          -641   23.49872488
          -640   23.52552364
          -639   23.55232103
          -638   23.57911842
          -637   23.60590953
          -636   23.63267842
          -635   23.65944731
          -634   23.68621621
          -633    23.7129713
          -632   23.73971175
          -631    23.7664522
          -630   23.79319264
          -629   23.81991193
          -628   23.84662398
          -627   23.87333603
          -626   23.90004804
          -625   23.92673176
          -624   23.95341547
          -623   23.98009919
          -622   24.00677572
          -621   24.03343115
          -620   24.06008658
          -619   24.08674202
          -618   24.11338326
          -617   24.14001046
          -616   24.16663767
          -615   24.19326487
          -614   24.21987103
          -613   24.24647005
          -612   24.27306908
          -611   24.29966811
          -610   24.32623937
          -609   24.35281027
          -608   24.37938118
          -607    24.4059458
          -606   24.43248863
          -605   24.45903147
          -604   24.48557431
          -603   24.51210436
          -602   24.53861918
          -601     24.565134
          -600   24.59164882
          -599   24.61814449
          -598   24.64463135
          -597   24.67111822
          -596   24.69760508
          -595   24.72406655
          -594   24.75052551
          -593   24.77698446
          -592   24.80343979
          -591   24.82987088
          -590   24.85630198
          -589   24.88273308
          -588   24.90915454
          -587   24.93555783
          -586   24.96196113
          -585   24.98836442
          -584    25.0147522
          -583   25.04112774
          -582   25.06750329
          -581   25.09387883
          -580   25.12023311
          -579   25.14658096
          -578   25.17292881
          -577   25.19927666
          -576   25.22559762
          -575   25.25191783
          -574   25.27823803
          -573   25.30455346
          -572   25.33084607
          -571   25.35713869
          -570    25.3834313
          -569   25.40971373
          -568    25.4359788
          -567   25.46224388
          -566   25.48850895
          -565   25.51475856
          -564   25.54099615
          -563   25.56723374
          -562   25.59347132
          -561    25.6196883
          -560   25.64589845
          -559    25.6721086
          -558   25.69831875
          -557   25.72450328
          -556   25.75068605
          -555   25.77686882
          -554    25.8030484
          -553   25.82920384
          -552   25.85535927
          -551   25.88151471
          -550   25.90766215
          -549    25.9337903
          -548   25.95991846
          -547   25.98604661
          -546   26.01216209
          -545   26.03826301
          -544   26.06436394
          -543   26.09046487
          -542   26.11654855
          -541    26.1426223
          -540   26.16869605
          -539    26.1947698
          -538   26.22082187
          -537    26.2468685
          -536   26.27291512
          -535   26.29896175
          -534   26.32498238
          -533   26.35100193
          -532   26.37702148
          -531   26.40303788
          -530    26.4290304
          -529   26.45502293
          -528   26.48101546
          -527   26.50700072
          -526   26.53296627
          -525   26.55893182
          -524   26.58489738
          -523   26.61085167
          -522   26.63679031
          -521   26.66272894
          -520   26.68866757
          -519   26.71459108
          -518   26.74050284
          -517    26.7664146
          -516   26.79232636
          -515   26.81821925
          -514   26.84410419
          -513   26.86998913
          -512   26.89587407
          -511   26.92173651
          -510   26.94759468
          -509   26.97345285
          -508   26.99931102
          -507   27.02514319
          -506   27.05097464
          -505   27.07680609
          -504   27.10263482
          -503    27.1284396
          -502   27.15424438
          -501   27.18004916
          -500   27.20584791
          -499   27.23162607
          -498   27.25740423
          -497   27.28318239
          -496   27.30895132
          -495   27.33470291
          -494    27.3604545
          -493   27.38620609
          -492   27.41194537
          -491   27.43767044
          -490   27.46339552
          -489   27.48912059
          -488   27.51483038
          -487   27.54052899
          -486   27.56622759
          -485   27.59192619
          -484   27.61760667
          -483   27.64327885
          -482   27.66895103
          -481   27.69462321
          -480   27.72027454
          -479   27.74592035
          -478   27.77156616
          -477   27.79721197
          -476   27.82283432
          -475    27.8484538
          -474   27.87407329
          -473   27.89969278
          -472   27.92528631
          -471   27.95087952
          -470   27.97647273
          -469   28.00206383
          -468   28.02763082
          -467   28.05319781
          -466    28.0787648
          -465   28.10432735
          -464   28.12986817
          -463   28.15540898
          -462    28.1809498
          -461   28.20648397
          -460   28.23199866
          -459   28.25751335
          -458   28.28302804
          -457     28.308534
          -456   28.33402261
          -455   28.35951122
          -454   28.38499983
          -453   28.41047773
          -452   28.43594031
          -451   28.46140289
          -450   28.48686547
          -449   28.51231547
          -448   28.53775208
          -447   28.56318868
          -446   28.58862528
          -445   28.61404754
          -444   28.63945821
          -443   28.66486888
          -442   28.69027955
          -441   28.71567424
          -440   28.74105902
          -439   28.76644381
          -438   28.79182859
          -437   28.81719586
          -436    28.8425548
          -435   28.86791375
          -434    28.8932727
          -433   28.91861271
          -432   28.94394587
          -431   28.96927903
          -430   28.99461219
          -429   29.01992508
          -428    29.0452325
          -427   29.07053993
          -426   29.09584735
          -425   29.12113329
          -424   29.14641502
          -423   29.17169675
          -422   29.19697848
          -421   29.22223763
          -420   29.24749371
          -419   29.27274979
          -418   29.29800588
          -417   29.32323839
          -416   29.34846887
          -415   29.37369936
          -414   29.39892985
          -413   29.42413587
          -412    29.4493408
          -411   29.47454574
          -410   29.49975068
          -409   29.52493037
          -408    29.5501098
          -407   29.57528923
          -406    29.6004682
          -405   29.62562218
          -404   29.65077615
          -403   29.67593013
          -402   29.70108302
          -401   29.72621159
          -400   29.75134016
          -399   29.77646873
          -398   29.80159569
          -397    29.8266989
          -396   29.85180211
          -395   29.87690532
          -394   29.90200651
          -393    29.9270844
          -392    29.9521623
          -391   29.97724019
          -390   30.00231575
          -389   30.02736838
          -388   30.05242101
          -387   30.07747363
          -386   30.10252372
          -385   30.12755112
          -384   30.15257853
          -383   30.17760594
          -382    30.2026307
          -381   30.22763293
          -380   30.25263516
          -379   30.27763739
          -378   30.30263697
          -377   30.32761407
          -376   30.35259118
          -375   30.37756828
          -374   30.40254283
          -373   30.42749485
          -372   30.45244687
          -371   30.47739889
          -370   30.50234855
          -369   30.52727554
          -368   30.55220252
          -367   30.57712951
          -366   30.60205443
          -365   30.62695643
          -364   30.65185843
          -363   30.67676042
          -362   30.70166075
          -361    30.7265378
          -360   30.75141486
          -359   30.77629191
          -358   30.80116779
          -357   30.82601994
          -356    30.8508721
          -355   30.87572425
          -354   30.90057583
          -353   30.92540313
          -352   30.95023043
          -351   30.97505773
          -350   30.99988503
          -349   31.02468764
          -348   31.04949014
          -347   31.07429263
          -346   31.09909513
          -345   31.12387376
          -344    31.1486515
          -343   31.17342923
          -342   31.19820696
          -341   31.22296177
          -340   31.24771479
          -339    31.2724678
          -338   31.29722082
          -337   31.32195194
          -336   31.34668028
          -335   31.37140863
          -334   31.39613698
          -333   31.42084455
          -332   31.44554827
          -331   31.47025199
          -330   31.49495571
          -329   31.51963987
          -328   31.54431901
          -327   31.56899815
          -326   31.59367729
          -325   31.61833818
          -324   31.64299279
          -323   31.66764739
          -322     31.692302
          -321   31.71693976
          -320   31.74156988
          -319   31.76619999
          -318   31.79083011
          -317   31.81544488
          -316   31.84005055
          -315   31.86465621
          -314   31.88926188
          -313    31.9138538
          -312   31.93843507
          -311   31.96301633
          -310    31.9875976
          -309    32.0121668
          -308   32.03672371
          -307   32.06128062
          -306   32.08583753
          -305   32.11038415
          -304   32.13491675
          -303   32.15944935
          -302   32.18398195
          -301   32.20850613
          -300   32.23301446
          -299   32.25752279
          -298   32.28203111
          -297   32.30653298
          -296   32.33101709
          -295    32.3555012
          -294    32.3799853
          -293     32.404465
          -292   32.42892492
          -291   32.45338485
          -290   32.47784477
          -289   32.50230243
          -288   32.52673822
          -287   32.55117401
          -286    32.5756098
          -285   32.60004555
          -284   32.62445724
          -283   32.64886894
          -282   32.67328064
          -281   32.69769234
          -280   32.72208227
          -279   32.74646992
          -278   32.77085757
          -277   32.79524522
          -276   32.81961354
          -275   32.84397719
          -274   32.86834084
          -273   32.89270448
          -272   32.91705134
          -271   32.94139103
          -270   32.96573071
          -269    32.9900704
          -268   33.01439592
          -267   33.03871169
          -266   33.06302746
          -265   33.08734323
          -264   33.11164755
          -263   33.13593944
          -262   33.16023134
          -261   33.18452323
          -260   33.20880648
          -259   33.23307454
          -258    33.2573426
          -257   33.28161066
          -256   33.30587297
          -255   33.33011724
          -254   33.35436152
          -253   33.37860579
          -252   33.40284728
          -251   33.42706781
          -250   33.45128834
          -249   33.47550887
          -248    33.4997294
          -247   33.52392649
          -246   33.54812332
          -245   33.57232015
          -244   33.59651698
          -243   33.62069356
          -242   33.64486672
          -241   33.66903989
          -240   33.69321306
          -239   33.71736925
          -238    33.7415188
          -237   33.76566836
          -236   33.78981791
          -235   33.81395383
          -234   33.83807981
          -233   33.86220579
          -232   33.88633177
          -231   33.91044755
          -230      33.93455
          -229   33.95865245
          -228    33.9827549
          -227   34.00685067
          -226   34.03092963
          -225   34.05500859
          -224   34.07908755
          -223   34.10316343
          -222   34.12721895
          -221   34.15127446
          -220   34.17532997
          -219   34.19938549
          -218    34.2234182
          -217   34.24745031
          -216   34.27148242
          -215   34.29551453
          -214   34.31952764
          -213   34.34353639
          -212   34.36754514
          -211   34.39155389
          -210   34.41554752
          -209   34.43953295
          -208   34.46351838
          -207   34.48750381
          -206   34.51147809
          -205   34.53544024
          -204   34.55940239
          -203   34.58336455
          -202   34.60731959
          -201   34.63125851
          -200   34.65519743
          -199   34.67913634
          -198   34.70307228
          -197     34.726988
          -196   34.75090372
          -195   34.77481944
          -194   34.79873516
          -193   34.82262896
          -192   34.84652153
          -191    34.8704141
          -190   34.89430666
          -189   34.91818163
          -188   34.94205109
          -187   34.96592055
          -186      34.98979
          -185   35.01364626
          -184   35.03749265
          -183   35.06133904
          -182   35.08518542
          -181   35.10902309
          -180   35.13284645
          -179   35.15666981
          -178   35.18049317
          -177   35.20431237
          -176   35.22811274
          -175   35.25191311
          -174   35.27571349
          -173   35.29951386
          -172   35.32329176
          -171   35.34706918
          -170   35.37084661
          -169   35.39462404
          -168   35.41838374
          -167   35.44213826
          -166   35.46589278
          -165   35.48964731
          -164   35.51338893
          -163   35.53712059
          -162   35.56085225
          -161   35.58458391
          -160   35.60830757
          -159    35.6320164
          -158   35.65572524
          -157   35.67943408
          -156   35.70313989
          -155   35.72682595
          -154     35.750512
          -153   35.77419805
          -152   35.79788411
          -151   35.82154945
          -150   35.84521276
          -149   35.86887607
          -148   35.89253939
          -147   35.91618716
          -146   35.93982777
          -145   35.96346838
          -144   35.98710899
          -143    36.0107393
          -142   36.03435725
          -141    36.0579752
          -140   36.08159315
          -139   36.10520611
          -138   36.12880144
          -137   36.15239677
          -136    36.1759921
          -135   36.19958743
          -134   36.22316058
          -133   36.24673333
          -132   36.27030608
          -131   36.29387883
          -130   36.31743489
          -129    36.3409851
          -128   36.36453532
          -127   36.38808553
          -126   36.41162462
          -125   36.43515233
          -124   36.45868005
          -123   36.48220776
          -122   36.50572999
          -121   36.52923525
          -120    36.5527405
          -119   36.57624575
          -118     36.599751
          -117   36.62323407
          -116   36.64671691
          -115   36.67019974
          -114   36.69368257
          -113   36.71714905
          -112    36.7406095
          -111   36.76406995
          -110    36.7875304
          -109   36.81098039
          -108   36.83441851
          -107   36.85785662
          -106   36.88129473
          -105   36.90472834
          -104   36.92814415
          -103   36.95155997
          -102   36.97497578
          -101   36.99839159
          -100   37.02178667
           -99   37.04518023
           -98   37.06857378
           -97   37.09196733
           -96   37.11534629
           -95   37.13871762
           -94   37.16208895
           -93   37.18546028
           -92   37.20882323
           -91   37.23217238
           -90   37.25552153
           -89   37.27887067
           -88   37.30221772
           -87   37.32554473
           -86   37.34887173
           -85   37.37219874
           -84   37.39552574
           -83   37.41883488
           -82   37.44213979
           -81   37.46544469
           -80   37.48874959
           -79   37.51204308
           -78   37.53532592
           -77   37.55860875
           -76   37.58189159
           -75   37.60516954
           -74   37.62843035
           -73   37.65169116
           -72   37.67495197
           -71   37.69821278
           -70    37.7214533
           -69   37.74469213
           -68   37.76793095
           -67   37.79116978
           -66   37.81439499
           -65   37.83761187
           -64   37.86082875
           -63   37.88404563
           -62   37.90725565
           -61   37.93045062
           -60   37.95364559
           -59   37.97684056
           -58   38.00003549
           -57   38.02320859
           -56   38.04638169
           -55   38.06955479
           -54   38.09272789
           -53   38.11588601
           -52   38.13903727
           -51   38.16218854
           -50    38.1853398
           -49   38.20848308
           -48   38.23161255
           -47   38.25474202
           -46    38.2778715
           -45   38.30100003
           -44   38.32410775
           -43   38.34721546
           -42   38.37032318
           -41    38.3934309
           -40   38.41652308
           -39   38.43960908
           -38   38.46269508
           -37   38.48578108
           -36   38.50885875
           -35   38.53192308
           -34    38.5549874
           -33   38.57805172
           -32     38.601115
           -31   38.62415768
           -30   38.64720036
           -29   38.67024304
           -28   38.69328573
           -27    38.7163131
           -26   38.73933418
           -25   38.76235526
           -24   38.78537634
           -23   38.80838955
           -22   38.83138907
           -21   38.85438858
           -20    38.8773881
           -19   38.90038725
           -18   38.92336524
           -17   38.94634323
           -16   38.96932121
           -15    38.9922992
           -14   39.01526291
           -13    39.0382194
           -12    39.0611759
           -11    39.0841324
           -10   39.10708228
            -9   39.13001733
            -8   39.15295237
            -7   39.17588742
            -6   39.19882247
            -5    39.2217372
            -4   39.24465084
            -3   39.26756447
            -2   39.29047811
            -1   39.31337925
             0   39.33627151
             1   39.35916376
             2   39.38205602
             3   39.40494367
             4   39.42781459
             5   39.45068551
             6   39.47355642
             7   39.49642734
             8   39.51928029
             9   39.54212991
            10   39.56497952
            11   39.58782914
            12   39.61066882
            13   39.63349717
            14   39.65632553
            15   39.67915388
            16   39.70198039
            17   39.72478752
            18   39.74759464
            19   39.77040177
            20   39.79320889
            21   39.81600114
            22   39.83878708
            23   39.86157301
            24   39.88435895
            25   39.90713825
            26   39.92990303
            27   39.95266782
            28    39.9754326
            29   39.99819738
            30   40.02094272
            31   40.04368639
            32   40.06643005
            33   40.08917372
            34   40.11190634
            35   40.13462893
            36   40.15735152
            37    40.1800741
            38    40.2027941
            39   40.22549564
            40   40.24819719
            41   40.27089873
            42   40.29360028
            43   40.31628674
            44   40.33896728
            45   40.36164781
            46   40.38432835
            47   40.40700241
            48   40.42966198
            49   40.45232155
            50   40.47498111
            51   40.49764068
            52    40.5202815
            53   40.54292013
            54   40.56555877
            55    40.5881974
            56   40.61082604
            57   40.63344378
            58   40.65606152
            59   40.67867925
            60    40.7012958
            61   40.72389268
            62   40.74648955
            63   40.76908643
            64   40.79168331
            65   40.81426703
            66   40.83684308
            67   40.85941914
            68   40.88199519
            69   40.90456704
            70    40.9271223
            71   40.94967757
            72   40.97223283
            73    40.9947881
            74   41.01732741
            75   41.03986192
            76   41.06239644
            77   41.08493095
            78    41.1074586
            79    41.1299724
            80    41.1524862
            81        41.175
            82   41.19751379
            83    41.2200092
            84   41.24250231
            85   41.26499543
            86   41.28748855
            87   41.30997251
            88   41.33244498
            89   41.35491745
            90   41.37738992
            91    41.3998624
            92   41.42231439
            93   41.44476625
            94   41.46721812
            95   41.48966998
            96   41.51211074
            97   41.53454203
            98   41.55697332
            99   41.57940462
           100   41.60183423
           101   41.62424498
           102   41.64665573
           103   41.66906649
           104   41.69147724
           105   41.71387529
           106   41.73626554
           107    41.7586558
           108   41.78104605
           109   41.80343316
           110   41.82580295
           111   41.84817273
           112   41.87054252
           113    41.8929123
           114   41.91526813
           115   41.93761749
           116   41.95996684
           117   41.98231619
           118   42.00466129
           119   42.02699025
           120   42.04931921
           121   42.07164817
           122   42.09397712
           123   42.11629121
           124   42.13859981
           125   42.16090841
           126   42.18321701
           127   42.20552057
           128   42.22780884
           129   42.25009711
           130   42.27238538
           131   42.29467365
           132   42.31694649
           133   42.33921447
           134   42.36148245
           135   42.38375043
           136   42.40601294
           137   42.42826066
           138   42.45050838
           139   42.47275611
           140   42.49500383
           141   42.51723588
           142   42.53946338
           143   42.56169089
           144   42.58391839
           145   42.60614031
           146   42.62834763
           147   42.65055495
           148   42.67276227
           149   42.69496958
           150   42.71716132
           151   42.73934848
           152   42.76153565
           153   42.78372281
           154   42.80590462
           155   42.82807167
           156   42.85023872
           157   42.87240577
           158   42.89457282
           159    42.9167247
           160   42.93887167
           161   42.96101863
           162    42.9831656
           163   43.00530776
           164   43.02743468
           165   43.04956159
           166   43.07168851
           167   43.09381543
           168   43.11592793
           169   43.13803483
           170   43.16014174
           171   43.18224864
           172   43.20435161
           173   43.22643854
           174   43.24852546
           175   43.27061239
           176   43.29269931
           177   43.31477289
           178   43.33683987
           179   43.35890685
           180   43.38097383
           181   43.40303806
           182   43.42508513
           183    43.4471322
           184   43.46917927
           185   43.49122634
           186   43.51326144
           187   43.53528863
           188   43.55731583
           189   43.57934302
           190   43.60136898
           191   43.62337633
           192   43.64538368
           193   43.66739102
           194   43.68939837
           195   43.71139546
           196     43.733383
           197   43.75537054
           198   43.77735808
           199   43.79934562
           200   43.82131397
           201   43.84328173
           202    43.8652495
           203   43.88721726
           204   43.90917678
           205    43.9311248
           206   43.95307282
           207   43.97502084
           208   43.99696887
           209   44.01889991
           210   44.04082822
           211   44.06275654
           212   44.08468485
           213   44.10660723
           214   44.12851587
           215   44.15042452
           216   44.17233316
           217    44.1942418
           218   44.21613596
           219   44.23802496
           220   44.25991396
           221   44.28180296
           222   44.30368866
           223   44.32555805
           224   44.34742744
           225   44.36929683
           226   44.39116623
           227   44.41302395
           228   44.43487377
           229   44.45672359
           230   44.47857341
           231   44.50042285
           232   44.52225313
           233   44.54408341
           234   44.56591369
           235   44.58774397
           236   44.60956569
           237   44.63137646
           238   44.65318723
           239     44.674998
           240   44.69680877
           241   44.71860292
           242   44.74039422
           243   44.76218552
           244   44.78397681
           245   44.80576296
           246   44.82753482
           247   44.84930668
           248   44.87107853
           249   44.89285039
           250   44.91460921
           251   44.93636166
           252    44.9581141
           253   44.97986655
           254   45.00161756
           255   45.02335063
           256    45.0450837
           257   45.06681677
           258   45.08854985
           259   45.11027377
           260    45.1319875
           261   45.15370123
           262   45.17541496
           263   45.19712869
           264   45.21882566
           265   45.24052008
           266    45.2622145
           267   45.28390892
           268   45.30559836
           269   45.32727351
           270   45.34894865
           271   45.37062379
           272   45.39229894
           273   45.41396168
           274   45.43561757
           275   45.45727347
           276   45.47892937
           277   45.50058475
           278   45.52222144
           279   45.54385813
           280   45.56549482
           281    45.5871315
           282   45.60876042
           283   45.63037793
           284   45.65199544
           285   45.67361294
           286   45.69523045
           287   45.71683304
           288    45.7384314
           289   45.76002976
           290   45.78162812
           291   45.80322363
           292   45.82480288
           293   45.84638212
           294   45.86796137
           295   45.88954062
           296   45.91111003
           297    45.9326702
           298   45.95423036
           299   45.97579053
           300   45.99735069
           301   46.01889415
           302   46.04043526
           303   46.06197638
           304   46.08351749
           305   46.10505414
           306   46.12657624
           307   46.14809833
           308   46.16962043
           309   46.19114253
           310   46.21265345
           311   46.23415656
           312   46.25565968
           313   46.27716279
           314    46.2986659
           315   46.32015123
           316   46.34163539
           317   46.36311955
           318    46.3846037
           319    46.4060825
           320   46.42754774
           321   46.44901297
           322   46.47047821
           323   46.49194344
           324   46.51339688
           325   46.53484322
           326   46.55628957
           327   46.57773591
           328   46.59918226
           329   46.62061047
           330   46.64203795
           331   46.66346544
           332   46.68489293
           333   46.70631486
           334   46.72772352
           335   46.74913218
           336   46.77054084
           337    46.7919495
           338   46.81334644
           339    46.8347363
           340   46.85612617
           341   46.87751603
           342    46.8989059
           343   46.92027796
           344   46.94164906
           345   46.96302016
           346   46.98439126
           347   47.00575732
           348   47.02710969
           349   47.04846206
           350   47.06981443
           351    47.0911668
           352    47.1125082
           353   47.13384187
           354   47.15517554
           355   47.17650921
           356   47.19784288
           357   47.21915977
           358   47.24047477
           359   47.26178977
           360   47.28310477
           361   47.30441591
           362   47.32571227
           363   47.34700863
           364     47.368305
           365   47.38960136
           366    47.4108882
           367   47.43216596
           368   47.45344371
           369   47.47472147
           370   47.49599922
           371    47.5172619
           372   47.53852108
           373   47.55978026
           374   47.58103944
           375   47.60229661
           376   47.62353725
           377   47.64477789
           378   47.66601852
           379   47.68725916
           380   47.70849239
           381   47.72971451
           382   47.75093663
           383   47.77215875
           384   47.79338087
           385   47.81459028
           386   47.83579392
           387   47.85699756
           388    47.8782012
           389   47.89940484
           390   47.92059055
           391   47.94177573
           392   47.96296092
           393   47.98414611
           394   48.00532667
           395   48.02649343
           396    48.0476602
           397   48.06882697
           398   48.08999373
           399   48.11115081
           400   48.13229918
           401   48.15344756
           402   48.17459594
           403   48.19574431
           404   48.21687803
           405   48.23800805
           406   48.25913806
           407   48.28026808
           408   48.30139689
           409   48.32250858
           410   48.34362027
           411   48.36473195
           412   48.38584364
           413   48.40694931
           414    48.4280427
           415   48.44913609
           416   48.47022948
           417   48.49132287
           418   48.51240551
           419   48.53348063
           420   48.55455575
           421   48.57563087
           422     48.596706
           423   48.61776573
           424   48.63882262
           425   48.65987951
           426   48.68093639
           427   48.70199155
           428   48.72303023
           429   48.74406891
           430   48.76510759
           431   48.78614627
           432   48.80717874
           433   48.82819924
           434   48.84921974
           435   48.87024024
           436   48.89126074
           437   48.91227064
           438     48.933273
           439   48.95427535
           440   48.97527771
           441   48.99628006
           442   49.01726751
           443   49.03825175
           444   49.05923599
           445   49.08022022
           446   49.10120343
           447   49.12216958
           448   49.14313573
           449   49.16410188
           450   49.18506803
           451   49.20602899
           452   49.22697708
           453   49.24792518
           454   49.26887327
           455   49.28982137
           456    49.3107602
           457   49.33169027
           458   49.35262033
           459    49.3735504
           460   49.39448047
           461   49.41539729
           462   49.43630936
           463   49.45722143
           464   49.47813351
           465   49.49904558
           466    49.5199405
           467   49.54083461
           468   49.56172871
           469   49.58262282
           470   49.60351391
           471   49.62439007
           472   49.64526624
           473   49.66614241
           474   49.68701858
           475   49.70788797
           476   49.72874623
           477    49.7496045
           478   49.77046276
           479   49.79132102
           480   49.81216884
           481   49.83300922
           482    49.8538496
           483   49.87468999
           484   49.89553037
           485   49.91635673
           486   49.93717927
           487    49.9580018
           488   49.97882433
           489   49.99964687
           490   50.02045189
           491    50.0412566
           492   50.06206132
           493   50.08286603
           494   50.10366761
           495   50.12445454
           496   50.14524146
           497   50.16602839
           498   50.18681531
           499   50.20759575
           500   50.22836491
           501   50.24913408
           502   50.26990324
           503   50.29067241
           504   50.31143181
           505   50.33218324
           506   50.35293468
           507   50.37368611
           508   50.39443755
           509   50.41517603
           510   50.43590976
           511   50.45664349
           512   50.47737723
           513   50.49811096
           514   50.51882863
           515   50.53954469
           516   50.56026075
           517   50.58097681
           518   50.60169143
           519   50.62238985
           520   50.64308827
           521   50.66378669
           522    50.6844851
           523   50.70517911
           524   50.72585992
           525   50.74654072
           526   50.76722152
           527   50.78790232
           528   50.80857583
           529   50.82923905
           530   50.84990227
           531   50.87056548
           532    50.8912287
           533   50.91188182
           534   50.93252748
           535   50.95317314
           536    50.9738188
           537   50.99446446
           538    51.0150973
           539   51.03572543
           540   51.05635356
           541    51.0769817
           542   51.09760983
           543    51.1182225
           544   51.13883313
           545   51.15944377
           546    51.1800544
           547   51.20066447
           548   51.22125764
           549    51.2418508
           550   51.26244397
           551   51.28303713
           552   51.30362722
           553   51.32420295
           554   51.34477867
           555   51.36535439
           556   51.38593012
           557   51.40650034
           558   51.42705865
           559   51.44761696
           560   51.46817527
           561   51.48873358
           562   51.50928403
           563   51.52982496
           564   51.55036588
           565   51.57090681
           566   51.59144774
           567   51.61197853
           568    51.6325021
           569   51.65302567
           570   51.67354924
           571   51.69407281
           572   51.71458406
           573    51.7350903
           574   51.75559655
           575   51.77610279
           576   51.79660903
           577   51.81710084
           578   51.83758978
           579   51.85807872
           580   51.87856767
           581   51.89905661
           582   51.91952908
           583   51.94000075
           584   51.96047243
           585    51.9809441
           586   52.00141458
           587   52.02186901
           588   52.04232344
           589   52.06277787
           590    52.0832323
           591   52.10368363
           592   52.12412085
           593   52.14455806
           594   52.16499528
           595   52.18543249
           596   52.20586477
           597    52.2262848
           598   52.24670483
           599   52.26712486
           600   52.28754489
           601   52.30795823
           602    52.3283611
           603   52.34876397
           604   52.36916684
           605   52.38956971
           606   52.40996421
           607   52.43034995
           608   52.45073569
           609   52.47112143
           610   52.49150717
           611   52.51188294
           612   52.53225157
           613   52.55262021
           614   52.57298885
           615   52.59335749
           616   52.61371462
           617   52.63406619
           618   52.65441775
           619   52.67476931
           620   52.69512088
           621   52.71545948
           622     52.735794
           623   52.75612851
           624   52.77646303
           625   52.79679755
           626   52.81711773
           627   52.83743522
           628   52.85775272
           629   52.87807022
           630   52.89838772
           631   52.91868957
           632   52.93899008
           633   52.95929059
           634   52.97959109
           635    52.9998916
           636   53.02017523
           637   53.04045877
           638   53.06074232
           639   53.08102586
           640   53.10130831
           641   53.12157492
           642   53.14184152
           643   53.16210813
           644   53.18237473
           645   53.20263914
           646   53.22288884
           647   53.24313853
           648   53.26338823
           649   53.28363793
           650   53.30388439
           651    53.3241172
           652   53.34435002
           653   53.36458284
           654   53.38481565
           655   53.40504427
           656   53.42526023
           657   53.44547619
           658   53.46569215
           659   53.48590811
           660   53.50611898
           661   53.52631812
           662   53.54651725
           663   53.56671639
           664   53.58691552
           665   53.60710874
           666   53.62729108
           667   53.64747342
           668   53.66765575
           669   53.68783809
           670   53.70801376
           671   53.72817933
           672   53.74834489
           673   53.76851046
           674   53.78867602
           675   53.80883425
           676   53.82898307
           677   53.84913189
           678    53.8692807
           679   53.88942952
           680    53.9095704
           681    53.9297025
           682    53.9498346
           683    53.9699667
           684    53.9900988
           685   54.01022243
           686   54.03033784
           687   54.05045325
           688   54.07056866
           689   54.09068407
           690   54.11079054
           691   54.13088928
           692   54.15098803
           693   54.17108678
           694   54.19118552
           695   54.21127493
           696   54.23135704
           697   54.25143915
           698   54.27152126
           699   54.29160337
           700   54.31167582
           701   54.33174132
           702   54.35180682
           703   54.37187232
           704   54.39193782
           705    54.4119934
           706   54.43204232
           707   54.45209123
           708   54.47214015
           709   54.49218907
           710   54.51222788
           711   54.53226024
           712    54.5522926
           713   54.57232496
           714   54.59235732
           715   54.61237946
           716   54.63239529
           717   54.65241112
           718   54.67242695
           719   54.69244278
           720   54.71244834
           721   54.73244767
           722   54.75244699
           723   54.77244632
           724   54.79244565
           725   54.81243472
           726   54.83241757
           727   54.85240042
           728   54.87238327
           729   54.89236613
           730   54.91233881
           731   54.93230521
           732   54.95227161
           733   54.97223801
           734   54.99220441
           735    55.0121608
           736   55.03211078
           737   55.05206076
           738   55.07201073
           739   55.09196071
           740    55.1119009
           741   55.13183448
           742   55.15176806
           743   55.17170164
           744   55.19163522
           745    55.2115593
           746   55.23147651
           747   55.25139371
           748   55.27131092
           749   55.29122813
           750   55.31113619
           751   55.33103706
           752   55.35093792
           753   55.37083879
           754   55.39073965
           755   55.41063179
           756   55.43051634
           757   55.45040088
           758   55.47028543
           759   55.49016997
           760   55.51004628
           761   55.52991453
           762   55.54978279
           763   55.56965104
           764   55.58951929
           765   55.60937986
           766   55.62923185
           767   55.64908384
           768   55.66893583
           769   55.68878781
           770   55.70863273
           771   55.72846848
           772   55.74830423
           773   55.76813997
           774   55.78797572
           775   55.80780509
           776   55.82762462
           777   55.84744415
           778   55.86726368
           779   55.88708322
           780   55.90689711
           781   55.92670046
           782    55.9465038
           783   55.96630715
           784    55.9861105
           785   56.00590902
           786    56.0256962
           787   56.04548338
           788   56.06527056
           789   56.08505775
           790   56.10484098
           791   56.12461203
           792   56.14438307
           793   56.16415412
           794   56.18392517
           795    56.2036932
           796   56.22344814
           797   56.24320308
           798   56.26295801
           799   56.28271295
           800   56.30246588
           801   56.32220473
           802   56.34194358
           803   56.36168243
           804   56.38142128
           805   56.40115919
           806   56.42088198
           807   56.44060477
           808   56.46032757
           809   56.48005036
           810   56.49977315
           811    56.5194801
           812   56.53918686
           813   56.55889361
           814   56.57860037
           815   56.59830713
           816   56.61799926
           817   56.63769001
           818   56.65738076
           819   56.67707151
           820   56.69676226
           821   56.71643966
           822   56.73611443
           823    56.7557892
           824   56.77546397
           825   56.79513873
           826   56.81480149
           827    56.8344603
           828   56.85411911
           829   56.87377793
           830   56.89343674
           831   56.91308494
           832   56.93272782
           833    56.9523707
           834   56.97201358
           835   56.99165646
           836   57.01129019
           837   57.03091716
           838   57.05054414
           839   57.07017111
           840   57.08979809
           841   57.10941744
           842   57.12902853
           843   57.14863962
           844   57.16825071
           845   57.18786181
           846   57.20746686
           847    57.2270621
           848   57.24665734
           849   57.26625257
           850   57.28584781
           851   57.30543865
           852   57.32501806
           853   57.34459747
           854   57.36417687
           855   57.38375628
           856     57.403333
           857    57.4228966
           858    57.4424602
           859    57.4620238
           860   57.48158741
           861   57.50115008
           862    57.5206979
           863   57.54024572
           864   57.55979355
           865   57.57934137
           866   57.59888919
           867   57.61842215
           868   57.63795422
           869   57.65748629
           870   57.67701835
           871   57.69655042
           872   57.71606954
           873   57.73558587
           874   57.75510221
           875   57.77461855
           876   57.79413488
           877   57.81364024
           878   57.83314087
           879    57.8526415
           880   57.87214213
           881   57.89164276
           882   57.91113444
           883   57.93061939
           884   57.95010434
           885   57.96958929
           886   57.98907424
           887   58.00855232
           888   58.02802161
           889   58.04749091
           890    58.0669602
           891    58.0864295
           892   58.10589406
           893   58.12534773
           894   58.14480139
           895   58.16425506
           896   58.18370872
           897   58.20315985
           898   58.22259791
           899   58.24203597
           900   58.26147403
           901   58.28091209
           902   58.30034987
           903   58.31977235
           904   58.33919482
           905    58.3586173
           906   58.37803978
           907   58.39746226
           908   58.41687121
           909   58.43627813
           910   58.45568505
           911   58.47509198
           912    58.4944989
           913   58.51389469
           914   58.53328608
           915   58.55267747
           916   58.57206886
           917   58.59146025
           918   58.61084296
           919   58.63021884
           920   58.64959472
           921    58.6689706
           922   58.68834649
           923    58.7077162
           924    58.7270766
           925   58.74643699
           926   58.76579739
           927   58.78515779
           928   58.80451458
           929   58.82385952
           930   58.84320446
           931    58.8625494
           932   58.88189434
           933    58.9012383
           934    58.9205678
           935   58.93989731
           936   58.95922681
           937   58.97855632
           938   58.99788582
           939   59.01720161
           940    59.0365157
           941    59.0558298
           942   59.07514389
           943   59.09445799
           944   59.11376111
           945   59.13305982
           946   59.15235853
           947   59.17165724
           948   59.19095595
           949    59.2102465
           950   59.22952985
           951    59.2488132
           952   59.26809655
           953   59.28737989
           954   59.30665794
           955   59.32592595
           956   59.34519397
           957   59.36446198
           958   59.38372999
           959   59.40299562
           960   59.42224832
           961   59.44150101
           962   59.46075371
           963   59.48000641
           964   59.49925911
           965    59.5184971
           966   59.53773451
           967   59.55697192
           968   59.57620933
           969   59.59544674
           970    59.6146725
           971   59.63389464
           972   59.65311678
           973   59.67233893
           974   59.69156107
           975   59.71077466
           976   59.72998157
           977   59.74918847
           978   59.76839537
           979   59.78760227
           980   59.80680378
           981   59.82599547
           982   59.84518715
           983   59.86437884
           984   59.88357052
           985   59.90276002
           986   59.92193651
           987     59.941113
           988   59.96028949
           989   59.97946599
           990   59.99864248
           991   60.01780487
           992    60.0369662
           993   60.05612752
           994   60.07528884
           995   60.09445016
           996   60.11360073
           997    60.1327469
           998   60.15189308
           999   60.17103925
          1000   60.19018543
          1001   60.20932424
          1002   60.22845529
          1003   60.24758634
          1004    60.2667174
          1005   60.28584845
          1006   60.30497558
          1007   60.32409153
          1008   60.34320749
          1009   60.36232344
          1010    60.3814394
          1011   60.40055492
          1012    60.4196558
          1013   60.43875668
          1014   60.45785756
          1015   60.47695844
          1016   60.49605932
          1017   60.51514826
          1018   60.53423408
          1019   60.55331991
          1020   60.57240574
          1021   60.59149157
          1022   60.61056907
          1023   60.62963988
          1024   60.64871068
          1025   60.66778148
          1026   60.68685228
          1027   60.70591842
          1028   60.72497422
          1029   60.74403002
          1030   60.76308581
          1031   60.78214161
          1032   60.80119647
          1033   60.82023729
          1034    60.8392781
          1035   60.85831892
          1036   60.87735973
          1037   60.89640055
          1038   60.91542924
          1039    60.9344551
          1040   60.95348096
          1041   60.97250681
          1042   60.99153267
          1043   61.01055025
          1044   61.02956117
          1045   61.04857209
          1046   61.06758302
          1047   61.08659394
          1048   61.10560047
          1049   61.12459649
          1050    61.1435925
          1051   61.16258851
          1052   61.18158453
          1053   61.20058009
          1054   61.21956121
          1055   61.23854234
          1056   61.25752347
          1057   61.27650459
          1058   61.29548572
          1059   61.31445552
          1060   61.33342178
          1061   61.35238804
          1062    61.3713543
          1063   61.39032056
          1064   61.40927956
          1065   61.42823098
          1066    61.4471824
          1067   61.46613382
          1068   61.48508524
          1069    61.5040335
          1070   61.52297011
          1071   61.54190671
          1072   61.56084331
          1073   61.57977991
          1074   61.59871651
          1075   61.61763932
          1076   61.63656113
          1077   61.65548294
          1078   61.67440474
          1079   61.69332655
          1080    61.7122388
          1081   61.73114583
          1082   61.75005287
          1083    61.7689599
          1084   61.78786693
          1085   61.80676869
          1086   61.82566097
          1087   61.84455326
          1088   61.86344554
          1089   61.88233783
          1090   61.90122915
          1091   61.92010671
          1092   61.93898427
          1093   61.95786183
          1094   61.97673939
          1095   61.99561695
          1096   62.01448322
          1097   62.03334607
          1098   62.05220893
          1099   62.07107178
          1100   62.08993464
          1101   62.10879065
          1102   62.12763882
          1103   62.14648699
          1104   62.16533517
          1105   62.18418334
          1106   62.20302916
          1107   62.22186268
          1108   62.24069619
          1109   62.25952971
          1110   62.27836323
          1111   62.29719674
          1112    62.3160178
          1113   62.33483668
          1114   62.35365556
          1115   62.37247445
          1116   62.39129333
          1117   62.41010436
          1118   62.42890863
          1119   62.44771289
          1120   62.46651716
          1121   62.48532143
          1122    62.5041225
          1123   62.52291218
          1124   62.54170186
          1125   62.56049153
          1126   62.57928121
          1127   62.59807089
          1128    62.6168475
          1129   62.63562261
          1130   62.65439772
          1131   62.67317283
          1132   62.69194794
          1133   62.71071475
          1134   62.72947531
          1135   62.74823588
          1136   62.76699644
          1137   62.78575701
          1138   62.80451408
          1139   62.82326012
          1140   62.84200617
          1141   62.86075221
          1142   62.87949825
          1143    62.8982443
          1144    62.9169772
          1145   62.93570874
          1146   62.95444028
          1147   62.97317183
          1148   62.99190337
          1149    63.0106267
          1150   63.02934376
          1151   63.04806083
          1152   63.06677789
          1153   63.08549496
          1154   63.10420877
          1155   63.12291138
          1156   63.14161399
          1157    63.1603166
          1158   63.17901921
          1159   63.19772182
          1160   63.21641176
          1161   63.23509994
          1162   63.25378811
          1163   63.27247629
          1164   63.29116447
          1165   63.30984505
          1166   63.32851882
          1167   63.34719258
          1168   63.36586635
          1169   63.38454012
          1170   63.40321141
          1171   63.42187078
          1172   63.44053016
          1173   63.45918954
          1174   63.47784892
          1175    63.4965083
          1176     63.515156
          1177   63.53380101
          1178   63.55244602
          1179   63.57109103
          1180   63.58973604
          1181   63.60837461
          1182   63.62700527
          1183   63.64563594
          1184   63.66426661
          1185   63.68289727
          1186   63.70152677
          1187   63.72014311
          1188   63.73875946
          1189    63.7573758
          1190   63.77599215
          1191   63.79460849
          1192   63.81321468
          1193   63.83181672
          1194   63.85041877
          1195   63.86902081
          1196   63.88762286
          1197   63.90622012
          1198   63.92480789
          1199   63.94339566
          1200   63.96198342
          1201   63.98057119
          1202   63.99915896
          1203   64.01773311
          1204   64.03630662
          1205   64.05488013
          1206   64.07345364
          1207   64.09202715
          1208   64.11059254
          1209   64.12915181
          1210   64.14771109
          1211   64.16627036
          1212   64.18482964
          1213   64.20338632
          1214   64.22193138
          1215   64.24047645
          1216   64.25902151
          1217   64.27756657
          1218   64.29611163
          1219   64.31464548
          1220   64.33317635
          1221   64.35170723
          1222    64.3702381
          1223   64.38876897
          1224   64.40729426
          1225   64.42581096
          1226   64.44432767
          1227   64.46284437
          1228   64.48136107
          1229   64.49987777
          1230   64.51838042
          1231   64.53688298
          1232   64.55538554
          1233   64.57388809
          1234   64.59239065
          1235   64.61088489
          1236   64.62937332
          1237   64.64786175
          1238   64.66635018
          1239    64.6848386
          1240    64.7033245
          1241   64.72179882
          1242   64.74027315
          1243   64.75874747
          1244    64.7772218
          1245   64.79569613
          1246   64.81415965
          1247   64.83261989
          1248   64.85108014
          1249   64.86954038
          1250   64.88800062
          1251   64.90645595
          1252   64.92490213
          1253   64.94334831
          1254   64.96179449
          1255   64.98024067
          1256   64.99868685
          1257      65.01712
          1258   65.03555214
          1259   65.05398428
          1260   65.07241643
          1261   65.09084857
          1262   65.10927365
          1263   65.12769178
          1264    65.1461099
          1265   65.16452803
          1266   65.18294615
          1267   65.20136324
          1268   65.21976737
          1269    65.2381715
          1270   65.25657562
          1271   65.27497975
          1272   65.29338388
          1273   65.31177906
          1274   65.33016921
          1275   65.34855936
          1276   65.36694951
          1277   65.38533967
          1278   65.40372699
          1279   65.42210319
          1280   65.44047939
          1281   65.45885558
          1282   65.47723178
          1283   65.49560798
          1284   65.51397358
          1285   65.53233584
          1286   65.55069811
          1287   65.56906037
          1288   65.58742264
          1289   65.60578052
          1290   65.62412888
          1291   65.64247723
          1292   65.66082559
          1293   65.67917394
          1294    65.6975223
          1295   65.71585864
          1296    65.7341931
          1297   65.75252756
          1298   65.77086203
          1299   65.78919649
          1300   65.80752526
          1301   65.82584585
          1302   65.84416645
          1303   65.86248704
          1304   65.88080764
          1305   65.89912823
          1306   65.91743564
          1307   65.93574239
          1308   65.95404913
          1309   65.97235588
          1310   65.99066262
          1311    66.0089626
          1312   66.02725552
          1313   66.04554844
          1314   66.06384136
          1315   66.08213428
          1316   66.10042687
          1317   66.11870599
          1318    66.1369851
          1319   66.15526421
          1320   66.17354333
          1321   66.19182244
          1322   66.21009394
          1323   66.22835927
          1324   66.24662459
          1325   66.26488992
          1326   66.28315525
          1327   66.30141951
          1328   66.31967107
          1329   66.33792264
          1330    66.3561742
          1331   66.37442577
          1332   66.39267733
          1333   66.41092067
          1334   66.42915849
          1335   66.44739631
          1336   66.46563413
          1337   66.48387195
          1338   66.50210819
          1339   66.52033229
          1340   66.53855638
          1341   66.55678048
          1342   66.57500458
          1343   66.59322868
          1344   66.61144417
          1345   66.62965457
          1346   66.64786496
          1347   66.66607536
          1348   66.68428576
          1349   66.70249428
          1350     66.720691
          1351   66.73888771
          1352   66.75708443
          1353   66.77528114
          1354   66.79347786
          1355   66.81166581
          1356   66.82984887
          1357   66.84803193
          1358   66.86621498
          1359   66.88439804
          1360   66.90257916
          1361   66.92074858
          1362   66.93891799
          1363   66.95708741
          1364   66.97525682
          1365   66.99342624
          1366   67.01158697
          1367   67.02974277
          1368   67.04789856
          1369   67.06605436
          1370   67.08421016
          1371   67.10236419
          1372   67.12050639
          1373   67.13864858
          1374   67.15679078
          1375   67.17493298
          1376   67.19307518
          1377   67.21120899
          1378   67.22933761
          1379   67.24746623
          1380   67.26559485
          1381   67.28372348
          1382   67.30185071
          1383   67.31996578
          1384   67.33808084
          1385   67.35619591
          1386   67.37431097
          1387   67.39242604
          1388   67.41053323
          1389   67.42863475
          1390   67.44673628
          1391   67.46483781
          1392   67.48293934
          1393   67.50104009
          1394    67.5191281
          1395   67.53721611
          1396   67.55530413
          1397   67.57339214
          1398   67.59148015
          1399   67.60956102
          1400   67.62763554
          1401   67.64571006
          1402   67.66378457
          1403   67.68185909
          1404    67.6999336
          1405   67.71799469
          1406   67.73605573
          1407   67.75411677
          1408   67.77217781
          1409   67.79023886
          1410   67.80829371
          1411    67.8263413
          1412   67.84438888
          1413   67.86243647
          1414   67.88048405
          1415   67.89853164
          1416   67.91656688
          1417   67.93460103
          1418   67.95263518
          1419   67.97066933
          1420   67.98870348
          1421   68.00673262
          1422   68.02475336
          1423   68.04277409
          1424   68.06079483
          1425   68.07881557
          1426    68.0968363
          1427   68.11484599
          1428   68.13285334
          1429   68.15086068
          1430   68.16886802
          1431   68.18687536
          1432   68.20487907
          1433   68.22287304
          1434   68.24086701
          1435   68.25886097
          1436   68.27685494
          1437   68.29484891
          1438   68.31283334
          1439   68.33081395
          1440   68.34879457
          1441   68.36677518
          1442   68.38475579
          1443   68.40273437
          1444   68.42070165
          1445   68.43866893
          1446   68.45663621
          1447   68.47460349
          1448   68.49257076
          1449   68.51053023
          1450    68.5284842
          1451   68.54643816
          1452   68.56439212
          1453   68.58234609
          1454   68.60029983
          1455    68.6182405
          1456   68.63618117
          1457   68.65412184
          1458   68.67206251
          1459   68.69000318
          1460   68.70793797
          1461   68.72586537
          1462   68.74379276
          1463   68.76172016
          1464   68.77964755
          1465   68.79757495
          1466   68.81549088
          1467   68.83340502
          1468   68.85131916
          1469    68.8692333
          1470   68.88714744
          1471   68.90505785
          1472   68.92295875
          1473   68.94085966
          1474   68.95876057
          1475   68.97666147
          1476   68.99456238
          1477   69.01245408
          1478   69.03034178
          1479   69.04822947
          1480   69.06611716
          1481   69.08400485
          1482   69.10189115
          1483   69.11976564
          1484   69.13764014
          1485   69.15551464
          1486   69.17338913
          1487   69.19126363
          1488   69.20913139
          1489   69.22699271
          1490   69.24485403
          1491   69.26271536
          1492   69.28057668
          1493     69.298438
          1494   69.31628732
          1495   69.33413548
          1496   69.35198365
          1497   69.36983181
          1498   69.38767998
          1499   69.40552408
          1500   69.42335911
          1501   69.44119414
          1502   69.45902917
          1503    69.4768642
          1504   69.49469923
          1505   69.51252504
          1506   69.53034696
          1507   69.54816887
          1508   69.56599078
          1509    69.5838127
          1510   69.60163341
          1511   69.61944223
          1512   69.63725105
          1513   69.65505986
          1514   69.67286868
          1515    69.6906775
          1516   69.70848008
          1517   69.72627582
          1518   69.74407156
          1519    69.7618673
          1520   69.77966305
          1521   69.79745879
          1522   69.81524333
          1523   69.83302602
          1524    69.8508087
          1525   69.86859138
          1526   69.88637406
          1527    69.9041537
          1528   69.92192335
          1529   69.93969299
          1530   69.95746263
          1531   69.97523228
          1532   69.99300192
          1533   70.01076368
          1534    70.0285203
          1535   70.04627693
          1536   70.06403356
          1537   70.08179018
          1538   70.09954681
          1539   70.11729077
          1540   70.13503439
          1541   70.15277802
          1542   70.17052165
          1543   70.18826528
          1544   70.20600451
          1545   70.22373515
          1546    70.2414658
          1547   70.25919645
          1548    70.2769271
          1549   70.29465774
          1550   70.31237933
          1551   70.33009702
          1552   70.34781471
          1553   70.36553239
          1554   70.38325008
          1555   70.40096706
          1556   70.41867181
          1557   70.43637655
          1558    70.4540813
          1559   70.47178604
          1560   70.48949079
          1561   70.50719028
          1562    70.5248821
          1563   70.54257393
          1564   70.56026575
          1565   70.57795757
          1566   70.59564939
          1567   70.61333149
          1568   70.63101041
          1569   70.64868933
          1570   70.66636825
          1571   70.68404717
          1572   70.70172483
          1573   70.71939087
          1574   70.73705691
          1575   70.75472294
          1576   70.77238898
          1577   70.79005502
          1578   70.80771543
          1579    70.8253686
          1580   70.84302177
          1581   70.86067495
          1582   70.87832812
          1583   70.89598129
          1584   70.91362454
          1585   70.93126487
          1586    70.9489052
          1587   70.96654552
          1588   70.98418585
          1589   71.00182485
          1590   71.01945235
          1591   71.03707985
          1592   71.05470735
          1593   71.07233485
          1594   71.08996235
          1595   71.10758434
          1596   71.12519903
          1597   71.14281372
          1598   71.16042841
          1599   71.17804311
          1600    71.1956578
          1601   71.21326286
          1602   71.23086476
          1603   71.24846667
          1604   71.26606857
          1605   71.28367047
          1606   71.30127146
          1607   71.31886059
          1608   71.33644973
          1609   71.35403886
          1610   71.37162799
          1611   71.38921713
          1612   71.40680133
          1613   71.42437772
          1614    71.4419541
          1615   71.45953048
          1616   71.47710687
          1617   71.49468325
          1618   71.51225076
          1619   71.52981441
          1620   71.54737806
          1621   71.56494172
          1622   71.58250537
          1623   71.60006897
          1624   71.61761991
          1625   71.63517085
          1626   71.65272179
          1627   71.67027273
          1628   71.68782367
          1629   71.70537072
          1630   71.72290897
          1631   71.74044721
          1632   71.75798546
          1633   71.77552371
          1634   71.79306195
          1635   71.81059254
          1636   71.82811811
          1637   71.84564368
          1638   71.86316925
          1639   71.88069482
          1640   71.89822039
          1641   71.91573459
          1642    71.9332475
          1643   71.95076041
          1644   71.96827333
          1645   71.98578624
          1646   72.00329678
          1647   72.02079705
          1648   72.03829733
          1649    72.0557976
          1650   72.07329788
          1651   72.09079815
          1652   72.10829245
          1653    72.1257801
          1654   72.14326776
          1655   72.16075542
          1656   72.17824307
          1657   72.19573073
          1658   72.21320886
          1659   72.23068392
          1660   72.24815897
          1661   72.26563403
          1662   72.28310908
          1663   72.30058372
          1664   72.31804619
          1665   72.33550867
          1666   72.35297114
          1667   72.37043361
          1668   72.38789609
          1669   72.40535471
          1670   72.42280462
          1671   72.44025453
          1672   72.45770444
          1673   72.47515435
          1674   72.49260426
          1675   72.51004694
          1676    72.5274843
          1677   72.54492167
          1678   72.56235903
          1679    72.5797964
          1680   72.59723376
          1681   72.61466059
          1682   72.63208543
          1683   72.64951027
          1684    72.6669351
          1685   72.68435994
          1686    72.7017835
          1687   72.71919583
          1688   72.73660816
          1689   72.75402049
          1690   72.77143282
          1691   72.78884515
          1692   72.80625299
          1693   72.82365283
          1694   72.84105267
          1695   72.85845251
          1696   72.87585235
          1697   72.89325219
          1698    72.9106444
          1699   72.92803177
          1700   72.94541914
          1701   72.96280651
          1702   72.98019388
          1703   72.99758124
          1704   73.01495789
          1705   73.03233281
          1706   73.04970772
          1707   73.06708264
          1708   73.08445756
          1709   73.10183116
          1710   73.11919364
          1711   73.13655612
          1712    73.1539186
          1713   73.17128108
          1714   73.18864356
          1715   73.20600175
          1716   73.22335182
          1717   73.24070188
          1718   73.25805194
          1719   73.27540201
          1720   73.29275207
          1721   73.31009492
          1722   73.32743258
          1723   73.34477025
          1724   73.36210791
          1725   73.37944558
          1726   73.39678325
          1727   73.41411083
          1728   73.43143611
          1729    73.4487614
          1730   73.46608669
          1731   73.48341197
          1732   73.50073673
          1733   73.51804966
          1734   73.53536258
          1735    73.5526755
          1736   73.56998843
          1737   73.58730135
          1738   73.60461098
          1739   73.62191156
          1740   73.63921214
          1741   73.65651272
          1742    73.6738133
          1743   73.69111388
          1744   73.70840847
          1745   73.72569672
          1746   73.74298497
          1747   73.76027323
          1748   73.77756148
          1749   73.79484973
          1750   73.81212935
          1751   73.82940529
          1752   73.84668124
          1753   73.86395718
          1754   73.88123313
          1755   73.89850907
          1756   73.91577379
          1757   73.93303745
          1758    73.9503011
          1759   73.96756476
          1760   73.98482841
          1761   74.00209058
          1762   74.01934197
          1763   74.03659335
          1764   74.05384473
          1765   74.07109612
          1766    74.0883475
          1767   74.10559491
          1768   74.12283404
          1769   74.14007317
          1770    74.1573123
          1771   74.17455143
          1772   74.19179056
          1773   74.20902328
          1774   74.22625017
          1775   74.24347707
          1776   74.26070396
          1777   74.27793085
          1778   74.29515775
          1779   74.31237586
          1780   74.32959053
          1781   74.34680521
          1782   74.36401988
          1783   74.38123456
          1784   74.39844923
          1785   74.41565281
          1786   74.43285528
          1787   74.45005776
          1788   74.46726023
          1789   74.48446271
          1790   74.50166401
          1791    74.5188543
          1792   74.53604459
          1793   74.55323488
          1794   74.57042517
          1795   74.58761547
          1796   74.60480236
          1797   74.62198049
          1798   74.63915861
          1799   74.65633674
          1800   74.67351487
          1801     74.690693
          1802   74.70786556
          1803   74.72503154
          1804   74.74219752
          1805    74.7593635
          1806   74.77652948
          1807   74.79369546
          1808   74.81085377
          1809   74.82800762
          1810   74.84516147
          1811   74.86231532
          1812   74.87946917
          1813   74.89662302
          1814   74.91376714
          1815   74.93090888
          1816   74.94805062
          1817   74.96519236
          1818    74.9823341
          1819   74.99947584
          1820   75.01660585
          1821    75.0337355
          1822   75.05086514
          1823   75.06799479
          1824   75.08512443
          1825   75.10225249
          1826   75.11937006
          1827   75.13648762
          1828   75.15360519
          1829   75.17072276
          1830   75.18784033
          1831   75.20495441
          1832   75.22205991
          1833   75.23916542
          1834   75.25627093
          1835   75.27337644
          1836   75.29048195
          1837   75.30758212
          1838   75.32467559
          1839   75.34176905
          1840   75.35886252
          1841   75.37595599
          1842   75.39304945
          1843   75.41013579
          1844   75.42721723
          1845   75.44429868
          1846   75.46138012
          1847   75.47846156
          1848     75.495543
          1849   75.51261558
          1850   75.52968501
          1851   75.54675445
          1852   75.56382389
          1853   75.58089332
          1854   75.59796276
          1855   75.61502164
          1856   75.63207909
          1857   75.64913653
          1858   75.66619398
          1859   75.68325143
          1860   75.70030866
          1861   75.71735413
          1862   75.73439961
          1863   75.75144509
          1864   75.76849056
          1865   75.78553604
          1866    75.8025797
          1867   75.81961322
          1868   75.83664674
          1869   75.85368027
          1870   75.87071379
          1871   75.88774731
          1872   75.90477748
          1873   75.92179906
          1874   75.93882065
          1875   75.95584223
          1876   75.97286381
          1877    75.9898854
          1878   76.00690215
          1879   76.02391181
          1880   76.04092147
          1881   76.05793114
          1882    76.0749408
          1883   76.09195047
          1884   76.10895386
          1885   76.12595162
          1886   76.14294938
          1887   76.15994715
          1888   76.17694491
          1889   76.19394267
          1890   76.21093278
          1891   76.22791866
          1892   76.24490453
          1893   76.26189041
          1894   76.27887628
          1895   76.29586216
          1896   76.31283906
          1897   76.32981307
          1898   76.34678707
          1899   76.36376108
          1900   76.38073509
          1901    76.3977091
          1902   76.41467285
          1903   76.43163501
          1904   76.44859717
          1905   76.46555932
          1906   76.48252148
          1907   76.49948363
          1908   76.51643432
          1909   76.53338464
          1910   76.55033496
          1911   76.56728529
          1912   76.58423561
          1913    76.6011851
          1914   76.61812361
          1915   76.63506212
          1916   76.65200062
          1917   76.66893913
          1918   76.68587763
          1919   76.70281418
          1920   76.71974088
          1921   76.73666759
          1922   76.75359429
          1923     76.770521
          1924    76.7874477
          1925   76.80437137
          1926   76.82128629
          1927   76.83820121
          1928   76.85511613
          1929   76.87203106
          1930   76.88894598
          1931   76.90585683
          1932   76.92275998
          1933   76.93966314
          1934    76.9565663
          1935   76.97346945
          1936   76.99037261
          1937   77.00727071
          1938   77.02416212
          1939   77.04105353
          1940   77.05794493
          1941   77.07483634
          1942   77.09172775
          1943   77.10861317
          1944   77.12549285
          1945   77.14237252
          1946    77.1592522
          1947   77.17613187
          1948   77.19301155
          1949   77.20988436
          1950   77.22675232
          1951   77.24362028
          1952   77.26048824
          1953    77.2773562
          1954   77.29422416
          1955   77.31108443
          1956    77.3279407
          1957   77.34479696
          1958   77.36165322
          1959   77.37850948
          1960   77.39536575
          1961   77.41221354
          1962   77.42905812
          1963    77.4459027
          1964   77.46274728
          1965   77.47959186
          1966   77.49643644
          1967   77.51327183
          1968   77.53010474
          1969   77.54693766
          1970   77.56377058
          1971   77.58060349
          1972   77.59743641
          1973   77.61425945
          1974   77.63108072
          1975   77.64790199
          1976   77.66472326
          1977   77.68154453
          1978   77.69836579
          1979   77.71517656
          1980    77.7319862
          1981   77.74879584
          1982   77.76560547
          1983   77.78241511
          1984   77.79922475
          1985   77.81602331
          1986   77.83282133
          1987   77.84961935
          1988   77.86641737
          1989    77.8832154
          1990   77.90001341
          1991   77.91679984
          1992   77.93358626
          1993   77.95037268
          1994   77.96715911
          1995   77.98394553
          1996   78.00073145
          1997    78.0175063
          1998   78.03428114
          1999   78.05105598
          2000   78.06783083
          2001   78.08460567
          2002   78.10137956
          2003   78.11814284
          2004   78.13490612
          2005    78.1516694
          2006   78.16843268
          2007   78.18519596
          2008   78.20195789
          2009   78.21870962
          2010   78.23546135
          2011   78.25221308
          2012   78.26896481
          2013   78.28571654
          2014   78.30246657
          2015   78.31920677
          2016   78.33594697
          2017   78.35268717
          2018   78.36942737
          2019   78.38616757
          2020   78.40290577
          2021   78.41963445
          2022   78.43636314
          2023   78.45309182
          2024   78.46982051
          2025   78.48654919
          2026   78.50327562
          2027   78.51999281
          2028   78.53670999
          2029   78.55342718
          2030   78.57014437
          2031   78.58686155
          2032   78.60357628
          2033   78.62028198
          2034   78.63698769
          2035   78.65369339
          2036   78.67039909
          2037    78.6871048
          2038   78.70380789
          2039   78.72050212
          2040   78.73719636
          2041    78.7538906
          2042   78.77058484
          2043   78.78727907
          2044   78.80397059
          2045   78.82065338
          2046   78.83733616
          2047   78.85401895
          2048   78.87070174
          2049   78.88738453
          2050   78.90406453
          2051   78.92073589
          2052   78.93740724
          2053    78.9540786
          2054   78.97074995
          2055   78.98742131
          2056   79.00408986
          2057    79.0207498
          2058   79.03740974
          2059   79.05406968
          2060   79.07072962
          2061   79.08738956
          2062   79.10404672
          2063   79.12069526
          2064    79.1373438
          2065   79.15399234
          2066   79.17064088
          2067   79.18728941
          2068   79.20393526
          2069   79.22057242
          2070   79.23720957
          2071   79.25384672
          2072   79.27048388
          2073   79.28712103
          2074   79.30375562
          2075   79.32038141
          2076   79.33700719
          2077   79.35363298
          2078   79.37025876
          2079   79.38688455
          2080   79.40350794
          2081   79.42012237
          2082   79.43673681
          2083   79.45335124
          2084   79.46996568
          2085   79.48658011
          2086   79.50319237
          2087   79.51979547
          2088   79.53639857
          2089   79.55300166
          2090   79.56960476
          2091   79.58620786
          2092   79.60280904
          2093   79.61940082
          2094    79.6359926
          2095   79.65258438
          2096   79.66917616
          2097   79.68576794
          2098   79.70235811
          2099   79.71893859
          2100   79.73551907
          2101   79.75209954
          2102   79.76868002
          2103   79.78526049
          2104   79.80183972
          2105   79.81840891
          2106   79.83497809
          2107   79.85154728
          2108   79.86811647
          2109   79.88468566
          2110     79.901254
          2111   79.91781191
          2112   79.93436983
          2113   79.95092775
          2114   79.96748567
          2115   79.98404358
          2116   80.00060109
          2117   80.01714775
          2118   80.03369442
          2119   80.05024108
          2120   80.06678774
          2121    80.0833344
          2122   80.09988107
          2123   80.11641657
          2124   80.13295199
          2125   80.14948742
          2126   80.16602284
          2127   80.18255826
          2128   80.19909368
          2129    80.2156185
          2130    80.2321427
          2131    80.2486669
          2132    80.2651911
          2133    80.2817153
          2134    80.2982395
          2135   80.31475368
          2136   80.33126668
          2137   80.34777967
          2138   80.36429266
          2139   80.38080565
          2140   80.39731864
          2141   80.41382226
          2142   80.43032406
          2143   80.44682586
          2144   80.46332766
          2145   80.47982946
          2146   80.49633126
          2147   80.51282438
          2148     80.529315
          2149   80.54580563
          2150   80.56229625
          2151   80.57878687
          2152    80.5952775
          2153   80.61176016
          2154   80.62823963
          2155   80.64471909
          2156   80.66119856
          2157   80.67767802
          2158   80.69415749
          2159   80.71062976
          2160   80.72709808
          2161    80.7435664
          2162   80.76003472
          2163   80.77650304
          2164   80.79297136
          2165   80.80943331
          2166    80.8258905
          2167   80.84234769
          2168   80.85880488
          2169   80.87526208
          2170   80.89171927
          2171   80.90817094
          2172   80.92461702
          2173    80.9410631
          2174   80.95750918
          2175   80.97395526
          2176   80.99040134
          2177    81.0068428
          2178   81.02327779
          2179   81.03971277
          2180   81.05614775
          2181   81.07258273
          2182   81.08901772
          2183   81.10544903
          2184   81.12187293
          2185   81.13829683
          2186   81.15472073
          2187   81.17114463
          2188   81.18756854
          2189   81.20398975
          2190   81.22040258
          2191   81.23681542
          2192   81.25322826
          2193   81.26964109
          2194   81.28605393
          2195   81.30246511
          2196   81.31886689
          2197   81.33526868
          2198   81.35167047
          2199   81.36807225
          2200   81.38447404
          2201   81.40087524
          2202   81.41726599
          2203   81.43365674
          2204   81.45004749
          2205   81.46643825
          2206     81.482829
          2207   81.49921975
          2208   81.51560001
          2209   81.53197974
          2210   81.54835948
          2211   81.56473921
          2212   81.58111894
          2213   81.59749868
          2214   81.61386909
          2215   81.63023782
          2216   81.64660655
          2217   81.66297528
          2218   81.67934401
          2219   81.69571274
          2220   81.71207336
          2221    81.7284311
          2222   81.74478884
          2223   81.76114659
          2224   81.77750433
          2225   81.79386207
          2226   81.81021296
          2227   81.82655973
          2228    81.8429065
          2229   81.85925327
          2230   81.87560004
          2231   81.89194681
          2232   81.90828802
          2233   81.92462383
          2234   81.94095965
          2235   81.95729546
          2236   81.97363127
          2237   81.98996709
          2238   82.00629868
          2239   82.02262355
          2240   82.03894842
          2241    82.0552733
          2242   82.07159817
          2243   82.08792304
          2244   82.10424507
          2245   82.12055901
          2246   82.13687296
          2247   82.15318691
          2248   82.16950085
          2249    82.1858148
          2250   82.20212732
          2251   82.21843036
          2252   82.23473339
          2253   82.25103643
          2254   82.26733946
          2255    82.2836425
          2256   82.29994553
          2257   82.31623771
          2258   82.33252985
          2259   82.34882199
          2260   82.36511413
          2261   82.38140627
          2262   82.39769841
          2263    82.4139812
          2264   82.43026246
          2265   82.44654372
          2266   82.46282498
          2267   82.47910624
          2268    82.4953875
          2269   82.51166098
          2270   82.52793137
          2271   82.54420177
          2272   82.56047216
          2273   82.57674256
          2274   82.59301295
          2275   82.60927716
          2276    82.6255367
          2277   82.64179625
          2278   82.65805579
          2279   82.67431534
          2280   82.69057488
          2281   82.70682988
          2282   82.72307859
          2283    82.7393273
          2284   82.75557601
          2285   82.77182472
          2286   82.78807343
          2287   82.80431926
          2288   82.82055716
          2289   82.83679505
          2290   82.85303294
          2291   82.86927083
          2292   82.88550872
          2293   82.90174545
          2294   82.91797254
          2295   82.93419963
          2296   82.95042672
          2297    82.9666538
          2298   82.98288089
          2299   82.99910798
          2300   83.01532487
          2301   83.03154117
          2302   83.04775747
          2303   83.06397377
          2304   83.08019007
          2305   83.09640637
          2306   83.11261428
          2307   83.12881981
          2308   83.14502533
          2309   83.16123086
          2310   83.17743638
          2311   83.19364191
          2312    83.2098409
          2313   83.22603566
          2314   83.24223043
          2315   83.25842519
          2316   83.27461996
          2317   83.29081473
          2318   83.30700484
          2319   83.32318887
          2320   83.33937289
          2321   83.35555691
          2322   83.37174094
          2323   83.38792496
          2324   83.40410626
          2325   83.42027955
          2326   83.43645285
          2327   83.45262614
          2328   83.46879943
          2329   83.48497273
          2330   83.50114526
          2331   83.51730784
          2332   83.53347042
          2333   83.54963301
          2334   83.56579559
          2335   83.58195817
          2336   83.59812075
          2337   83.61427387
          2338   83.63042575
          2339   83.64657764
          2340   83.66272952
          2341    83.6788814
          2342   83.69503328
          2343   83.71117777
          2344   83.72731896
          2345   83.74346016
          2346   83.75960136
          2347   83.77574256
          2348   83.79188375
          2349   83.80801965
          2350   83.82415018
          2351   83.84028071
          2352   83.85641124
          2353   83.87254177
          2354   83.88867229
          2355   83.90479965
          2356   83.92091953
          2357    83.9370394
          2358   83.95315928
          2359   83.96927915
          2360   83.98539903
          2361    84.0015179
          2362   84.01762714
          2363   84.03373637
          2364   84.04984561
          2365   84.06595484
          2366   84.08206408
          2367   84.09817332
          2368   84.11427313
          2369   84.13037174
          2370   84.14647036
          2371   84.16256897
          2372   84.17866758
          2373   84.19476619
          2374   84.21085764
          2375   84.22694564
          2376   84.24303365
          2377   84.25912165
          2378   84.27520965
          2379   84.29129765
          2380   84.30738079
          2381    84.3234582
          2382   84.33953561
          2383   84.35561301
          2384   84.37169042
          2385   84.38776783
          2386    84.4038427
          2387   84.41990953
          2388   84.43597636
          2389   84.45204319
          2390   84.46811001
          2391   84.48417684
          2392   84.50024351
          2393   84.51629977
          2394   84.53235603
          2395   84.54841229
          2396   84.56446855
          2397   84.58052482
          2398   84.59658108
          2399   84.61262904
          2400   84.62867475
          2401   84.64472046
          2402   84.66076617
          2403   84.67681188
          2404   84.69285759
          2405   84.70889746
          2406   84.72493263
          2407   84.74096781
          2408   84.75700298
          2409   84.77303816
          2410   84.78907333
          2411   84.80510516
          2412   84.82112981
          2413   84.83715446
          2414   84.85317912
          2415   84.86920377
          2416   84.88522843
          2417   84.90125226
          2418   84.91726641
          2419   84.93328055
          2420    84.9492947
          2421   84.96530885
          2422   84.98132299
          2423   84.99733714
          2424   85.01334254
          2425   85.02934619
          2426   85.04534985
          2427    85.0613535
          2428   85.07735716
          2429   85.09336081
          2430   85.10935834
          2431   85.12535152
          2432   85.14134469
          2433   85.15733787
          2434   85.17333105
          2435   85.18932422
          2436   85.20531392
          2437   85.22129664
          2438   85.23727935
          2439   85.25326206
          2440   85.26924478
          2441   85.28522749
          2442   85.30120942
          2443   85.31718168
          2444   85.33315395
          2445   85.34912621
          2446   85.36509848
          2447   85.38107074
          2448   85.39704301
          2449   85.41300677
          2450    85.4289686
          2451   85.44493043
          2452   85.46089226
          2453   85.47685409
          2454   85.49281592
          2455   85.50877203
          2456   85.52472344
          2457   85.54067485
          2458   85.55662626
          2459   85.57257767
          2460   85.58852908
          2461   85.60447757
          2462   85.62041858
          2463   85.63635958
          2464   85.65230059
          2465    85.6682416
          2466    85.6841826
          2467   85.70012353
          2468   85.71605414
          2469   85.73198476
          2470   85.74791537
          2471   85.76384599
          2472    85.7797766
          2473   85.79570722
          2474   85.81163025
          2475   85.82755049
          2476   85.84347073
          2477   85.85939097
          2478   85.87531121
          2479   85.89123145
          2480   85.90714703
          2481   85.92305691
          2482   85.93896678
          2483   85.95487666
          2484   85.97078653
          2485   85.98669641
          2486   86.00260459
          2487   86.01850412
          2488   86.03440365
          2489   86.05030318
          2490   86.06620271
          2491   86.08210223
          2492   86.09800176
          2493   86.11389226
          2494   86.12978145
          2495   86.14567064
          2496   86.16155984
          2497   86.17744903
          2498   86.19333823
          2499   86.20922143
          2500   86.22510031
          2501   86.24097918
          2502   86.25685806
          2503   86.27273693
          2504   86.28861581
          2505   86.30449177
          2506   86.32036033
          2507    86.3362289
          2508   86.35209747
          2509   86.36796604
          2510   86.38383461
          2511   86.39970318
          2512   86.41556166
          2513   86.43141994
          2514   86.44727821
          2515   86.46313649
          2516   86.47899477
          2517   86.49485305
          2518   86.51070439
          2519   86.52655239
          2520   86.54240039
          2521    86.5582484
          2522    86.5740964
          2523    86.5899444
          2524   86.60578865
          2525   86.62162639
          2526   86.63746413
          2527   86.65330187
          2528   86.66913961
          2529   86.68497735
          2530   86.70081456
          2531   86.71664205
          2532   86.73246954
          2533   86.74829703
          2534   86.76412452
          2535   86.77995201
          2536   86.79577951
          2537   86.81159949
          2538   86.82741675
          2539     86.843234
          2540   86.85905126
          2541   86.87486852
          2542   86.89068577
          2543   86.90649883
          2544   86.92230587
          2545    86.9381129
          2546   86.95391994
          2547   86.96972697
          2548   86.98553401
          2549   87.00134018
          2550   87.01713701
          2551   87.03293384
          2552   87.04873067
          2553    87.0645275
          2554   87.08032433
          2555   87.09612116
          2556    87.1119103
          2557   87.12769694
          2558   87.14348357
          2559   87.15927021
          2560   87.17505685
          2561   87.19084348
          2562   87.20662585
          2563   87.22240231
          2564   87.23817877
          2565   87.25395523
          2566   87.26973168
          2567   87.28550814
          2568   87.30128378
          2569   87.31705007
          2570   87.33281636
          2571   87.34858266
          2572   87.36434895
          2573   87.38011525
          2574   87.39588154
          2575   87.41164034
          2576   87.42739648
          2577   87.44315263
          2578   87.45890877
          2579   87.47466492
          2580   87.49042106
          2581   87.50617323
          2582   87.52191924
          2583   87.53766525
          2584   87.55341125
          2585   87.56915726
          2586   87.58490327
          2587   87.60064886
          2588   87.61638475
          2589   87.63212063
          2590   87.64785652
          2591    87.6635924
          2592   87.67932829
          2593   87.69506417
          2594   87.71079312
          2595    87.7265189
          2596   87.74224467
          2597   87.75797045
          2598   87.77369622
          2599     87.789422
          2600   87.80514447
          2601   87.82086016
          2602   87.83657584
          2603   87.85229152
          2604    87.8680072
          2605   87.88372288
          2606   87.89943856
          2607   87.91514452
          2608   87.93085012
          2609   87.94655572
          2610   87.96226132
          2611   87.97796692
          2612   87.99367252
          2613   88.00937211
          2614   88.02506765
          2615   88.04076318
          2616   88.05645871
          2617   88.07215425
          2618   88.08784978
          2619   88.10354304
          2620   88.11922852
          2621     88.134914
          2622   88.15059948
          2623   88.16628496
          2624   88.18197044
          2625   88.19765592
          2626   88.21333286
          2627    88.2290083
          2628   88.24468374
          2629   88.26035918
          2630   88.27603462
          2631   88.29171006
          2632   88.30738078
          2633   88.32304619
          2634    88.3387116
          2635   88.35437702
          2636   88.37004243
          2637   88.38570784
          2638   88.40137238
          2639   88.41702778
          2640   88.43268318
          2641   88.44833858
          2642   88.46399398
          2643   88.47964939
          2644   88.49530479
          2645   88.51095319
          2646   88.52659859
          2647   88.54224399
          2648    88.5578894
          2649    88.5735348
          2650    88.5891802
          2651   88.60482252
          2652   88.62045794
          2653   88.63609336
          2654   88.65172878
          2655   88.66736419
          2656   88.68299961
          2657   88.69863503
          2658   88.71426135
          2659   88.72988679
          2660   88.74551224
          2661   88.76113768
          2662   88.77676313
          2663   88.79238857
          2664   88.80800891
          2665    88.8236244
          2666   88.83923989
          2667   88.85485538
          2668   88.87047087
          2669   88.88608635
          2670   88.90170076
          2671    88.9173063
          2672   88.93291185
          2673   88.94851739
          2674   88.96412293
          2675   88.97972848
          2676   88.99533402
          2677    89.0109326
          2678   89.02652822
          2679   89.04212383
          2680   89.05771944
          2681   89.07331505
          2682   89.08891067
          2683   89.10450342
          2684   89.12008911
          2685   89.13567481
          2686    89.1512605
          2687    89.1668462
          2688   89.18243189
          2689   89.19801759
          2690   89.21359464
          2691   89.22917043
          2692   89.24474623
          2693   89.26032202
          2694   89.27589781
          2695    89.2914736
          2696   89.30704492
          2697   89.32261082
          2698   89.33817672
          2699   89.35374262
          2700   89.36930852
          2701   89.38487442
          2702   89.40044005
          2703   89.41599607
          2704    89.4315521
          2705   89.44710812
          2706   89.46266414
          2707   89.47822017
          2708   89.49377619
          2709    89.5093263
          2710   89.52487246
          2711   89.54041862
          2712   89.55596479
          2713   89.57151095
          2714   89.58705711
          2715   89.60260162
          2716   89.61813793
          2717   89.63367424
          2718   89.64921055
          2719   89.66474686
          2720   89.68028318
          2721   89.69581949
          2722   89.71134861
          2723   89.72687508
          2724   89.74240156
          2725   89.75792803
          2726   89.77345451
          2727   89.78898098
          2728    89.8045046
          2729   89.82002125
          2730   89.83553791
          2731   89.85105456
          2732   89.86657121
          2733   89.88208786
          2734   89.89760451
          2735   89.91311287
          2736   89.92861971
          2737   89.94412655
          2738   89.95963339
          2739   89.97514023
          2740   89.99064707
          2741   90.00615002
          2742   90.02164707
          2743   90.03714411
          2744   90.05264116
          2745    90.0681382
          2746   90.08363525
          2747   90.09913229
          2748    90.1146201
          2749   90.13010736
          2750   90.14559462
          2751   90.16108188
          2752   90.17656914
          2753    90.1920564
          2754   90.20753891
          2755    90.2230164
          2756   90.23849389
          2757   90.25397138
          2758   90.26944887
          2759   90.28492636
          2760   90.30040359
          2761   90.31587133
          2762   90.33133906
          2763   90.34680679
          2764   90.36227453
          2765   90.37774226
          2766      90.39321
          2767   90.40867226
          2768   90.42413025
          2769   90.43958824
          2770   90.45504623
          2771   90.47050422
          2772   90.48596221
          2773   90.50141931
          2774   90.51686757
          2775   90.53231583
          2776   90.54776409
          2777   90.56321234
          2778    90.5786606
          2779   90.59410886
          2780   90.60955111
          2781   90.62498965
          2782   90.64042819
          2783   90.65586674
          2784   90.67130528
          2785   90.68674382
          2786   90.70218099
          2787   90.71760983
          2788   90.73303866
          2789    90.7484675
          2790   90.76389634
          2791   90.77932518
          2792   90.79475401
          2793   90.81017645
          2794    90.8255956
          2795   90.84101475
          2796   90.85643389
          2797   90.87185304
          2798   90.88727218
          2799   90.90268964
          2800   90.91809911
          2801   90.93350858
          2802   90.94891805
          2803   90.96432751
          2804   90.97973698
          2805   90.99514645
          2806    91.0105493
          2807    91.0259491
          2808    91.0413489
          2809   91.05674871
          2810   91.07214851
          2811   91.08754831
          2812   91.10294627
          2813   91.11833642
          2814   91.13372657
          2815   91.14911672
          2816   91.16450687
          2817   91.17989702
          2818   91.19528717
          2819   91.21067064
          2820   91.22605115
          2821   91.24143166
          2822   91.25681217
          2823   91.27219268
          2824   91.28757319
          2825   91.30295186
          2826   91.31832274
          2827   91.33369363
          2828   91.34906451
          2829    91.3644354
          2830   91.37980628
          2831   91.39517717
          2832   91.41054146
          2833   91.42590273
          2834     91.441264
          2835   91.45662528
          2836   91.47198655
          2837   91.48734782
          2838    91.5027074
          2839   91.51805907
          2840   91.53341075
          2841   91.54876242
          2842   91.56411409
          2843   91.57946576
          2844   91.59481744
          2845   91.61016276
          2846   91.62550484
          2847   91.64084693
          2848   91.65618901
          2849    91.6715311
          2850   91.68687318
          2851   91.70221389
          2852    91.7175464
          2853   91.73287891
          2854   91.74821142
          2855   91.76354393
          2856   91.77887644
          2857   91.79420895
          2858   91.80953551
          2859   91.82485846
          2860   91.84018141
          2861   91.85550436
          2862   91.87082731
          2863   91.88615026
          2864   91.90147229
          2865   91.91678569
          2866   91.93209909
          2867   91.94741249
          2868   91.96272589
          2869   91.97803929
          2870   91.99335269
          2871    92.0086607
          2872   92.02396456
          2873   92.03926843
          2874   92.05457229
          2875   92.06987616
          2876   92.08518002
          2877   92.10048359
          2878   92.11577793
          2879   92.13107227
          2880   92.14636661
          2881   92.16166095
          2882   92.17695529
          2883   92.19224964
          2884   92.20753929
          2885   92.22282412
          2886   92.23810895
          2887   92.25339378
          2888   92.26867861
          2889   92.28396344
          2890   92.29924828
          2891   92.31452408
          2892   92.32979941
          2893   92.34507475
          2894   92.36035008
          2895   92.37562541
          2896   92.39090075
          2897   92.40617225
          2898    92.4214381
          2899   92.43670395
          2900    92.4519698
          2901   92.46723564
          2902   92.48250149
          2903   92.49776734
          2904   92.51302511
          2905   92.52828148
          2906   92.54353786
          2907   92.55879424
          2908   92.57405062
          2909   92.58930699
          2910   92.60456054
          2911   92.61980746
          2912   92.63505438
          2913   92.65030129
          2914   92.66554821
          2915   92.68079513
          2916   92.69604205
          2917   92.71128197
          2918   92.72651944
          2919   92.74175691
          2920   92.75699439
          2921   92.77223186
          2922   92.78746933
          2923   92.80270512
          2924   92.81793316
          2925    92.8331612
          2926   92.84838923
          2927   92.86361727
          2928   92.87884531
          2929   92.89407335
          2930   92.90929563
          2931   92.92451424
          2932   92.93973286
          2933   92.95495148
          2934   92.97017009
          2935   92.98538871
          2936   93.00060695
          2937   93.01581616
          2938   93.03102536
          2939   93.04623457
          2940   93.06144378
          2941   93.07665298
          2942   93.09186219
          2943   93.10706703
          2944   93.12226684
          2945   93.13746665
          2946   93.15266646
          2947   93.16786627
          2948   93.18306608
          2949   93.19826589
          2950   93.21345739
          2951   93.22864782
          2952   93.24383824
          2953   93.25902867
          2954    93.2742191
          2955   93.28940952
          2956   93.30459711
          2957   93.31977817
          2958   93.33495922
          2959   93.35014028
          2960   93.36532134
          2961   93.38050239
          2962   93.39568345
          2963   93.41085781
          2964    93.4260295
          2965    93.4412012
          2966    93.4563729
          2967   93.47154459
          2968   93.48671629
          2969   93.50188682
          2970   93.51704918
          2971   93.53221153
          2972   93.54737388
          2973   93.56253623
          2974   93.57769858
          2975   93.59286093
          2976   93.60801834
          2977   93.62317136
          2978   93.63832438
          2979   93.65347739
          2980   93.66863041
          2981   93.68378343
          2982   93.69893644
          2983   93.71408079
          2984   93.72922449
          2985   93.74436819
          2986   93.75951188
          2987   93.77465558
          2988   93.78979927
          2989   93.80493993
          2990   93.82007432
          2991    93.8352087
          2992   93.85034309
          2993   93.86547748
          2994   93.88061186
          2995   93.89574625
          2996   93.91087396
          2997   93.92599905
          2998   93.94112414
          2999   93.95624923
          3000   93.97137432
          3001   93.98649941
          3002    94.0016235
          3003   94.01673931
          3004   94.03185511
          3005   94.04697092
          3006   94.06208673
          3007   94.07720253
          3008   94.09231834
          3009   94.10742959
          3010   94.12253612
          3011   94.13764265
          3012   94.15274919
          3013   94.16785572
          3014   94.18296226
          3015   94.19806879
          3016   94.21316725
          3017   94.22826453
          3018    94.2433618
          3019   94.25845908
          3020   94.27355635
          3021   94.28865363
          3022    94.3037486
          3023   94.31883663
          3024   94.33392466
          3025   94.34901269
          3026   94.36410072
          3027   94.37918874
          3028   94.39427677
          3029   94.40935907
          3030   94.42443786
          3031   94.43951665
          3032   94.45459545
          3033   94.46967424
          3034   94.48475303
          3035   94.49983183
          3036    94.5149015
          3037   94.52997107
          3038   94.54504064
          3039   94.56011021
          3040   94.57517978
          3041   94.59024935
          3042   94.60531567
          3043   94.62037603
          3044   94.63543639
          3045   94.65049675
          3046   94.66555711
          3047   94.68061747
          3048   94.69567783
          3049   94.71073164
          3050    94.7257828
          3051   94.74083396
          3052   94.75588512
          3053   94.77093628
          3054   94.78598745
          3055   94.80103798
          3056   94.81607995
          3057   94.83112193
          3058    94.8461639
          3059   94.86120588
          3060   94.87624786
          3061   94.89128983
          3062   94.90632795
          3063   94.92136075
          3064   94.93639355
          3065   94.95142635
          3066   94.96645916
          3067   94.98149196
          3068   94.99652476
          3069   95.01155052
          3070   95.02657416
          3071    95.0415978
          3072   95.05662144
          3073   95.07164508
          3074   95.08666872
          3075   95.10169133
          3076   95.11670583
          3077   95.13172032
          3078   95.14673481
          3079    95.1617493
          3080   95.17676379
          3081   95.19177828
          3082   95.20678864
          3083   95.22179399
          3084   95.23679935
          3085    95.2518047
          3086   95.26681006
          3087   95.28181541
          3088   95.29682076
          3089   95.31181893
          3090   95.32681516
          3091   95.34181138
          3092   95.35680761
          3093   95.37180384
          3094   95.38680007
          3095   95.40179521
          3096   95.41678232
          3097   95.43176944
          3098   95.44675655
          3099   95.46174367
          3100   95.47673078
          3101    95.4917179
          3102   95.50670094
          3103   95.52167896
          3104   95.53665697
          3105   95.55163499
          3106     95.566613
          3107   95.58159102
          3108   95.59656903
          3109   95.61154004
          3110   95.62650896
          3111   95.64147789
          3112   95.65644681
          3113   95.67141574
          3114   95.68638466
          3115   95.70135277
          3116   95.71631262
          3117   95.73127247
          3118   95.74623231
          3119   95.76119216
          3120   95.77615201
          3121   95.79111186
          3122   95.80606803
          3123   95.82101881
          3124   95.83596959
          3125   95.85092038
          3126   95.86587116
          3127   95.88082194
          3128   95.89577272
          3129   95.91071702
          3130   95.92565875
          3131   95.94060047
          3132    95.9555422
          3133   95.97048393
          3134   95.98542566
          3135   96.00036717
          3136   96.01529986
          3137   96.03023255
          3138   96.04516524
          3139   96.06009793
          3140   96.07503062
          3141    96.0899633
          3142   96.10489303
          3143   96.11981669
          3144   96.13474035
          3145   96.14966401
          3146   96.16458767
          3147   96.17951133
          3148   96.19443499
          3149   96.20935299
          3150   96.22426763
          3151   96.23918228
          3152   96.25409692
          3153   96.26901156
          3154    96.2839262
          3155   96.29884084
          3156   96.31374718
          3157   96.32865282
          3158   96.34355845
          3159   96.35846409
          3160   96.37336973
          3161   96.38827536
          3162   96.40317908
          3163   96.41807572
          3164   96.43297237
          3165   96.44786901
          3166   96.46276565
          3167   96.47766229
          3168   96.49255894
          3169   96.50745108
          3170   96.52233874
          3171    96.5372264
          3172   96.55211407
          3173   96.56700173
          3174   96.58188939
          3175   96.59677705
          3176   96.61165768
          3177   96.62653637
          3178   96.64141506
          3179   96.65629375
          3180   96.67117244
          3181   96.68605113
          3182   96.70092927
          3183     96.715799
          3184   96.73066873
          3185   96.74553846
          3186    96.7604082
          3187   96.77527793
          3188   96.79014766
          3189   96.80501438
          3190   96.81987516
          3191   96.83473595
          3192   96.84959673
          3193   96.86445752
          3194   96.87931831
          3195   96.89417909
          3196   96.90903444
          3197    96.9238863
          3198   96.93873815
          3199      96.95359
          3200   96.96844185
          3201    96.9832937
          3202   96.99814555
          3203    97.0129896
          3204   97.02783252
          3205   97.04267545
          3206   97.05751838
          3207   97.07236131
          3208   97.08720424
          3209   97.10204594
          3210   97.11687995
          3211   97.13171397
          3212   97.14654799
          3213   97.16138201
          3214   97.17621602
          3215   97.19105004
          3216   97.20588053
          3217   97.22070564
          3218   97.23553076
          3219   97.25035588
          3220     97.265181
          3221   97.28000611
          3222   97.29483123
          3223   97.30965056
          3224   97.32446679
          3225   97.33928302
          3226   97.35409925
          3227   97.36891548
          3228   97.38373171
          3229   97.39854794
          3230   97.41335616
          3231   97.42816352
          3232   97.44297087
          3233   97.45777822
          3234   97.47258558
          3235   97.48739293
          3236   97.50219897
          3237   97.51699746
          3238   97.53179594
          3239   97.54659443
          3240   97.56139292
          3241   97.57619141
          3242    97.5909899
          3243   97.60578493
          3244   97.62057456
          3245    97.6353642
          3246   97.65015383
          3247   97.66494347
          3248    97.6797331
          3249   97.69452274
          3250   97.70930681
          3251    97.7240876
          3252    97.7388684
          3253   97.75364919
          3254   97.76842999
          3255   97.78321078
          3256   97.79799158
          3257   97.81276474
          3258   97.82753671
          3259   97.84230867
          3260   97.85708063
          3261    97.8718526
          3262   97.88662456
          3263   97.90139569
          3264   97.91615884
          3265   97.93092199
          3266   97.94568513
          3267   97.96044828
          3268   97.97521142
          3269   97.98997457
          3270   98.00473489
          3271   98.01948923
          3272   98.03424357
          3273   98.04899791
          3274   98.06375225
          3275   98.07850659
          3276   98.09326093
          3277   98.10801049
          3278   98.12275603
          3279   98.13750158
          3280   98.15224712
          3281   98.16699267
          3282   98.18173821
          3283   98.19648375
          3284   98.21122261
          3285   98.22595937
          3286   98.24069613
          3287   98.25543289
          3288   98.27016965
          3289   98.28490641
          3290   98.29964317
          3291   98.31437137
          3292   98.32909936
          3293   98.34382735
          3294   98.35855534
          3295   98.37328332
          3296   98.38801131
          3297   98.40273767
          3298    98.4174569
          3299   98.43217613
          3300   98.44689535
          3301   98.46161458
          3302   98.47633381
          3303   98.49105303
          3304   98.50576883
          3305   98.52047931
          3306   98.53518979
          3307   98.54990026
          3308   98.56461074
          3309   98.57932122
          3310    98.5940317
          3311   98.60873698
          3312   98.62343872
          3313   98.63814046
          3314    98.6528422
          3315   98.66754394
          3316   98.68224568
          3317   98.69694742
          3318   98.71164225
          3319   98.72633526
          3320   98.74102827
          3321   98.75572128
          3322    98.7704143
          3323   98.78510731
          3324   98.79980032
          3325   98.81448474
          3326   98.82916904
          3327   98.84385333
          3328   98.85853763
          3329   98.87322193
          3330   98.88790623
          3331   98.90258899
          3332   98.91726458
          3333   98.93194018
          3334   98.94661577
          3335   98.96129137
          3336   98.97596696
          3337   98.99064255
          3338     99.005315
          3339    99.0199819
          3340    99.0346488
          3341    99.0493157
          3342    99.0639826
          3343    99.0786495
          3344    99.0933164
          3345   99.10797858
          3346    99.1226368
          3347   99.13729502
          3348   99.15195324
          3349   99.16661146
          3350   99.18126968
          3351    99.1959279
          3352   99.21057986
          3353   99.22522941
          3354   99.23987896
          3355   99.25452851
          3356   99.26917806
          3357   99.28382761
          3358   99.29847716
          3359   99.31311895
          3360   99.32775984
          3361   99.34240073
          3362   99.35704162
          3363   99.37168251
          3364    99.3863234
          3365   99.40096373
          3366   99.41559597
          3367   99.43022821
          3368   99.44486046
          3369    99.4594927
          3370   99.47412494
          3371   99.48875719
          3372   99.50338743
          3373   99.51801104
          3374   99.53263465
          3375   99.54725825
          3376   99.56188186
          3377   99.57650547
          3378   99.59112907
          3379   99.60574929
          3380   99.62036427
          3381   99.63497925
          3382   99.64959424
          3383   99.66420922
          3384    99.6788242
          3385   99.69343918
          3386   99.70804942
          3387   99.72265579
          3388   99.73726216
          3389   99.75186852
          3390   99.76647489
          3391   99.78108126
          3392   99.79568763
          3393   99.81028794
          3394    99.8248857
          3395   99.83948347
          3396   99.85408123
          3397     99.868679
          3398   99.88327676
          3399   99.89787453
          3400   99.91246496
          3401   99.92705413
          3402    99.9416433
          3403   99.95623248
          3404   99.97082165
          3405   99.98541083
          3406           100
          3407   100.0145806
          3408   100.0291612
          3409   100.0437418
          3410   100.0583224
          3411    100.072903
          3412   100.0874836
          3413   100.1020629
          3414    100.116635
          3415    100.131207
          3416    100.145779
          3417    100.160351
          3418   100.1749231
          3419   100.1894951
          3420   100.2040647
          3421   100.2186282
          3422   100.2331917
          3423   100.2477551
          3424   100.2623186
          3425   100.2768821
          3426   100.2914455
          3427   100.3060055
          3428   100.3205604
          3429   100.3351153
          3430   100.3496702
          3431   100.3642251
          3432   100.3787801
          3433    100.393335
          3434   100.4078853
          3435   100.4224317
          3436    100.436978
          3437   100.4515244
          3438   100.4660708
          3439   100.4806172
          3440   100.4951636
          3441   100.5097043
          3442   100.5242421
          3443     100.53878
          3444   100.5533178
          3445   100.5678557
          3446   100.5823936
          3447   100.5969314
          3448   100.6114626
          3449   100.6259919
          3450   100.6405212
          3451   100.6550506
          3452   100.6695799
          3453   100.6841093
          3454   100.6986386
          3455   100.7131603
          3456   100.7276811
          3457   100.7422019
          3458   100.7567228
          3459   100.7712436
          3460   100.7857645
          3461   100.8002851
          3462   100.8147975
          3463   100.8293098
          3464   100.8438222
          3465   100.8583345
          3466   100.8728469
          3467   100.8873592
          3468   100.9018705
          3469   100.9163743
          3470   100.9308782
          3471   100.9453821
          3472    100.959886
          3473   100.9743898
          3474   100.9888937
          3475   101.0033956
          3476    101.017891
          3477   101.0323864
          3478   101.0468818
          3479   101.0613772
          3480   101.0758726
          3481    101.090368
          3482   101.1048605
          3483   101.1193475
          3484   101.1338344
          3485   101.1483213
          3486   101.1628083
          3487   101.1772952
          3488   101.1917821
          3489   101.2062654
          3490   101.2207439
          3491   101.2352224
          3492   101.2497009
          3493   101.2641794
          3494   101.2786579
          3495   101.2931364
          3496   101.3076104
          3497   101.3220805
          3498   101.3365505
          3499   101.3510206
          3500   101.3654906
          3501   101.3799607
          3502   101.3944307
          3503   101.4088956
          3504   101.4233572
          3505   101.4378189
          3506   101.4522805
          3507   101.4667421
          3508   101.4812037
          3509   101.4956654
          3510   101.5101211
          3511   101.5245743
          3512   101.5390275
          3513   101.5534807
          3514   101.5679339
          3515   101.5823871
          3516   101.5968404
          3517    101.611287
          3518   101.6257318
          3519   101.6401766
          3520   101.6546214
          3521   101.6690662
          3522    101.683511
          3523   101.6979558
          3524   101.7123934
          3525   101.7268298
          3526   101.7412663
          3527   101.7557027
          3528   101.7701391
          3529   101.7845755
          3530   101.7990119
          3531   101.8134405
          3532   101.8278685
          3533   101.8422966
          3534   101.8567246
          3535   101.8711526
          3536   101.8855806
          3537   101.9000087
          3538   101.9144283
          3539    101.928848
          3540   101.9432676
          3541   101.9576873
          3542   101.9721069
          3543   101.9865266
          3544   102.0009457
          3545    102.015357
          3546   102.0297683
          3547   102.0441796
          3548   102.0585909
          3549   102.0730022
          3550   102.0874135
          3551   102.1018237
          3552   102.1162266
          3553   102.1306296
          3554   102.1450325
          3555   102.1594355
          3556   102.1738384
          3557   102.1882414
          3558   102.2026428
          3559   102.2170374
          3560    102.231432
          3561   102.2458266
          3562   102.2602212
          3563   102.2746158
          3564   102.2890104
          3565    102.303403
          3566   102.3177893
          3567   102.3321756
          3568   102.3465618
          3569   102.3609481
          3570   102.3753344
          3571   102.3897207
          3572   102.4041046
          3573   102.4184825
          3574   102.4328605
          3575   102.4472384
          3576   102.4616164
          3577   102.4759943
          3578   102.4903723
          3579   102.5047475
          3580   102.5191171
          3581   102.5334868
          3582   102.5478564
          3583   102.5622261
          3584   102.5765957
          3585   102.5909654
          3586   102.6053319
          3587   102.6196933
          3588   102.6340546
          3589    102.648416
          3590   102.6627773
          3591   102.6771387
          3592      102.6915
          3593    102.705858
          3594    102.720211
          3595   102.7345641
          3596   102.7489172
          3597   102.7632702
          3598   102.7776233
          3599   102.7919763
          3600   102.8063258
          3601   102.8206705
          3602   102.8350153
          3603   102.8493601
          3604   102.8637049
          3605   102.8780497
          3606   102.8923945
          3607   102.9067354
          3608   102.9210719
          3609   102.9354084
          3610   102.9497449
          3611   102.9640814
          3612    102.978418
          3613   102.9927545
          3614   103.0070869
          3615   103.0214152
          3616   103.0357434
          3617   103.0500717
          3618      103.0644
          3619   103.0787282
          3620   103.0930565
          3621   103.1073805
          3622   103.1217005
          3623   103.1360205
          3624   103.1503406
          3625   103.1646606
          3626   103.1789806
          3627   103.1933006
          3628   103.2076162
          3629    103.221928
          3630   103.2362398
          3631   103.2505516
          3632   103.2648634
          3633   103.2791752
          3634    103.293487
          3635   103.3077943
          3636   103.3220978
          3637   103.3364014
          3638   103.3507049
          3639   103.3650085
          3640   103.3793121
          3641   103.3936156
          3642   103.4079146
          3643     103.42221
          3644   103.4365053
          3645   103.4508007
          3646    103.465096
          3647   103.4793914
          3648   103.4936867
          3649   103.5079775
          3650   103.5222646
          3651   103.5365518
          3652   103.5508389
          3653   103.5651261
          3654   103.5794132
          3655   103.5937004
          3656   103.6079829
          3657   103.6222619
          3658   103.6365408
          3659   103.6508198
          3660   103.6650987
          3661   103.6793777
          3662   103.6936566
          3663    103.707931
          3664   103.7222018
          3665   103.7364726
          3666   103.7507434
          3667   103.7650141
          3668   103.7792849
          3669   103.7935557
          3670    103.807822
          3671   103.8220846
          3672   103.8363472
          3673   103.8506098
          3674   103.8648724
          3675    103.879135
          3676   103.8933976
          3677   103.9076558
          3678   103.9219102
          3679   103.9361647
          3680   103.9504191
          3681   103.9646735
          3682    103.978928
          3683   103.9931824
          3684   104.0074326
          3685   104.0216789
          3686   104.0359252
          3687   104.0501715
          3688   104.0644177
          3689    104.078664
          3690   104.0929103
          3691   104.1071525
          3692   104.1213907
          3693   104.1356288
          3694    104.149867
          3695   104.1641051
          3696   104.1783433
          3697   104.1925814
          3698   104.2068157
          3699   104.2210457
          3700   104.2352757
          3701   104.2495057
          3702   104.2637357
          3703   104.2779657
          3704   104.2921958
          3705   104.3064221
          3706    104.320644
          3707   104.3348659
          3708   104.3490878
          3709   104.3633097
          3710   104.3775316
          3711   104.3917535
          3712    104.405972
          3713   104.4201858
          3714   104.4343996
          3715   104.4486134
          3716   104.4628272
          3717   104.4770409
          3718   104.4912547
          3719   104.5054654
          3720   104.5196711
          3721   104.5338768
          3722   104.5480825
          3723   104.5622882
          3724   104.5764939
          3725   104.5906996
          3726   104.6049025
          3727   104.6191001
          3728   104.6332977
          3729   104.6474953
          3730   104.6616929
          3731   104.6758905
          3732   104.6900881
          3733   104.7042832
          3734   104.7184728
          3735   104.7326623
          3736   104.7468518
          3737   104.7610413
          3738   104.7752308
          3739   104.7894204
          3740   104.8036078
          3741   104.8177893
          3742   104.8319708
          3743   104.8461522
          3744   104.8603337
          3745   104.8745151
          3746   104.8886966
          3747   104.9028764
          3748   104.9170498
          3749   104.9312232
          3750   104.9453966
          3751     104.95957
          3752   104.9737434
          3753   104.9879168
          3754    105.002089
          3755   105.0162543
          3756   105.0304197
          3757    105.044585
          3758   105.0587504
          3759   105.0729157
          3760   105.0870811
          3761   105.1012457
          3762    105.115403
          3763   105.1295604
          3764   105.1437177
          3765    105.157875
          3766   105.1720323
          3767   105.1861896
          3768   105.2003467
          3769    105.214496
          3770   105.2286453
          3771   105.2427946
          3772   105.2569439
          3773   105.2710932
          3774   105.2852424
          3775   105.2993917
          3776   105.3135333
          3777   105.3276746
          3778   105.3418159
          3779   105.3559571
          3780   105.3700984
          3781   105.3842397
          3782   105.3983809
          3783   105.4125151
          3784   105.4266484
          3785   105.4407816
          3786   105.4549149
          3787   105.4690482
          3788   105.4831814
          3789   105.4973147
          3790   105.5114415
          3791   105.5255667
          3792    105.539692
          3793   105.5538173
          3794   105.5679425
          3795   105.5820678
          3796   105.5961931
          3797   105.6103125
          3798   105.6244298
          3799    105.638547
          3800   105.6526643
          3801   105.6667816
          3802   105.6808989
          3803   105.6950162
          3804   105.7091283
          3805   105.7232376
          3806   105.7373469
          3807   105.7514562
          3808   105.7655655
          3809   105.7796748
          3810   105.7937841
          3811   105.8078889
          3812   105.8219903
          3813   105.8360916
          3814   105.8501929
          3815   105.8642943
          3816   105.8783956
          3817   105.8924969
          3818   105.9065945
          3819   105.9206879
          3820   105.9347813
          3821   105.9488747
          3822   105.9629681
          3823   105.9770614
          3824   105.9911548
          3825   106.0052452
          3826   106.0193307
          3827   106.0334161
          3828   106.0475015
          3829    106.061587
          3830   106.0756724
          3831   106.0897578
          3832   106.1038411
          3833   106.1179186
          3834   106.1319961
          3835   106.1460736
          3836   106.1601511
          3837   106.1742286
          3838   106.1883061
          3839   106.2023822
          3840   106.2164518
          3841   106.2305214
          3842   106.2445909
          3843   106.2586605
          3844   106.2727301
          3845   106.2867996
          3846   106.3008687
          3847   106.3149304
          3848    106.328992
          3849   106.3430537
          3850   106.3571153
          3851    106.371177
          3852   106.3852386
          3853   106.3993003
          3854   106.4133544
          3855   106.4274082
          3856   106.4414619
          3857   106.4555157
          3858   106.4695694
          3859   106.4836232
          3860   106.4976769
          3861   106.5117241
          3862   106.5257699
          3863   106.5398158
          3864   106.5538616
          3865   106.5679075
          3866   106.5819533
          3867   106.5959992
          3868   106.6100394
          3869   106.6240773
          3870   106.6381153
          3871   106.6521532
          3872   106.6661912
          3873   106.6802292
          3874   106.6942671
          3875   106.7083004
          3876   106.7223305
          3877   106.7363606
          3878   106.7503907
          3879   106.7644208
          3880   106.7784509
          3881    106.792481
          3882   106.8065074
          3883   106.8205296
          3884   106.8345518
          3885   106.8485741
          3886   106.8625963
          3887   106.8766185
          3888   106.8906407
          3889   106.9046603
          3890   106.9186747
          3891    106.932689
          3892   106.9467034
          3893   106.9607178
          3894   106.9747321
          3895   106.9887465
          3896   107.0027593
          3897   107.0167658
          3898   107.0307724
          3899   107.0447789
          3900   107.0587854
          3901   107.0727919
          3902   107.0867984
          3903   107.1008045
          3904   107.1148032
          3905   107.1288018
          3906   107.1428005
          3907   107.1567992
          3908   107.1707979
          3909   107.1847966
          3910   107.1987952
          3911   107.2127868
          3912   107.2267776
          3913   107.2407685
          3914   107.2547593
          3915   107.2687502
          3916    107.282741
          3917   107.2967319
          3918   107.3107167
          3919   107.3246998
          3920   107.3386828
          3921   107.3526658
          3922   107.3666489
          3923   107.3806319
          3924   107.3946149
          3925   107.4085932
          3926   107.4225684
          3927   107.4365436
          3928   107.4505188
          3929   107.4644941
          3930   107.4784693
          3931   107.4924445
          3932   107.5064162
          3933   107.5203836
          3934    107.534351
          3935   107.5483185
          3936   107.5622859
          3937   107.5762533
          3938   107.5902207
          3939   107.6041858
          3940   107.6181455
          3941   107.6321051
          3942   107.6460648
          3943   107.6600244
          3944    107.673984
          3945   107.6879437
          3946   107.7019023
          3947   107.7158541
          3948    107.729806
          3949   107.7437579
          3950   107.7577097
          3951   107.7716616
          3952   107.7856134
          3953   107.7995653
          3954   107.8135096
          3955   107.8274537
          3956   107.8413978
          3957   107.8553419
          3958    107.869286
          3959   107.8832301
          3960   107.8971742
          3961   107.9111121
          3962   107.9250484
          3963   107.9389848
          3964   107.9529211
          3965   107.9668575
          3966   107.9807938
          3967   107.9947301
          3968   108.0086616
          3969   108.0225902
          3970   108.0365188
          3971   108.0504474
          3972    108.064376
          3973   108.0783046
          3974   108.0922332
          3975   108.1061583
          3976   108.1200792
          3977       108.134
          3978   108.1479209
          3979   108.1618417
          3980   108.1757626
          3981   108.1896834
          3982   108.2036022
          3983   108.2175154
          3984   108.2314285
          3985   108.2453416
          3986   108.2592547
          3987   108.2731678
          3988   108.2870809
          3989   108.3009935
          3990   108.3148989
          3991   108.3288043
          3992   108.3427097
          3993   108.3566151
          3994   108.3705205
          3995   108.3844259
          3996   108.3983313
          3997   108.4122299
          3998   108.4261276
          3999   108.4400253
          4000    108.453923
          4001   108.4678206
          4002   108.4817183
          4003    108.495616
          4004   108.5095084
          4005   108.5233984
          4006   108.5372884
          4007   108.5511784
          4008   108.5650684
          4009   108.5789584
          4010   108.5928483
          4011   108.6067346
          4012   108.6206169
          4013   108.6344992
          4014   108.6483815
          4015   108.6622638
          4016   108.6761461
          4017   108.6900284
          4018   108.7039085
          4019   108.7177831
          4020   108.7316577
          4021   108.7455323
          4022   108.7594069
          4023   108.7732816
          4024   108.7871562
          4025   108.8010302
          4026   108.8148972
          4027   108.8287641
          4028    108.842631
          4029    108.856498
          4030   108.8703649
          4031   108.8842319
          4032   108.8980988
          4033   108.9119591
          4034   108.9258184
          4035   108.9396777
          4036    108.953537
          4037   108.9673962
          4038   108.9812555
          4039   108.9951148
          4040   109.0089691
          4041   109.0228208
          4042   109.0366724
          4043    109.050524
          4044   109.0643756
          4045   109.0782273
          4046   109.0920789
          4047   109.1059272
          4048   109.1197712
          4049   109.1336152
          4050   109.1474592
          4051   109.1613032
          4052   109.1751471
          4053   109.1889911
          4054   109.2028335
          4055   109.2166699
          4056   109.2305062
          4057   109.2443426
          4058   109.2581789
          4059   109.2720153
          4060   109.2858516
          4061    109.299688
          4062   109.3135169
          4063   109.3273456
          4064   109.3411743
          4065    109.355003
          4066   109.3688318
          4067   109.3826605
          4068   109.3964892
          4069   109.4103123
          4070   109.4241334
          4071   109.4379545
          4072   109.4517756
          4073   109.4655967
          4074   109.4794178
          4075   109.4932389
          4076   109.5070561
          4077   109.5208696
          4078   109.5346831
          4079   109.5484966
          4080   109.5623101
          4081   109.5761237
          4082   109.5899372
          4083   109.6037486
          4084   109.6175545
          4085   109.6313604
          4086   109.6451663
          4087   109.6589722
          4088   109.6727781
          4089    109.686584
          4090   109.7003897
          4091   109.7141881
          4092   109.7279864
          4093   109.7417847
          4094    109.755583
          4095   109.7693813
          4096   109.7831797
          4097    109.796978
          4098   109.8107704
          4099   109.8245611
          4100   109.8383519
          4101   109.8521426
          4102   109.8659334
          4103   109.8797241
          4104   109.8935148
          4105   109.9073016
          4106   109.9210848
          4107   109.9348679
          4108   109.9486511
          4109   109.9624343
          4110   109.9762175
          4111   109.9900006
          4112   110.0037817
          4113   110.0175574
          4114    110.031333
          4115   110.0451086
          4116   110.0588842
          4117   110.0726598
          4118   110.0864354
          4119   110.1002109
          4120    110.113979
          4121   110.1277471
          4122   110.1415152
          4123   110.1552832
          4124   110.1690513
          4125   110.1828194
          4126   110.1965874
          4127   110.2103498
          4128   110.2241104
          4129   110.2378709
          4130   110.2516314
          4131   110.2653919
          4132   110.2791525
          4133    110.292913
          4134   110.3066699
          4135   110.3204229
          4136   110.3341759
          4137   110.3479289
          4138   110.3616819
          4139   110.3754349
          4140   110.3891879
          4141   110.4029393
          4142   110.4166847
          4143   110.4304302
          4144   110.4441757
          4145   110.4579212
          4146   110.4716667
          4147   110.4854121
          4148   110.4991576
          4149    110.512896
          4150    110.526634
          4151    110.540372
          4152   110.5541099
          4153   110.5678479
          4154   110.5815859
          4155   110.5953238
          4156   110.6090569
          4157   110.6227873
          4158   110.6365178
          4159   110.6502482
          4160   110.6639787
          4161   110.6777092
          4162   110.6914396
          4163   110.7051673
          4164   110.7188903
          4165   110.7326132
          4166   110.7463362
          4167   110.7600592
          4168   110.7737821
          4169   110.7875051
          4170   110.8012274
          4171   110.8149429
          4172   110.8286584
          4173   110.8423739
          4174   110.8560894
          4175   110.8698048
          4176   110.8835203
          4177   110.8972358
          4178   110.9109453
          4179   110.9246534
          4180   110.9383614
          4181   110.9520694
          4182   110.9657774
          4183   110.9794854
          4184   110.9931934
          4185   111.0068977
          4186   111.0205982
          4187   111.0342988
          4188   111.0479993
          4189   111.0616999
          4190   111.0754004
          4191    111.089101
          4192      111.1028
          4193   111.1164931
          4194   111.1301862
          4195   111.1438793
          4196   111.1575723
          4197   111.1712654
          4198   111.1849585
          4199   111.1986516
          4200    111.212338
          4201   111.2260236
          4202   111.2397093
          4203   111.2533949
          4204   111.2670806
          4205   111.2807662
          4206   111.2944519
          4207   111.3081331
          4208   111.3218113
          4209   111.3354895
          4210   111.3491677
          4211   111.3628459
          4212   111.3765241
          4213   111.3902023
          4214   111.4038784
          4215   111.4175492
          4216     111.43122
          4217   111.4448908
          4218   111.4585615
          4219   111.4722323
          4220   111.4859031
          4221   111.4995739
          4222   111.5132375
          4223   111.5269008
          4224   111.5405642
          4225   111.5542275
          4226   111.5678909
          4227   111.5815543
          4228   111.5952176
          4229   111.6088762
          4230   111.6225321
          4231   111.6361881
          4232    111.649844
          4233      111.6635
          4234   111.6771559
          4235   111.6908119
          4236   111.7044654
          4237   111.7181139
          4238   111.7317625
          4239    111.745411
          4240   111.7590596
          4241   111.7727081
          4242   111.7863567
          4243   111.8000052
          4244   111.8136464
          4245   111.8272875
          4246   111.8409287
          4247   111.8545698
          4248    111.868211
          4249   111.8818522
          4250   111.8954933
          4251   111.9091295
          4252   111.9227633
          4253   111.9363971
          4254   111.9500308
          4255   111.9636646
          4256   111.9772984
          4257   111.9909322
          4258   112.0045635
          4259   112.0181899
          4260   112.0318163
          4261   112.0454427
          4262   112.0590691
          4263   112.0726955
          4264   112.0863219
          4265   112.0999483
          4266   112.1135673
          4267   112.1271864
          4268   112.1408054
          4269   112.1544244
          4270   112.1680435
          4271   112.1816625
          4272   112.1952815
          4273   112.2088958
          4274   112.2225074
          4275   112.2361191
          4276   112.2497308
          4277   112.2633425
          4278   112.2769541
          4279   112.2905658
          4280   112.3041753
          4281   112.3177796
          4282   112.3313839
          4283   112.3449882
          4284   112.3585926
          4285   112.3721969
          4286   112.3858012
          4287   112.3994056
          4288   112.4130029
          4289   112.4265999
          4290   112.4401969
          4291   112.4537939
          4292   112.4673909
          4293   112.4809879
          4294   112.4945849
          4295   112.5081774
          4296   112.5217671
          4297   112.5353568
          4298   112.5489464
          4299   112.5625361
          4300   112.5761258
          4301   112.5897154
          4302   112.6033033
          4303   112.6168857
          4304    112.630468
          4305   112.6440504
          4306   112.6576327
          4307   112.6712151
          4308   112.6847974
          4309   112.6983797
          4310   112.7119557
          4311   112.7255307
          4312   112.7391057
          4313   112.7526808
          4314   112.7662558
          4315   112.7798308
          4316   112.7934059
          4317   112.8069772
          4318   112.8205449
          4319   112.8341126
          4320   112.8476804
          4321   112.8612481
          4322   112.8748158
          4323   112.8883836
          4324   112.9019502
          4325   112.9155107
          4326   112.9290711
          4327   112.9426316
          4328    112.956192
          4329   112.9697524
          4330   112.9833129
          4331   112.9968733
          4332   113.0104282
          4333   113.0239813
          4334   113.0375345
          4335   113.0510876
          4336   113.0646408
          4337    113.078194
          4338   113.0917471
          4339   113.1052974
          4340   113.1188433
          4341   113.1323892
          4342   113.1459351
          4343    113.159481
          4344   113.1730268
          4345   113.1865727
          4346   113.2001185
          4347   113.2136572
          4348   113.2271958
          4349   113.2407344
          4350    113.254273
          4351   113.2678116
          4352   113.2813502
          4353   113.2948889
          4354    113.308423
          4355   113.3219543
          4356   113.3354857
          4357    113.349017
          4358   113.3625484
          4359   113.3760798
          4360   113.3896111
          4361   113.4031408
          4362   113.4166649
          4363    113.430189
          4364   113.4437131
          4365   113.4572372
          4366   113.4707613
          4367   113.4842855
          4368   113.4978096
          4369   113.5113276
          4370   113.5248445
          4371   113.5383614
          4372   113.5518782
          4373   113.5653951
          4374    113.578912
          4375   113.5924288
          4376   113.6059425
          4377   113.6194522
          4378   113.6329618
          4379   113.6464715
          4380   113.6599811
          4381   113.6734907
          4382   113.6870004
          4383   113.7005098
          4384   113.7140122
          4385   113.7275146
          4386    113.741017
          4387   113.7545194
          4388   113.7680219
          4389   113.7815243
          4390   113.7950267
          4391   113.8085246
          4392   113.8220198
          4393    113.835515
          4394   113.8490102
          4395   113.8625054
          4396   113.8760006
          4397   113.8894958
          4398   113.9029894
          4399   113.9164774
          4400   113.9299654
          4401   113.9434534
          4402   113.9569414
          4403   113.9704294
          4404   113.9839174
          4405   113.9974054
          4406   114.0108876
          4407   114.0243684
          4408   114.0378492
          4409     114.05133
          4410   114.0648109
          4411   114.0782917
          4412   114.0917725
          4413   114.1052505
          4414   114.1187241
          4415   114.1321977
          4416   114.1456713
          4417    114.159145
          4418   114.1726186
          4419   114.1860922
          4420   114.1995658
          4421   114.2130325
          4422   114.2264989
          4423   114.2399654
          4424   114.2534318
          4425   114.2668983
          4426   114.2803647
          4427   114.2938312
          4428   114.3072937
          4429    114.320753
          4430   114.3342123
          4431   114.3476715
          4432   114.3611308
          4433   114.3745901
          4434   114.3880494
          4435   114.4015078
          4436     114.41496
          4437   114.4284121
          4438   114.4418642
          4439   114.4553163
          4440   114.4687684
          4441   114.4822205
          4442   114.4956726
          4443   114.5091199
          4444   114.5225649
          4445   114.5360098
          4446   114.5494548
          4447   114.5628998
          4448   114.5763447
          4449   114.5897897
          4450   114.6032329
          4451   114.6166707
          4452   114.6301086
          4453   114.6435464
          4454   114.6569842
          4455    114.670422
          4456   114.6838598
          4457   114.6972977
          4458   114.7107298
          4459   114.7241605
          4460   114.7375912
          4461   114.7510218
          4462   114.7644525
          4463   114.7778832
          4464   114.7913139
          4465   114.8047421
          4466   114.8181656
          4467   114.8315892
          4468   114.8450127
          4469   114.8584363
          4470   114.8718599
          4471   114.8852834
          4472    114.898707
          4473   114.9121241
          4474   114.9255406
          4475    114.938957
          4476   114.9523734
          4477   114.9657899
          4478   114.9792063
          4479   114.9926228
          4480    115.006036
          4481   115.0194454
          4482   115.0328547
          4483    115.046264
          4484   115.0596734
          4485   115.0730827
          4486    115.086492
          4487   115.0999014
          4488   115.1133037
          4489   115.1267059
          4490   115.1401081
          4491   115.1535104
          4492   115.1669126
          4493   115.1803148
          4494   115.1937171
          4495   115.2071155
          4496   115.2205107
          4497   115.2339058
          4498    115.247301
          4499   115.2606961
          4500   115.2740913
          4501   115.2874864
          4502   115.3008811
          4503   115.3142692
          4504   115.3276572
          4505   115.3410453
          4506   115.3544333
          4507   115.3678214
          4508   115.3812095
          4509   115.3945975
          4510   115.4079814
          4511   115.4213624
          4512   115.4347433
          4513   115.4481243
          4514   115.4615053
          4515   115.4748863
          4516   115.4882673
          4517   115.5016474
          4518   115.5150213
          4519   115.5283953
          4520   115.5417692
          4521   115.5551431
          4522    115.568517
          4523    115.581891
          4524   115.5952649
          4525   115.6086343
          4526   115.6220011
          4527    115.635368
          4528   115.6487349
          4529   115.6621017
          4530   115.6754686
          4531   115.6888355
          4532   115.7022012
          4533    115.715561
          4534   115.7289208
          4535   115.7422806
          4536   115.7556404
          4537   115.7690003
          4538   115.7823601
          4539   115.7957199
          4540   115.8090749
          4541   115.8224277
          4542   115.8357805
          4543   115.8491333
          4544    115.862486
          4545   115.8758388
          4546   115.8891916
          4547    115.902543
          4548   115.9158888
          4549   115.9292345
          4550   115.9425803
          4551    115.955926
          4552   115.9692718
          4553   115.9826175
          4554   115.9959633
          4555   116.0093041
          4556   116.0226429
          4557   116.0359816
          4558   116.0493203
          4559    116.062659
          4560   116.0759978
          4561   116.0893365
          4562   116.1026738
          4563   116.1160055
          4564   116.1293372
          4565   116.1426689
          4566   116.1560007
          4567   116.1693324
          4568   116.1826641
          4569   116.1959958
          4570   116.2093226
          4571   116.2226473
          4572    116.235972
          4573   116.2492967
          4574   116.2626214
          4575   116.2759461
          4576   116.2892708
          4577   116.3025942
          4578   116.3159119
          4579   116.3292296
          4580   116.3425473
          4581    116.355865
          4582   116.3691827
          4583   116.3825004
          4584   116.3958181
          4585   116.4091311
          4586   116.4224418
          4587   116.4357525
          4588   116.4490632
          4589   116.4623739
          4590   116.4756847
          4591   116.4889954
          4592   116.5023049
          4593   116.5156086
          4594   116.5289124
          4595   116.5422161
          4596   116.5555199
          4597   116.5688236
          4598   116.5821273
          4599   116.5954311
          4600   116.6087302
          4601    116.622027
          4602   116.6353238
          4603   116.6486206
          4604   116.6619173
          4605   116.6752141
          4606   116.6885109
          4607   116.7018067
          4608   116.7150965
          4609   116.7283863
          4610   116.7416761
          4611   116.7549659
          4612   116.7682557
          4613   116.7815455
          4614   116.7948353
          4615   116.8081209
          4616   116.8214037
          4617   116.8346866
          4618   116.8479694
          4619   116.8612523
          4620   116.8745351
          4621    116.887818
          4622   116.9011003
          4623   116.9143762
          4624   116.9276521
          4625    116.940928
          4626   116.9542039
          4627   116.9674798
          4628   116.9807557
          4629   116.9940316
          4630   117.0073037
          4631   117.0205726
          4632   117.0338416
          4633   117.0471106
          4634   117.0603795
          4635   117.0736485
          4636   117.0869175
          4637   117.1001863
          4638   117.1134484
          4639   117.1267104
          4640   117.1399724
          4641   117.1532345
          4642   117.1664965
          4643   117.1797585
          4644   117.1930206
          4645   117.2062793
          4646   117.2195344
          4647   117.2327896
          4648   117.2460447
          4649   117.2592998
          4650   117.2725549
          4651     117.28581
          4652   117.2990651
          4653   117.3123138
          4654    117.325562
          4655   117.3388102
          4656   117.3520584
          4657   117.3653066
          4658   117.3785548
          4659    117.391803
          4660   117.4050486
          4661   117.4182899
          4662   117.4315312
          4663   117.4447725
          4664   117.4580138
          4665   117.4712551
          4666   117.4844964
          4667   117.4977377
          4668   117.5109732
          4669   117.5242076
          4670    117.537442
          4671   117.5506764
          4672   117.5639108
          4673   117.5771452
          4674   117.5903796
          4675   117.6036122
          4676   117.6168397
          4677   117.6300672
          4678   117.6432947
          4679   117.6565222
          4680   117.6697497
          4681   117.6829772
          4682   117.6962047
          4683   117.7094274
          4684    117.722648
          4685   117.7358686
          4686   117.7490892
          4687   117.7623099
          4688   117.7755305
          4689   117.7887511
          4690   117.8019707
          4691   117.8151845
          4692   117.8283983
          4693    117.841612
          4694   117.8548258
          4695   117.8680395
          4696   117.8812533
          4697   117.8944671
          4698   117.9076768
          4699   117.9208837
          4700   117.9340906
          4701   117.9472975
          4702   117.9605044
          4703   117.9737113
          4704   117.9869182
          4705    118.000125
          4706   118.0133251
          4707   118.0265251
          4708   118.0397252
          4709   118.0529252
          4710   118.0661252
          4711   118.0793253
          4712   118.0925253
          4713   118.1057224
          4714   118.1189156
          4715   118.1321088
          4716    118.145302
          4717   118.1584952
          4718   118.1716884
          4719   118.1848816
          4720   118.1980748
          4721   118.2112621
          4722   118.2244485
          4723   118.2376348
          4724   118.2508212
          4725   118.2640075
          4726   118.2771939
          4727   118.2903802
          4728   118.3035647
          4729   118.3167443
          4730   118.3299238
          4731   118.3431033
          4732   118.3562828
          4733   118.3694624
          4734   118.3826419
          4735   118.3958214
          4736   118.4089963
          4737    118.422169
          4738   118.4353417
          4739   118.4485144
          4740   118.4616871
          4741   118.4748598
          4742   118.4880325
          4743   118.5012046
          4744   118.5143705
          4745   118.5275363
          4746   118.5407022
          4747   118.5538681
          4748    118.567034
          4749   118.5801999
          4750   118.5933658
          4751   118.6065283
          4752   118.6196874
          4753   118.6328465
          4754   118.6460055
          4755   118.6591646
          4756   118.6723237
          4757   118.6854828
          4758   118.6986419
          4759   118.7117948
          4760   118.7249471
          4761   118.7380994
          4762   118.7512517
          4763    118.764404
          4764   118.7775563
          4765   118.7907085
          4766   118.8038588
          4767   118.8170043
          4768   118.8301498
          4769   118.8432953
          4770   118.8564408
          4771   118.8695863
          4772   118.8827318
          4773   118.8958773
          4774   118.9090181
          4775   118.9221568
          4776   118.9352956
          4777   118.9484343
          4778    118.961573
          4779   118.9747117
          4780   118.9878504
          4781   119.0009886
          4782   119.0141205
          4783   119.0272525
          4784   119.0403844
          4785   119.0535164
          4786   119.0666483
          4787   119.0797802
          4788   119.0929122
          4789    119.106041
          4790   119.1191662
          4791   119.1322913
          4792   119.1454165
          4793   119.1585417
          4794   119.1716669
          4795    119.184792
          4796   119.1979172
          4797   119.2110367
          4798   119.2241551
          4799   119.2372735
          4800   119.2503919
          4801   119.2635103
          4802   119.2766288
          4803   119.2897472
          4804   119.3028641
          4805   119.3159758
          4806   119.3290875
          4807   119.3421991
          4808   119.3553108
          4809   119.3684224
          4810   119.3815341
          4811   119.3946458
          4812   119.4077535
          4813   119.4208584
          4814   119.4339633
          4815   119.4470682
          4816   119.4601732
          4817   119.4732781
          4818    119.486383
          4819   119.4994879
          4820   119.5125864
          4821   119.5256846
          4822   119.5387828
          4823    119.551881
          4824   119.5649791
          4825   119.5780773
          4826   119.5911755
          4827   119.6042715
          4828    119.617363
          4829   119.6304545
          4830   119.6435459
          4831   119.6566374
          4832   119.6697288
          4833   119.6828203
          4834   119.6959118
          4835   119.7089986
          4836   119.7220834
          4837   119.7351681
          4838   119.7482529
          4839   119.7613376
          4840   119.7744224
          4841   119.7875071
          4842   119.8005916
          4843   119.8136696
          4844   119.8267476
          4845   119.8398257
          4846   119.8529037
          4847   119.8659818
          4848   119.8790598
          4849   119.8921378
          4850   119.9052132
          4851   119.9182845
          4852   119.9313559
          4853   119.9444272
          4854   119.9574985
          4855   119.9705699
          4856   119.9836412
          4857   119.9967126
          4858   120.0097789
          4859   120.0228435
          4860   120.0359082
          4861   120.0489728
          4862   120.0620375
          4863   120.0751021
          4864   120.0881668
          4865   120.1012308
          4866   120.1142887
          4867   120.1273467
          4868   120.1404046
          4869   120.1534626
          4870   120.1665206
          4871   120.1795785
          4872   120.1926365
          4873   120.2056915
          4874   120.2187428
          4875   120.2317941
          4876   120.2448454
          4877   120.2578966
          4878   120.2709479
          4879   120.2839992
          4880   120.2970505
          4881   120.3100966
          4882   120.3231412
          4883   120.3361858
          4884   120.3492304
          4885   120.3622751
          4886   120.3753197
          4887   120.3883643
          4888   120.4014082
          4889   120.4144461
          4890   120.4274841
          4891    120.440522
          4892     120.45356
          4893   120.4665979
          4894   120.4796359
          4895   120.4926738
          4896   120.5057089
          4897   120.5187402
          4898   120.5317715
          4899   120.5448028
          4900    120.557834
          4901   120.5708653
          4902   120.5838966
          4903   120.5969279
          4904   120.6099542
          4905   120.6229788
          4906   120.6360035
          4907   120.6490281
          4908   120.6620528
          4909   120.6750774
          4910   120.6881021
          4911   120.7011261
          4912   120.7141441
          4913   120.7271622
          4914   120.7401802
          4915   120.7531982
          4916   120.7662162
          4917   120.7792342
          4918   120.7922522
          4919   120.8052676
          4920   120.8182789
          4921   120.8312903
          4922   120.8443017
          4923   120.8573131
          4924   120.8703245
          4925   120.8833358
          4926   120.8963472
          4927   120.9093539
          4928   120.9223586
          4929   120.9353634
          4930   120.9483681
          4931   120.9613729
          4932   120.9743777
          4933   120.9873824
          4934    121.000387
          4935   121.0133851
          4936   121.0263833
          4937   121.0393814
          4938   121.0523796
          4939   121.0653777
          4940   121.0783759
          4941    121.091374
          4942   121.1043699
          4943   121.1173615
          4944    121.130353
          4945   121.1433445
          4946   121.1563361
          4947   121.1693276
          4948   121.1823192
          4949   121.1953107
          4950    121.208298
          4951    121.221283
          4952   121.2342679
          4953   121.2472529
          4954   121.2602378
          4955   121.2732227
          4956   121.2862077
          4957   121.2991926
          4958   121.3121714
          4959   121.3251497
          4960   121.3381281
          4961   121.3511064
          4962   121.3640848
          4963   121.3770631
          4964   121.3900415
          4965   121.4030183
          4966   121.4159901
          4967   121.4289618
          4968   121.4419336
          4969   121.4549054
          4970   121.4678771
          4971   121.4808489
          4972   121.4938207
          4973    121.506789
          4974   121.5197542
          4975   121.5327194
          4976   121.5456846
          4977   121.5586498
          4978   121.5716149
          4979   121.5845801
          4980   121.5975453
          4981   121.6105052
          4982   121.6234638
          4983   121.6364224
          4984   121.6493811
          4985   121.6623397
          4986   121.6752983
          4987   121.6882569
          4988    121.701215
          4989    121.714167
          4990   121.7271191
          4991   121.7400711
          4992   121.7530232
          4993   121.7659753
          4994   121.7789273
          4995   121.7918794
          4996    121.804829
          4997   121.8177745
          4998   121.8307201
          4999   121.8436656
          5000   121.8566111
          5001   121.8695566
          5002   121.8825021
          5003   121.8954476
          5004   121.9083889
          5005   121.9213279
          5006   121.9342668
          5007   121.9472058
          5008   121.9601448
          5009   121.9730837
          5010   121.9860227
          5011   121.9989617
          5012   122.0118946
          5013   122.0248271
          5014   122.0377595
          5015   122.0506919
          5016   122.0636243
          5017   122.0765568
          5018   122.0894892
          5019   122.1024204
          5020   122.1153463
          5021   122.1282722
          5022   122.1411981
          5023    122.154124
          5024   122.1670499
          5025   122.1799758
          5026   122.1929017
          5027   122.2058247
          5028   122.2187441
          5029   122.2316635
          5030   122.2445828
          5031   122.2575022
          5032   122.2704216
          5033    122.283341
          5034   122.2962604
          5035   122.3091751
          5036    122.322088
          5037   122.3350009
          5038   122.3479137
          5039   122.3608266
          5040   122.3737395
          5041   122.3866523
          5042   122.3995652
          5043   122.4124718
          5044   122.4253781
          5045   122.4382845
          5046   122.4511909
          5047   122.4640972
          5048   122.4770036
          5049     122.48991
          5050   122.5028149
          5051   122.5157148
          5052   122.5286146
          5053   122.5415145
          5054   122.5544144
          5055   122.5673142
          5056   122.5802141
          5057    122.593114
          5058   122.6060108
          5059   122.6189042
          5060   122.6317975
          5061   122.6446909
          5062   122.6575843
          5063   122.6704777
          5064    122.683371
          5065   122.6962644
          5066   122.7091532
          5067   122.7220401
          5068    122.734927
          5069   122.7478139
          5070   122.7607007
          5071   122.7735876
          5072   122.7864745
          5073   122.7993614
          5074   122.8122422
          5075   122.8251226
          5076    122.838003
          5077   122.8508834
          5078   122.8637638
          5079   122.8766442
          5080   122.8895246
          5081   122.9024039
          5082   122.9152778
          5083   122.9281518
          5084   122.9410257
          5085   122.9538996
          5086   122.9667736
          5087   122.9796475
          5088   122.9925215
          5089   123.0053927
          5090   123.0182602
          5091   123.0311277
          5092   123.0439952
          5093   123.0568627
          5094   123.0697302
          5095   123.0825977
          5096   123.0954652
          5097   123.1083285
          5098   123.1211895
          5099   123.1340505
          5100   123.1469116
          5101   123.1597726
          5102   123.1726336
          5103   123.1854947
          5104   123.1983557
          5105   123.2112111
          5106   123.2240657
          5107   123.2369203
          5108   123.2497749
          5109   123.2626295
          5110   123.2754841
          5111   123.2883387
          5112   123.3011927
          5113   123.3140408
          5114    123.326889
          5115   123.3397371
          5116   123.3525853
          5117   123.3654334
          5118   123.3782816
          5119   123.3911297
          5120   123.4039759
          5121   123.4168176
          5122   123.4296594
          5123   123.4425011
          5124   123.4553428
          5125   123.4681845
          5126   123.4810262
          5127    123.493868
          5128   123.5067063
          5129   123.5195416
          5130   123.5323769
          5131   123.5452122
          5132   123.5580475
          5133   123.5708828
          5134   123.5837181
          5135   123.5965535
          5136   123.6093841
          5137   123.6222129
          5138   123.6350418
          5139   123.6478707
          5140   123.6606996
          5141   123.6735285
          5142   123.6863574
          5143   123.6991863
          5144   123.7120092
          5145   123.7248316
          5146   123.7376541
          5147   123.7504766
          5148   123.7632991
          5149   123.7761216
          5150    123.788944
          5151   123.8017656
          5152   123.8145817
          5153   123.8273978
          5154   123.8402139
          5155     123.85303
          5156    123.865846
          5157   123.8786621
          5158   123.8914782
          5159   123.9042921
          5160   123.9171018
          5161   123.9299115
          5162   123.9427212
          5163   123.9555309
          5164   123.9683406
          5165   123.9811503
          5166     123.99396
          5167   124.0067663
          5168   124.0195696
          5169   124.0323729
          5170   124.0451762
          5171   124.0579795
          5172   124.0707828
          5173   124.0835861
          5174   124.0963894
          5175   124.1091881
          5176    124.121985
          5177    124.134782
          5178   124.1475789
          5179   124.1603758
          5180   124.1731727
          5181   124.1859697
          5182   124.1987666
          5183   124.2115578
          5184   124.2243483
          5185   124.2371389
          5186   124.2499294
          5187     124.26272
          5188   124.2755106
          5189   124.2883011
          5190   124.3010911
          5191   124.3138753
          5192   124.3266595
          5193   124.3394437
          5194   124.3522279
          5195   124.3650121
          5196   124.3777963
          5197   124.3905805
          5198    124.403363
          5199   124.4161408
          5200   124.4289187
          5201   124.4416965
          5202   124.4544744
          5203   124.4672522
          5204     124.48003
          5205   124.4928079
          5206   124.5055829
          5207   124.5183544
          5208   124.5311259
          5209   124.5438974
          5210   124.5566689
          5211   124.5694404
          5212   124.5822119
          5213   124.5949834
          5214    124.607751
          5215   124.6205162
          5216   124.6332813
          5217   124.6460465
          5218   124.6588116
          5219   124.6715768
          5220   124.6843419
          5221   124.6971071
          5222   124.7098674
          5223   124.7226262
          5224    124.735385
          5225   124.7481438
          5226   124.7609026
          5227   124.7736614
          5228   124.7864203
          5229   124.7991791
          5230    124.811932
          5231   124.8246845
          5232    124.837437
          5233   124.8501895
          5234    124.862942
          5235   124.8756945
          5236    124.888447
          5237   124.9011989
          5238    124.913945
          5239   124.9266912
          5240   124.9394374
          5241   124.9521836
          5242   124.9649297
          5243   124.9776759
          5244   124.9904221
          5245   125.0031683
          5246   125.0159144
