            -2  -46.89149705
            -1  -43.62731383
             0  -40.56834884
             1  -37.72185398
             2  -35.05534942
             3  -32.54348431
             4  -30.16611608
             5  -27.90691847
             6  -25.75253507
             7  -23.69172645
             8  -21.71515092
             9  -19.81477957
            10  -17.98375247
            11  -16.21612534
            12  -14.50671368
            13  -12.85100548
            14  -11.24494881
            15  -9.684993333
            16  -8.167996302
            17  -6.691076423
            18  -5.251724045
            19  -3.847588294
            20  -2.476585056
            21  -1.136827075
            22  0.1734407252
            23   1.455792755
            24   2.711710877
            25   3.942498017
            26    5.14942591
            27    6.33363023
            28   7.496180805
            29    8.63801928
            30   9.760106212
            31   10.86328035
            32   11.94833532
            33   13.01602759
            34   14.06702984
            35   15.10203251
            36   16.12160358
            37    17.1263561
            38   18.11683131
            39   19.09353911
            40   20.05694438
            41   21.00754967
            42   21.94573942
            43    22.8719652
            44   23.78660432
            45    24.6900206
            46   25.58256494
            47   26.46457573
            48   27.33637945
            49   28.19828878
            50   29.05055011
            51   29.89349694
            52     30.727345
            53   31.55237381
            54   32.36882492
            55   33.17692443
            56   33.97689161
            57   34.76893913
            58   35.55327327
            59   36.33009415
            60   37.09959542
            61   37.86192085
            62   38.61729052
            63   39.36584134
            64   40.10775873
            65   40.84316414
            66   41.57223928
            67   42.29512149
            68   43.01193074
            69   43.72281282
            70   44.42790043
            71   45.12731741
            72   45.82118454
            73   46.50961959
            74   47.19272925
            75   47.87061723
            76   48.54340392
            77   49.21119613
            78   49.87406951
            79   50.53213706
            80   51.18549475
            81   51.83421565
            82   52.47840651
            83   53.11814186
            84   53.75349962
            85   54.38457805
            86   55.01143845
            87   55.63415313
            88   56.25280888
            89   56.86747467
            90   57.47821808
            91   58.08510536
            92   58.68820145
            93   59.28756997
            94    59.8832733
            95   60.47537259
            96   61.06392779
            97   61.64899764
            98   62.23063976
            99   62.80891063
           100   63.38384956
           101     63.955515
           102   64.52396918
           103   65.08925385
           104   65.65140445
           105   66.21049502
           106   66.76654252
           107   67.31961514
           108   67.86974162
           109   68.41697644
           110   68.96134757
           111   69.50291842
           112   70.04169432
           113     70.577748
           114   71.11110435
           115   71.64179032
           116   72.16986106
           117   72.69535023
           118   73.21827405
           119   73.73868021
           120   74.25660512
           121   74.77208034
           122   75.28513699
           123   75.79580569
           124   76.30411288
           125   76.81009034
           126   77.31377108
           127   77.81518387
           128   78.31435704
           129   78.81131851
           130   79.30609576
           131   79.79871473
           132   80.28919601
           133   80.77757131
           134   81.26386656
           135   81.74810729
           136   82.23031867
           137   82.71052548
           138   83.18874245
           139   83.66499269
           140   84.13930903
           141   84.61171488
           142   85.08221817
           143   85.55084533
           144   86.01762875
           145   86.48257586
           146    86.9457069
           147   87.40705823
           148   87.86662321
           149   88.32444339
           150   88.78052914
           151    89.2348954
           152   89.68757228
           153   90.13855984
           154   90.58789646
           155   91.03557857
           156   91.48164184
           157   91.92608987
           158   92.36894504
           159    92.8102285
           160    93.2499392
           161   93.68811633
           162   94.12475413
           163   94.55987804
           164   94.99351122
           165    95.4256469
           166   95.85631488
           167   96.28553348
           168   96.71330532
           169   97.13964361
           170   97.56457244
           171   97.98810443
           172   98.41024409
           173   98.83100363
           174   99.25040443
           175   99.66845856
           176   100.0851779
           177   100.5005739
           178   100.9146482
           179   101.3274238
           180    101.738912
           181   102.1491241
           182   102.5580713
           183   102.9657646
           184   103.3722148
           185   103.7774328
           186   104.1814293
           187   104.5842148
           188   104.9857998
           189   105.3861945
           190   105.7854093
           191   106.1834543
           192   106.5803394
           193   106.9760746
           194   107.3706697
           195   107.7641343
           196   108.1564781
           197   108.5477106
           198   108.9378411
           199    109.326879
           200   109.7148334
           201   110.1017135
           202   110.4875194
           203   110.8722669
           204   111.2559661
           205   111.6386258
           206   112.0202546
           207   112.4008611
           208     112.78044
           209   113.1590121
           210   113.5365865
           211   113.9131713
           212   114.2887668
           213   114.6633792
           214   115.0370256
           215   115.4097139
           216   115.7814391
           217   116.1522146
           218   116.5220547
           219   116.8909607
           220   117.2589308
           221   117.6259876
           222    117.992133
           223   118.3573615
           224    118.721698
           225   119.0851397
           226   119.4476886
           227   119.8093662
           228   120.1701598
           229   120.5300892
           230   120.8891604
           231    121.247367
           232   121.6047356
           233   121.9612472
           234   122.3169306
           235   122.6717767
           236   123.0257991
           237   123.3790014
           238   123.7313865
           239   124.0829665
           240   124.4337378
           241   124.7837165
           242   125.1328969
           243   125.4812949
           244    125.828907
           245   126.1757447
           246   126.5218106
           247   126.8671081
           248   127.2116496
           249   127.5554265
           250   127.8984641
           251   128.2407408
           252   128.5822863
           253    128.923091
           254   129.2631632
           255   129.6025165
           256    129.941134
           257    130.279043
           258   130.6162372
           259   130.9527184
           260   131.2885035
           261   131.6235818
           262   131.9579653
           263    132.291665
           264   132.6246695
           265   132.9569932
           266    133.288645
           267   133.6196168
           268   133.9499177
           269   134.2795584
           270   134.6085374
           271   134.9368516
           272   135.2645171
           273   135.5915374
           274   135.9179053
           275   136.2436305
           276   136.5687217
           277   136.8931823
           278   137.2170057
           279   137.5402017
           280    137.862778
           281   138.1847379
           282   138.5060811
           283    138.826806
           284    139.146925
           285   139.4664413
           286   139.7853582
           287   140.1036769
           288   140.4213944
           289   140.7385227
           290   141.0550649
           291   141.3710242
           292   141.6864036
           293   142.0012057
           294   142.3154266
           295   142.6290774
           296   142.9421611
           297   143.2546808
           298   143.5666394
           299     143.87804
           300   144.1888855
           301   144.4991788
           302   144.8089179
           303   145.1181105
           304     145.42676
           305   145.7348694
           306   146.0424413
           307   146.3494788
           308   146.6559846
           309   146.9619614
           310   147.2674121
           311   147.5723393
           312    147.876746
           313   148.1806347
           314   148.4840081
           315    148.786869
           316     149.08922
           317   149.3910637
           318   149.6924029
           319     149.99324
           320   150.2935777
           321   150.5934186
           322   150.8927652
           323   151.1916201
           324   151.4899858
           325   151.7878648
           326   152.0852595
           327   152.3821726
           328   152.6786064
           329   152.9745633
           330   153.2700459
           331   153.5650565
           332   153.8595975
           333   154.1536714
           334   154.4472803
           335   154.7404268
           336   155.0331132
           337   155.3253417
           338   155.6171147
           339   155.9084344
           340   156.1993028
           341   156.4897178
           342   156.7796861
           343     157.06921
           344   157.3582916
           345   157.6469332
           346    157.935137
           347   158.2229051
           348   158.5102398
           349   158.7971416
           350   159.0836086
           351   159.3696483
           352   159.6552628
           353   159.9404543
           354   160.2252247
           355   160.5095762
           356   160.7935075
           357   161.0770188
           358   161.3601171
           359   161.6428044
           360   161.9250827
           361   162.2069541
           362   162.4884146
           363   162.7694683
           364   163.0501207
           365   163.3303738
           366   163.6102296
           367   163.8896847
           368   164.1687409
           369   164.4474053
           370   164.7256798
           371   165.0035662
           372   165.2810569
           373   165.5581614
           374   165.8348831
           375   166.1112241
           376   166.3871797
           377   166.6627523
           378   166.9379493
           379   167.2127726
           380   167.4872176
           381   167.7612858
           382   168.0349855
           383   168.3083182
           384   168.5812766
           385   168.8538674
           386   169.1260963
           387   169.3979641
           388   169.6694604
           389   169.9405999
           390   170.2113842
           391    170.481806
           392   170.7518703
           393   171.0215841
           394   171.2909448
           395   171.5599478
           396   171.8286051
           397   172.0969169
           398   172.3648723
           399   172.6324867
           400   172.8997617
           401    173.166683
           402   173.4332679
           403   173.6995178
           404   173.9654184
           405   174.2309871
           406   174.4962236
           407   174.7611164
           408   175.0256818
           409   175.2899165
           410   175.5538144
           411   175.8173893
           412   176.0806334
           413    176.343549
           414   176.6061459
           415   176.8684106
           416   177.1303565
           417    177.391984
           418    177.653284
           419   177.9142722
           420   178.1749384
           421   178.4352887
           422   178.6953292
           423   178.9550468
           424   179.2144594
           425    179.473556
           426   179.7323436
           427   179.9908258
           428   180.2489933
           429   180.5068624
           430   180.7644179
           431   181.0216745
           432   181.2786267
           433   181.5352755
           434   181.7916286
           435   182.0476746
           436   182.3034311
           437   182.5588807
           438   182.8140416
           439   183.0689026
           440   183.3234727
           441   183.5777493
           442   183.8317331
           443   184.0854293
           444   184.3388315
           445   184.5919514
           446   184.8447765
           447   185.0973241
           448   185.3495766
           449   185.6015552
           450   185.8532403
           451    186.104653
           452   186.3557758
           453   186.6066272
           454   186.8571915
           455   187.1074858
           456   187.3574954
           457    187.607237
           458   187.8566959
           459    188.105889
           460   188.3548007
           461   188.6034496
           462    188.851818
           463   189.0999267
           464   189.3477556
           465   189.5953264
           466   189.8426213
           467   190.0896577
           468   190.3364227
           469   190.5829285
           470   190.8291676
           471   191.0751463
           472   191.3208636
           473   191.5663187
           474   191.8115181
           475   192.0564532
           476   192.3011386
           477   192.5455571
           478   192.7897281
           479   193.0336379
           480   193.2772973
           481   193.5207027
           482    193.763854
           483   194.0067588
           484   194.2494053
           485   194.4918098
           486   194.7339584
           487    194.975863
           488   195.2175203
           489   195.4589283
           490   195.7000979
           491   195.9410126
           492   196.1816905
           493   196.4221229
           494   196.6623122
           495   196.9022658
           496   197.1419697
           497   197.3814404
           498   197.6206699
           499   197.8596599
           500   198.0984187
           501   198.3369318
           502   198.5752145
           503   198.8132627
           504   199.0510723
           505   199.2886543
           506   199.5259987
           507   199.7631121
           508           200
           509   200.2366479
           510   200.4730716
           511    200.709268
           512   200.9452306
           513    201.180971
           514   201.4164831
           515   201.6517666
           516     201.88683
           517    202.121665
           518   202.3562757
           519   202.5906683
           520   202.8248332
           521   203.0587774
           522   203.2925053
           523    203.526007
           524   203.7592908
           525   203.9923601
           526   204.2252056
           527   204.4578348
           528   204.6902516
           529   204.9224475
           530   205.1544283
           531   205.3861985
           532   205.6177515
           533   205.8490896
           534    206.080219
           535   206.3111358
           536   206.5418371
           537   206.7723315
           538   207.0026185
           539   207.2326887
           540   207.4625538
           541   207.6922144
           542   207.9216623
           543   208.1509038
           544   208.3799424
           545   208.6087754
           546   208.8373988
           547   209.0658212
           548    209.294043
           549   209.5220562
           550   209.7498677
           551   209.9774805
           552    210.204893
           553   210.4320992
           554   210.6591083
           555   210.8859207
           556   211.1125323
           557    211.338943
           558   211.5651589
           559   211.7911803
           560   212.0170013
           561   212.2426258
           562   212.4680574
           563   212.6932969
           564   212.9183377
           565   213.1431848
           566   213.3678413
           567   213.5923078
           568   213.8165783
           569    214.040657
           570   214.2645472
           571   214.4882494
           572   214.7117597
           573   214.9350787
           574   215.1582112
           575   215.3811579
           576   215.6039177
           577   215.8264855
           578    216.048869
           579   216.2710686
           580   216.4930849
           581   216.7149126
           582   216.9365555
           583   217.1580165
           584   217.3792961
           585   217.6003947
           586   217.8213052
           587   218.0420358
           588   218.2625871
           589   218.4829594
           590   218.7031521
           591   218.9231605
           592   219.1429915
           593   219.3626455
           594   219.5821229
           595   219.8014238
           596   220.0205425
           597   220.2394861
           598   220.4582551
           599   220.6768499
           600    220.895271
           601   221.1135139
           602   221.3315822
           603   221.5494783
           604   221.7672025
           605   221.9847552
           606   222.2021362
           607   222.4193411
           608   222.6363761
           609   222.8532414
           610   223.0699375
           611   223.2864649
           612    223.502823
           613   223.7190084
           614   223.9350265
           615   224.1508775
           616   224.3665621
           617   224.5820806
           618   224.7974333
           619   225.0126163
           620   225.2276337
           621   225.4424866
           622   225.6571757
           623   225.8717012
           624   226.0860636
           625   226.3002633
           626   226.5142957
           627   226.7281664
           628   226.9418756
           629   227.1554239
           630   227.3688116
           631   227.5820391
           632   227.7951068
           633   228.0080123
           634   228.2207572
           635   228.4333435
           636   228.6457718
           637   228.8580423
           638   229.0701554
           639   229.2821117
           640   229.4939114
           641   229.7055529
           642   229.9170367
           643   230.1283651
           644   230.3395386
           645   230.5505576
           646   230.7614224
           647   230.9721334
           648   231.1826909
           649   231.3930955
           650   231.6033463
           651   231.8134424
           652   232.0233868
           653   232.2331796
           654   232.4428214
           655   232.6523125
           656   232.8616532
           657   233.0708439
           658   233.2798851
           659    233.488777
           660     233.69752
           661   233.9061124
           662   234.1145559
           663   234.3228516
           664       234.531
           665   234.7390014
           666   234.9468561
           667   235.1545645
           668    235.362127
           669   235.5695439
           670   235.7768155
           671   235.9839423
           672   236.1909245
           673   236.3977626
           674   236.6044554
           675   236.8110039
           676   237.0174094
           677   237.2236721
           678   237.4297925
           679   237.6357708
           680   237.8416074
           681   238.0473026
           682   238.2528568
           683   238.4582703
           684   238.6635435
           685   238.8686766
           686   239.0736701
           687   239.2785242
           688   239.4832393
           689   239.6878158
           690   239.8922539
           691   240.0965539
           692   240.3007161
           693   240.5047397
           694   240.7086264
           695   240.9123765
           696   241.1159902
           697   241.3194679
           698   241.5228099
           699   241.7260165
           700   241.9290881
           701   242.1320249
           702   242.3348274
           703   242.5374957
           704   242.7400303
           705   242.9424314
           706   243.1446993
           707   243.3468345
           708   243.5488371
           709   243.7507074
           710   243.9524459
           711   244.1540528
           712   244.3555284
           713   244.5568731
           714    244.758087
           715   244.9591706
           716   245.1601242
           717   245.3609479
           718   245.5616423
           719   245.7622074
           720   245.9626438
           721   246.1629515
           722    246.363131
           723   246.5631826
           724   246.7631065
           725    246.962903
           726   247.1625725
           727   247.3621152
           728   247.5615314
           729   247.7608215
           730   247.9599856
           731   248.1590241
           732   248.3579373
           733   248.5567255
           734   248.7553889
           735   248.9539279
           736   249.1523427
           737   249.3506336
           738    249.548801
           739    249.746845
           740   249.9447659
           741   250.1425642
           742   250.3402399
           743   250.5377935
           744   250.7352251
           745   250.9325351
           746   251.1297238
           747   251.3267913
           748   251.5237381
           749   251.7205643
           750   251.9172703
           751   252.1138562
           752   252.3103225
           753   252.5066693
           754    252.702897
           755   252.8990054
           756   253.0949943
           757   253.2908647
           758   253.4866171
           759   253.6822515
           760   253.8777684
           761   254.0731679
           762   254.2684504
           763    254.463616
           764   254.6586651
           765   254.8535979
           766   255.0484146
           767   255.2431156
           768   255.4377011
           769   255.6321714
           770   255.8265266
           771   256.0207671
           772   256.2148932
           773    256.408905
           774   256.6028028
           775   256.7965859
           776   256.9902547
           777   257.1838102
           778   257.3772527
           779   257.5705824
           780   257.7637997
           781   257.9569047
           782   258.1498978
           783    258.342779
           784   258.5355488
           785   258.7282074
           786   258.9207549
           787   259.1131917
           788   259.3055179
           789   259.4977332
           790   259.6898368
           791   259.8818305
           792   260.0737147
           793   260.2654895
           794   260.4571552
           795   260.6487121
           796   260.8401603
           797   261.0315002
           798   261.2227319
           799   261.4138557
           800   261.6048718
           801   261.7957792
           802    261.986578
           803   262.1772697
           804   262.3678547
           805   262.5583331
           806   262.7487053
           807   262.9389713
           808   263.1291315
           809   263.3191861
           810   263.5091353
           811    263.698979
           812   263.8887151
           813   264.0783465
           814   264.2678734
           815   264.4572959
           816   264.6466145
           817   264.8358291
           818   265.0249402
           819   265.2139479
           820   265.4028524
           821   265.5916516
           822   265.7803471
           823   265.9689402
           824   266.1574309
           825   266.3458196
           826   266.5341064
           827   266.7222915
           828   266.9103752
           829   267.0983572
           830   267.2862351
           831   267.4740123
           832   267.6616889
           833    267.849265
           834    268.036741
           835   268.2241171
           836   268.4113934
           837   268.5985697
           838   268.7856434
           839    268.972618
           840   269.1594937
           841   269.3462707
           842   269.5329491
           843   269.7195292
           844   269.9060113
           845   270.0923933
           846   270.2786759
           847   270.4648609
           848   270.6509487
           849   270.8369394
           850   271.0228332
           851   271.2086303
           852   271.3943294
           853   271.5799297
           854   271.7654339
           855   271.9508422
           856   272.1361548
           857   272.3213719
           858   272.5064937
           859   272.6915181
           860   272.8764457
           861   273.0612785
           862   273.2460169
           863   273.4306609
           864   273.6152107
           865   273.7996666
           866   273.9840244
           867   274.1682886
           868   274.3524595
           869   274.5365372
           870   274.7205219
           871   274.9044138
           872   275.0882098
           873   275.2719122
           874   275.4555223
           875   275.6390404
           876   275.8224666
           877   276.0058011
           878   276.1890411
           879   276.3721882
           880   276.5552442
           881   276.7382092
           882   276.9210834
           883   277.1038671
           884   277.2865567
           885    277.469155
           886   277.6516633
           887   277.8340817
           888   278.0164105
           889   278.1986494
           890   278.3807945
           891   278.5628504
           892   278.7448174
           893   278.9266956
           894   279.1084852
           895   279.2901838
           896   279.4717918
           897   279.6533117
           898   279.8347436
           899   280.0160879
           900   280.1973439
           901   280.3785082
           902   280.5595853
           903   280.7405753
           904   280.9214785
           905   281.1022949
           906   281.2830204
           907   281.4636588
           908   281.6442111
           909   281.8246774
           910   282.0050578
           911   282.1853487
           912   282.3655527
           913   282.5456713
           914   282.7257049
           915   282.9056534
           916   283.0855132
           917   283.2652869
           918   283.4449761
           919   283.6245809
           920   283.8041016
           921   283.9835339
           922   284.1628813
           923    284.342145
           924   284.5213252
           925   284.7004221
           926   284.8794303
           927   285.0583554
           928   285.2371977
           929   285.4159572
           930   285.5946328
           931   285.7732218
           932   285.9517286
           933   286.1301534
           934   286.3084962
           935   286.4867538
           936   286.6649276
           937     286.84302
           938   287.0210311
           939   287.1989608
           940    287.376804
           941   287.5545665
           942   287.7322483
           943   287.9098496
           944   288.0873673
           945   288.2648023
           946   288.4421572
           947   288.6194322
           948   288.7966266
           949   288.9737365
           950   289.1507669
           951    289.327718
           952   289.5045901
           953   289.6813783
           954   289.8580866
           955   290.0347162
           956   290.2112673
           957   290.3877369
           958   290.5641253
           959   290.7404357
           960   290.9166682
           961   291.0928211
           962    291.268892
           963   291.4448855
           964   291.6208017
           965   291.7966398
           966   291.9723956
           967   292.1480745
           968   292.3236766
           969   292.4992019
           970   292.6746447
           971   292.8500113
           972   293.0253016
           973   293.2005159
           974   293.3756482
           975   293.5507046
           976   293.7256854
           977   293.9005908
           978   294.0754146
           979   294.2501631
           980   294.4248366
           981    294.599435
           982   294.7739525
           983   294.9483953
           984   295.1227636
           985   295.2970569
           986   295.4712702
           987   295.6454095
           988   295.8194749
           989   295.9934648
           990   296.1673762
           991   296.3412142
           992   296.5149787
           993   296.6886672
           994   296.8622788
           995   297.0358175
           996   297.2092834
           997   297.3826722
           998   297.5559862
           999   297.7292277
          1000    297.902397
          1001    298.075488
          1002   298.2485065
          1003    298.421453
          1004   298.5943263
          1005   298.7671228
          1006   298.9398477
          1007   299.1125012
          1008   299.2850799
          1009   299.4575844
          1010   299.6300179
          1011   299.8023805
          1012   299.9746662
          1013   300.1468808
          1014   300.3190249
          1015   300.4910964
          1016   300.6630932
          1017   300.8350198
          1018   301.0068765
          1019   301.1786583
          1020   301.3503686
          1021   301.5220093
          1022   301.6935791
          1023   301.8650742
          1024   302.0365001
          1025    302.207857
          1026   302.3791399
          1027    302.550352
          1028   302.7214955
          1029   302.8925686
          1030   303.0635681
          1031   303.2344993
          1032   303.4053623
          1033   303.5761514
          1034   303.7468714
          1035   303.9175235
          1036   304.0881051
          1037   304.2586148
          1038   304.4290572
          1039    304.599432
          1040   304.7697327
          1041   304.9399663
          1042   305.1101328
          1043   305.2802279
          1044   305.4502538
          1045    305.620213
          1046   305.7901034
          1047   305.9599227
          1048   306.1296756
          1049   306.2993623
          1050   306.4689759
          1051   306.6385236
          1052   306.8080055
          1053   306.9774164
          1054   307.1467599
          1055   307.3160379
          1056   307.4852471
          1057   307.6543873
          1058   307.8234625
          1059   307.9924709
          1060   308.1614089
          1061   308.3302821
          1062   308.4990906
          1063   308.6678274
          1064   308.8364998
          1065   309.0051079
          1066   309.1736457
          1067   309.3421182
          1068   309.5105268
          1069   309.6788666
          1070   309.8471402
          1071   310.0153503
          1072   310.1834929
          1073   310.3515687
          1074   310.5195811
          1075   310.6875275
          1076   310.8554063
          1077   311.0232222
          1078   311.1909731
          1079    311.358656
          1080   311.5262762
          1081   311.6938325
          1082   311.8613203
          1083   312.0287459
          1084   312.1961083
          1085   312.3634021
          1086   312.5306339
          1087   312.6978034
          1088   312.8649041
          1089   313.0319431
          1090   313.1989204
          1091   313.3658289
          1092   313.5326761
          1093    313.699462
          1094   313.8661793
          1095   314.0328356
          1096   314.1994309
          1097   314.3659579
          1098   314.5324242
          1099   314.6988297
          1100   314.8651673
          1101   315.0314445
          1102    315.197661
          1103   315.3638102
          1104   315.5298993
          1105   315.6959275
          1106   315.8618891
          1107    316.027791
          1108   316.1936318
          1109   316.3594068
          1110   316.5251224
          1111   316.6907765
          1112   316.8563657
          1113   317.0218958
          1114   317.1873641
          1115   317.3527685
          1116    317.518114
          1117   317.6833971
          1118   317.8486175
          1119   318.0137794
          1120   318.1788782
          1121   318.3439155
          1122   318.5088946
          1123   318.6738098
          1124   318.8386649
          1125   319.0034621
          1126   319.1681944
          1127   319.3328682
          1128   319.4974838
          1129   319.6620345
          1130   319.8265278
          1131   319.9909618
          1132   320.1553326
          1133   320.3196463
          1134   320.4838994
          1135   320.6480912
          1136   320.8122261
          1137    320.976299
          1138   321.1403126
          1139   321.3042696
          1140   321.4681631
          1141   321.6319993
          1142   321.7957783
          1143    321.959494
          1144   322.1231537
          1145   322.2867545
          1146   322.4502943
          1147   322.6137782
          1148   322.7772015
          1149   322.9405661
          1150   323.1038752
          1151   323.2671217
          1152    323.430312
          1153   323.5934456
          1154   323.7565175
          1155   323.9195342
          1156   324.0824922
          1157   324.2453911
          1158   324.4082352
          1159   324.5710183
          1160    324.733745
          1161   324.8964164
          1162   325.0590261
          1163   325.2215814
          1164   325.3840791
          1165   325.5465179
          1166   325.7089027
          1167   325.8712273
          1168    326.033496
          1169   326.1957101
          1170   326.3578633
          1171   326.5199628
          1172   326.6820049
          1173   326.8439894
          1174   327.0059204
          1175   327.1677913
          1176   327.3296078
          1177   327.4913693
          1178   327.6530715
          1179   327.8147208
          1180   327.9763122
          1181   328.1378477
          1182   328.2993305
          1183   328.4607525
          1184   328.6221222
          1185   328.7834359
          1186   328.9446926
          1187   329.1058971
          1188   329.2670424
          1189   329.4281345
          1190   329.5891723
          1191   329.7501523
          1192   329.9110805
          1193    330.071951
          1194   330.2327676
          1195   330.3935313
          1196   330.5542366
          1197   330.7148905
          1198    330.875488
          1199   331.0360312
          1200   331.1965225
          1201   331.3569552
          1202    331.517337
          1203   331.6776632
          1204    331.837935
          1205   331.9981557
          1206   332.1583178
          1207   332.3184294
          1208    332.478486
          1209   332.6384885
          1210   332.7984403
          1211   332.9583338
          1212   333.1181772
          1213    333.277966
          1214   333.4377011
          1215   333.5973857
          1216   333.7570127
          1217   333.9165899
          1218   334.0761126
          1219   334.2355822
          1220   334.3950014
          1221   334.5543637
          1222   334.7136768
          1223    334.872935
          1224   335.0321412
          1225   335.1912965
          1226   335.3503962
          1227    335.509447
          1228   335.6684424
          1229   335.8273871
          1230   335.9862803
          1231   336.1451192
          1232   336.3039097
          1233   336.4626439
          1234   336.6213291
          1235   336.7799618
          1236   336.9385419
          1237   337.0970732
          1238   337.2555486
          1239   337.4139761
          1240   337.5723499
          1241   337.7306731
          1242   337.8889462
          1243   338.0471655
          1244   338.2053371
          1245   338.3634537
          1246   338.5215218
          1247   338.6795383
          1248   338.8375032
          1249   338.9954199
          1250   339.1532818
          1251   339.3110967
          1252   339.4688583
          1253   339.6265706
          1254    339.784233
          1255   339.9418431
          1256   340.0994065
          1257   340.2569147
          1258   340.4143764
          1259    340.571786
          1260   340.7291462
          1261   340.8864574
          1262   341.0437164
          1263   341.2009292
          1264   341.3580875
          1265   341.5151996
          1266   341.6722601
          1267   341.8292717
          1268   341.9862347
          1269   342.1431461
          1270   342.3000118
          1271   342.4568233
          1272   342.6135892
          1273   342.7703037
          1274   342.9269701
          1275    343.083588
          1276   343.2401552
          1277   343.3966765
          1278   343.5531448
          1279    343.709568
          1280   343.8659394
          1281   344.0222641
          1282   344.1785397
          1283   344.3347661
          1284    344.490946
          1285   344.6470744
          1286   344.8031583
          1287   344.9591896
          1288   345.1151759
          1289   345.2711122
          1290   345.4270012
          1291   345.5828426
          1292   345.7386345
          1293   345.8943813
          1294   346.0500764
          1295   346.2057277
          1296   346.3613275
          1297   346.5168823
          1298   346.6723881
          1299   346.8278468
          1300   346.9832587
          1301   347.1386216
          1302   347.2939399
          1303   347.4492073
          1304   347.6044313
          1305   347.7596042
          1306    347.914733
          1307   348.0698129
          1308   348.2248468
          1309   348.3798338
          1310    348.534773
          1311   348.6896674
          1312   348.8445123
          1313   348.9993143
          1314    349.154065
          1315   349.3087731
          1316   349.4634316
          1317    349.618046
          1318   349.7726126
          1319   349.9271335
          1320   350.0816085
          1321   350.2360361
          1322   350.3904197
          1323   350.5447543
          1324   350.6990467
          1325   350.8532886
          1326   351.0074886
          1327   351.1616394
          1328    351.315747
          1329   351.4698071
          1330   351.6238226
          1331   351.7777923
          1332   351.9317159
          1333   352.0855953
          1334   352.2394273
          1335   352.3932168
          1336   352.5469574
          1337   352.7006568
          1338   352.8543065
          1339   353.0079149
          1340    353.161475
          1341   353.3149927
          1342   353.4684636
          1343   353.6218907
          1344   353.7752725
          1345   353.9286094
          1346   354.0819022
          1347   354.2351491
          1348   354.3883533
          1349   354.5415104
          1350   354.6946261
          1351   354.8476936
          1352   355.0007209
          1353   355.1536993
          1354   355.3066374
          1355   355.4595278
          1356    355.612377
          1357   355.7651796
          1358   355.9179401
          1359   356.0706552
          1360   356.2233271
          1361   356.3759549
          1362   356.5285386
          1363   356.6810792
          1364   356.8335749
          1365   356.9860285
          1366   357.1384365
          1367   357.2908033
          1368   357.4431237
          1369    357.595404
          1370   357.7476371
          1371   357.8998311
          1372   358.0519771
          1373   358.2040841
          1374    358.356144
          1375   358.5081643
          1376   358.6601383
          1377   358.8120721
          1378   358.9639605
          1379    359.115808
          1380   359.2676109
          1381   359.4193724
          1382     359.57109
          1383   359.7227656
          1384   359.8743982
          1385   360.0259882
          1386   360.1775358
          1387   360.3290405
          1388   360.4805034
          1389   360.6319229
          1390   360.7833014
          1391    360.934636
          1392     361.08593
          1393   361.2371799
          1394   361.3883899
          1395   361.5395553
          1396   361.6906813
          1397   361.8417624
          1398   361.9928047
          1399   362.1438018
          1400   362.2947605
          1401   362.4456737
          1402    362.596549
          1403   362.7473787
          1404   362.8981708
          1405   363.0489171
          1406   363.1996261
          1407   363.3502892
          1408   363.5009153
          1409   363.6514956
          1410   363.8020389
          1411   363.9525367
          1412   364.1029973
          1413   364.2534127
          1414   364.4037909
          1415   364.5541241
          1416   364.7044201
          1417   364.8546714
          1418   365.0048854
          1419   365.1550548
          1420   365.3051871
          1421   365.4552749
          1422   365.6053255
          1423   365.7553319
          1424   365.9053012
          1425   366.0552263
          1426   366.2051145
          1427   366.3549585
          1428   366.5047657
          1429   366.6545288
          1430   366.8042553
          1431   366.9539377
          1432   367.1035836
          1433   367.2531855
          1434   367.4027511
          1435   367.5522726
          1436    367.701758
          1437   367.8511993
          1438   368.0006049
          1439   368.1499662
          1440   368.2992919
          1441   368.4485735
          1442   368.5978195
          1443   368.7470216
          1444    368.896188
          1445   369.0453109
          1446   369.1943979
          1447   369.3434419
          1448   369.4924496
          1449   369.6414147
          1450   369.7903434
          1451   369.9392299
          1452   370.0880797
          1453   370.2368878
          1454   370.3856588
          1455   370.5343888
          1456   370.6830813
          1457   370.8317332
          1458   370.9803473
          1459   371.1289214
          1460   371.2774573
          1461   371.4259538
          1462   371.5744117
          1463   371.7228308
          1464   371.8712107
          1465   372.0195526
          1466   372.1678549
          1467   372.3161198
          1468   372.4643445
          1469   372.6125325
          1470   372.7606799
          1471   372.9087913
          1472   373.0568614
          1473   373.2048964
          1474   373.3528895
          1475   373.5008482
          1476   373.6487645
          1477   373.7966466
          1478   373.9444867
          1479   374.0922921
          1480   374.2400565
          1481   374.3877855
          1482   374.5354742
          1483   374.6831269
          1484   374.8307403
          1485   374.9783168
          1486    375.125855
          1487   375.2733555
          1488   375.4208187
          1489   375.5682434
          1490   375.7156317
          1491   375.8629809
          1492   376.0102945
          1493   376.1575681
          1494   376.3048073
          1495   376.4520056
          1496   376.5991704
          1497   376.7462937
          1498   376.8933834
          1499   377.0404327
          1500   377.1874474
          1501   377.3344229
          1502   377.4813628
          1503   377.6282647
          1504     377.77513
          1505   377.9219584
          1506   378.0687493
          1507   378.2155044
          1508    378.362221
          1509    378.508903
          1510   378.6555455
          1511   378.8021546
          1512   378.9487231
          1513   379.0952586
          1514   379.2417541
          1515   379.3882159
          1516    379.534639
          1517   379.6810271
          1518   379.8273779
          1519   379.9736926
          1520   380.1199713
          1521   380.2662127
          1522   380.4124194
          1523   380.5585878
          1524   380.7047227
          1525   380.8508181
          1526   380.9968809
          1527   381.1429039
          1528    381.288894
          1529   381.4348458
          1530   381.5807632
          1531   381.7266438
          1532   381.8724888
          1533   382.0182985
          1534   382.1640712
          1535     382.30981
          1536   382.4555106
          1537   382.6011788
          1538   382.7468074
          1539   382.8924038
          1540   383.0379619
          1541   383.1834865
          1542   383.3289744
          1543   383.4744274
          1544   383.6198452
          1545   383.7652268
          1546   383.9105747
          1547    384.055885
          1548   384.2011632
          1549   384.3464023
          1550   384.4916096
          1551   384.6367791
          1552   384.7819154
          1553   384.9270156
          1554   385.0720811
          1555   385.2171122
          1556   385.3621071
          1557   385.5070692
          1558   385.6519935
          1559   385.7968864
          1560   385.9417409
          1561   386.0865634
          1562   386.2313494
          1563   386.3761017
          1564   386.5208193
          1565   386.6655017
          1566   386.8101511
          1567   386.9547636
          1568   387.0993448
          1569   387.2438877
          1570   387.3883993
          1571   387.5328744
          1572   387.6773164
          1573   387.8217239
          1574   387.9660966
          1575   388.1104365
          1576     388.25474
          1577   388.3990125
          1578    388.543247
          1579   388.6874505
          1580    388.831618
          1581   388.9757526
          1582   389.1198531
          1583    389.263919
          1584   389.4079528
          1585     389.55195
          1586   389.6959166
          1587   389.8398461
          1588   389.9837442
          1589   390.1276073
          1590   390.2714372
          1591   390.4152341
          1592   390.5589959
          1593   390.7027268
          1594   390.8464205
          1595   390.9900839
          1596   391.1337115
          1597   391.2773071
          1598    391.420869
          1599   391.5643969
          1600   391.7078934
          1601   391.8513538
          1602   391.9947841
          1603    392.138178
          1604   392.2815409
          1605   392.4248697
          1606   392.5681655
          1607   392.7114293
          1608   392.8546581
          1609   392.9978568
          1610    393.141019
          1611   393.2841508
          1612   393.4272484
          1613   393.5703136
          1614   393.7133468
          1615   393.8563454
          1616   393.9993142
          1617   394.1422465
          1618   394.2851489
          1619   394.4280172
          1620   394.5708534
          1621   394.7136577
          1622   394.8564278
          1623   394.9991683
          1624   395.1418725
          1625   395.2845471
          1626   395.4271878
          1627   395.5697966
          1628   395.7123739
          1629   395.8549171
          1630   395.9974308
          1631   396.1399088
          1632   396.2823571
          1633   396.4247721
          1634    396.567155
          1635   396.7095072
          1636   396.8518249
          1637   396.9941134
          1638    397.136367
          1639   397.2785905
          1640   397.4207816
          1641   397.5629403
          1642    397.705069
          1643   397.8471629
          1644   397.9892278
          1645   398.1312588
          1646   398.2732591
          1647    398.415228
          1648   398.5571639
          1649   398.6990709
          1650   398.8409426
          1651   398.9827853
          1652   399.1245954
          1653    399.266374
          1654   399.4081226
          1655   399.5498373
          1656   399.6915232
          1657   399.8331753
          1658   399.9747974
          1659   400.1163883
          1660   400.2579468
          1661   400.3994767
          1662   400.5409716
          1663    400.682438
          1664   400.8238722
          1665   400.9652752
          1666   401.1066487
          1667   401.2479884
          1668   401.3892998
          1669   401.5305781
          1670   401.6718264
          1671   401.8130444
          1672   401.9542298
          1673   402.0953869
          1674   402.2365101
          1675   402.3776045
          1676   402.5186678
          1677   402.6596995
          1678    402.800703
          1679   402.9416722
          1680   403.0826133
          1681   403.2235228
          1682   403.3644016
          1683   403.5052516
          1684   403.6460681
          1685   403.7868568
          1686   403.9276133
          1687   404.0683399
          1688   404.2090372
          1689   404.3497019
          1690   404.4903388
          1691   404.6309431
          1692   404.7715182
          1693   404.9120638
          1694   405.0525773
          1695   405.1930631
          1696   405.3335162
          1697   405.4739406
          1698   405.6143351
          1699   405.7546982
          1700   405.8950337
          1701   406.0353363
          1702   406.1756106
          1703    406.315855
          1704   406.4560683
          1705   406.5962542
          1706   406.7364071
          1707   406.8765321
          1708   407.0166273
          1709   407.1566915
          1710   407.2967285
          1711   407.4367326
          1712    407.576709
          1713   407.7166556
          1714   407.8565715
          1715   407.9964602
          1716   408.1363163
          1717   408.2761448
          1718   408.4159437
          1719    408.555712
          1720   408.6954532
          1721    408.835162
          1722   408.9748432
          1723   409.1144953
          1724   409.2541166
          1725    409.393711
          1726   409.5332734
          1727   409.6728081
          1728    409.812314
          1729   409.9517891
          1730   410.0912373
          1731   410.2306542
          1732    410.370043
          1733   410.5094036
          1734   410.6487331
          1735   410.7880358
          1736   410.9273078
          1737   411.0665514
          1738   411.2057676
          1739   411.3449521
          1740   411.4841101
          1741   411.6232381
          1742   411.7623371
          1743   411.9014095
          1744   412.0404498
          1745   412.1794637
          1746   412.3184484
          1747   412.4574036
          1748   412.5963325
          1749   412.7352298
          1750   412.8741002
          1751   413.0129424
          1752   413.1517545
          1753   413.2905403
          1754   413.4292955
          1755   413.5680232
          1756   413.7067236
          1757   413.8453932
          1758   413.9840366
          1759   414.1226506
          1760   414.2612361
          1761   414.3997955
          1762   414.5383232
          1763   414.6768249
          1764   414.8152983
          1765   414.9537424
          1766   415.0921604
          1767   415.2305481
          1768   415.3689087
          1769   415.5072423
          1770   415.6455455
          1771   415.7838229
          1772   415.9220712
          1773   416.0602914
          1774   416.1984858
          1775    416.336649
          1776   416.4747863
          1777   416.6128961
          1778   416.7509764
          1779   416.8890311
          1780   417.0270562
          1781   417.1650541
          1782    417.303026
          1783   417.4409672
          1784   417.5788828
          1785   417.7167705
          1786   417.8546296
          1787   417.9924633
          1788    418.130267
          1789   418.2680443
          1790   418.4057953
          1791   418.5435162
          1792   418.6812118
          1793   418.8188794
          1794   418.9565188
          1795    419.094133
          1796   419.2317173
          1797   419.3692755
          1798   419.5068074
          1799   419.6443098
          1800   419.7817869
          1801    419.919236
          1802   420.0566575
          1803   420.1940537
          1804   420.3314204
          1805   420.4687611
          1806   420.6060758
          1807   420.7433611
          1808   420.8806213
          1809   421.0178539
          1810   421.1550589
          1811   421.2922388
          1812   421.4293896
          1813   421.5665144
          1814   421.7036137
          1815   421.8406835
          1816   421.9777283
          1817   422.1147463
          1818   422.2517362
          1819   422.3887014
          1820   422.5256381
          1821   422.6625485
          1822   422.7994342
          1823     422.93629
          1824   423.0731211
          1825    423.209926
          1826   423.3467026
          1827   423.4834545
          1828    423.620179
          1829   423.7568765
          1830   423.8935495
          1831   424.0301937
          1832   424.1668124
          1833   424.3034062
          1834   424.4399709
          1835    424.576511
          1836    424.713025
          1837   424.8495112
          1838    424.985973
          1839   425.1224073
          1840   425.2588152
          1841   425.3951989
          1842   425.5315538
          1843   425.6678838
          1844   425.8041889
          1845   425.9404652
          1846   426.0767173
          1847   426.2129435
          1848   426.3491421
          1849   426.4853167
          1850    426.621464
          1851   426.7575853
          1852   426.8936824
          1853   427.0297512
          1854   427.1657952
          1855   427.3018148
          1856   427.4378057
          1857   427.5737725
          1858   427.7097141
          1859    427.845628
          1860    427.981518
          1861   428.1173817
          1862   428.2532189
          1863   428.3890322
          1864   428.5248182
          1865   428.6605789
          1866   428.7963158
          1867   428.9320244
          1868   429.0677087
          1869   429.2033688
          1870   429.3390007
          1871    429.474609
          1872   429.6101921
          1873    429.745748
          1874   429.8812802
          1875   430.0167866
          1876   430.1522667
          1877   430.2877232
          1878    430.423153
          1879   430.5585575
          1880   430.6939385
          1881   430.8292919
          1882    430.964621
          1883   431.0999266
          1884   431.2352039
          1885   431.3704578
          1886   431.5056875
          1887   431.6408898
          1888   431.7760686
          1889   431.9112226
          1890     432.04635
          1891    432.181454
          1892   432.3165325
          1893   432.4515852
          1894   432.5866146
          1895   432.7216178
          1896   432.8565959
          1897   432.9915509
          1898    433.126479
          1899   433.2613829
          1900   433.3962636
          1901   433.5311169
          1902   433.6659467
          1903   433.8007532
          1904    433.935532
          1905   434.0702878
          1906   434.2050199
          1907   434.3397249
          1908    434.474407
          1909   434.6090648
          1910   434.7436963
          1911   434.8783048
          1912   435.0128886
          1913   435.1474466
          1914   435.2819817
          1915   435.4164918
          1916   435.5509765
          1917   435.6854385
          1918    435.819875
          1919   435.9542867
          1920   436.0886756
          1921   436.2230387
          1922   436.3573776
          1923   436.4916937
          1924   436.6259837
          1925   436.7602499
          1926   436.8944934
          1927   437.0287104
          1928   437.1629041
          1929   437.2970752
          1930   437.4312195
          1931   437.5653408
          1932   437.6994397
          1933   437.8335115
          1934   437.9675607
          1935   438.1015872
          1936    438.235587
          1937   438.3695643
          1938   438.5035187
          1939   438.6374466
          1940   438.7713521
          1941   438.9052345
          1942   439.0390908
          1943   439.1729248
          1944   439.3067355
          1945   439.4405203
          1946   439.5742828
          1947    439.708022
          1948   439.8417356
          1949   439.9754269
          1950   440.1090948
          1951   440.2427372
          1952   440.3763575
          1953   440.5099543
          1954   440.6435258
          1955   440.7770752
          1956   440.9106011
          1957   441.0441019
          1958   441.1775806
          1959   441.3110358
          1960    441.444466
          1961   441.5778742
          1962   441.7112589
          1963   441.8446187
          1964   441.9779566
          1965    442.111271
          1966   442.2445606
          1967   442.3778283
          1968   442.5110727
          1969   442.6442923
          1970     442.77749
          1971   442.9106645
          1972   443.0438142
          1973   443.1769421
          1974   443.3100469
          1975   443.4431269
          1976   443.5761852
          1977   443.7092205
          1978    443.842231
          1979   443.9752198
          1980   444.1081859
          1981   444.2411271
          1982   444.3740466
          1983   444.5069436
          1984   444.6398156
          1985    444.772666
          1986   444.9054941
          1987   445.0382971
          1988   445.1710785
          1989    445.303838
          1990   445.4365721
          1991   445.5692848
          1992   445.7019758
          1993   445.8346413
          1994   445.9672854
          1995    446.099908
          1996   446.2325051
          1997   446.3650807
          1998    446.497635
          1999    446.630164
          2000   446.7626714
          2001   446.8951574
          2002   447.0276186
          2003   447.1600579
          2004   447.2924759
          2005   447.4248694
          2006   447.5572408
          2007   447.6895909
          2008    447.821917
          2009   447.9542206
          2010    448.086503
          2011   448.2187619
          2012   448.3509979
          2013   448.4832128
          2014   448.6154046
          2015   448.7475731
          2016   448.8797206
          2017   449.0118455
          2018   449.1439468
          2019   449.2760271
          2020   449.4080854
          2021   449.5401196
          2022   449.6721328
          2023   449.8041245
          2024   449.9360918
          2025   450.0680382
          2026   450.1999636
          2027   450.3318641
          2028   450.4637437
          2029   450.5956025
          2030   450.7274369
          2031     450.85925
          2032   450.9910423
          2033   451.1228108
          2034   451.2545575
          2035   451.3862834
          2036   451.5179863
          2037   451.6496668
          2038   451.7813265
          2039   451.9129639
          2040   452.0445782
          2041    452.176172
          2042    452.307744
          2043   452.4392925
          2044   452.5708203
          2045   452.7023273
          2046     452.83381
          2047   452.9652721
          2048   453.0967137
          2049   453.2281312
          2050   453.3595278
          2051   453.4909039
          2052   453.6222568
          2053    453.753588
          2054   453.8848987
          2055    454.016187
          2056    454.147453
          2057   454.2786986
          2058   454.4099226
          2059   454.5411235
          2060    454.672304
          2061   454.8034638
          2062   454.9345998
          2063   455.0657155
          2064   455.1968109
          2065   455.3278826
          2066   455.4589336
          2067   455.5899643
          2068   455.7209722
          2069   455.8519587
          2070   455.9829249
          2071   456.1138692
          2072   456.2447913
          2073   456.3756932
          2074   456.5065741
          2075   456.6374319
          2076   456.7682696
          2077   456.8990873
          2078   457.0298811
          2079   457.1606547
          2080   457.2914084
          2081   457.4221392
          2082    457.552849
          2083   457.6835388
          2084   457.8142068
          2085   457.9448529
          2086    458.075479
          2087   458.2060844
          2088   458.3366668
          2089   458.4672294
          2090   458.5977721
          2091   458.7282914
          2092   458.8587906
          2093   458.9892699
          2094    459.119727
          2095   459.2501629
          2096   459.3805791
          2097   459.5109741
          2098    459.641347
          2099   459.7717001
          2100   459.9020332
          2101   460.0323432
          2102   460.1626334
          2103   460.2929039
          2104    460.423152
          2105   460.5533795
          2106   460.6835873
          2107   460.8137739
          2108   460.9439388
          2109   461.0740841
          2110   461.2042093
          2111   461.3343118
          2112   461.4643947
          2113   461.5944581
          2114    461.724499
          2115   461.8545196
          2116   461.9845208
          2117   462.1145008
          2118   462.2444594
          2119   462.3743985
          2120   462.5043177
          2121   462.6342143
          2122   462.7640915
          2123   462.8939494
          2124   463.0237849
          2125   463.1536004
          2126   463.2833965
          2127   463.4131717
          2128   463.5429256
          2129   463.6726601
          2130   463.8023751
          2131   463.9320675
          2132   464.0617407
          2133   464.1913945
          2134   464.3210267
          2135   464.4506385
          2136   464.5802312
          2137   464.7098035
          2138   464.8393542
          2139   464.9688857
          2140   465.0983982
          2141   465.2278881
          2142   465.3573587
          2143   465.4868102
          2144   465.6162407
          2145   465.7456505
          2146   465.8750413
          2147   466.0044125
          2148   466.1337616
          2149   466.2630918
          2150   466.3924029
          2151   466.5216924
          2152   466.6509621
          2153   466.7802128
          2154   466.9094434
          2155   467.0386528
          2156   467.1678432
          2157   467.2970147
          2158   467.4261642
          2159   467.5552945
          2160   467.6844059
          2161   467.8134968
          2162   467.9425671
          2163   468.0716185
          2164   468.2006511
          2165   468.3296615
          2166   468.4586531
          2167   468.5876259
          2168    468.716578
          2169     468.84551
          2170   468.9744232
          2171   469.1033173
          2172   469.2321897
          2173   469.3610434
          2174   469.4898784
          2175   469.6186926
          2176   469.7474869
          2177   469.8762626
          2178   470.0050191
          2179   470.1337542
          2180   470.2624707
          2181   470.3911687
          2182   470.5198457
          2183   470.6485032
          2184   470.7771421
          2185   470.9057619
          2186   471.0343604
          2187   471.1629405
          2188   471.2915021
          2189   471.4200429
          2190   471.5485642
          2191   471.6770671
          2192   471.8055509
          2193   471.9340137
          2194    472.062458
          2195    472.190884
          2196   472.3192893
          2197   472.4476752
          2198   472.5760428
          2199   472.7043915
          2200   472.8327192
          2201   472.9610285
          2202   473.0893195
          2203   473.2175903
          2204   473.3458415
          2205   473.4740744
          2206   473.6022889
          2207   473.7304822
          2208   473.8586572
          2209    473.986814
          2210   474.1149509
          2211   474.2430682
          2212   474.3711672
          2213   474.4992482
          2214   474.6273078
          2215   474.7553493
          2216   474.8833726
          2217   475.0113765
          2218   475.1393605
          2219   475.2673264
          2220   475.3952742
          2221   475.5232013
          2222   475.6511099
          2223   475.7790004
          2224   475.9068722
          2225   476.0347235
          2226   476.1625569
          2227   476.2903723
          2228   476.4181677
          2229   476.5459441
          2230   476.6737025
          2231   476.8014429
          2232   476.9291624
          2233   477.0568639
          2234   477.1845477
          2235   477.3122121
          2236    477.439857
          2237    477.567484
          2238   477.6950932
          2239   477.8226821
          2240   477.9502525
          2241   478.0778052
          2242   478.2053396
          2243   478.3328536
          2244   478.4603499
          2245   478.5878285
          2246   478.7152876
          2247   478.8427276
          2248     478.97015
          2249   479.0975547
          2250   479.2249389
          2251   479.3523051
          2252   479.4796537
          2253    479.606984
          2254   479.7342942
          2255   479.8615869
          2256    479.988862
          2257   480.1161177
          2258   480.2433546
          2259    480.370574
          2260   480.4977758
          2261   480.6249572
          2262   480.7521209
          2263   480.8792671
          2264   481.0063951
          2265   481.1335033
          2266   481.2605941
          2267   481.3876673
          2268   481.5147215
          2269   481.6417569
          2270   481.7687749
          2271   481.8957754
          2272   482.0227561
          2273   482.1497189
          2274   482.2766643
          2275   482.4035919
          2276   482.5304997
          2277     482.65739
          2278   482.7842631
          2279   482.9111177
          2280   483.0379532
          2281   483.1647714
          2282   483.2915723
          2283    483.418354
          2284   483.5451175
          2285   483.6718637
          2286   483.7985928
          2287   483.9253018
          2288   484.0519934
          2289   484.1786679
          2290   484.3053247
          2291   484.4319619
          2292    484.558582
          2293   484.6851849
          2294   484.8117694
          2295   484.9383352
          2296   485.0648839
          2297   485.1914155
          2298    485.317928
          2299   485.4444225
          2300      485.5709
          2301   485.6973605
          2302   485.8238013
          2303   485.9502248
          2304   486.0766313
          2305   486.2030205
          2306   486.3293902
          2307   486.4557429
          2308   486.5820786
          2309   486.7083965
          2310   486.8346955
          2311   486.9609775
          2312   487.0872427
          2313   487.2134895
          2314    487.339718
          2315   487.4659297
          2316   487.5921245
          2317   487.7183004
          2318   487.8444587
          2319   487.9706001
          2320   488.0967248
          2321   488.2228301
          2322   488.3489183
          2323   488.4749897
          2324   488.6010443
          2325   488.7270793
          2326   488.8530977
          2327   488.9790993
          2328   489.1050837
          2329    489.231049
          2330   489.3569977
          2331   489.4829297
          2332   489.6088441
          2333   489.7347399
          2334   489.8606192
          2335   489.9864818
          2336   490.1123264
          2337   490.2381529
          2338   490.3639629
          2339   490.4897563
          2340   490.6155314
          2341   490.7412888
          2342   490.8670297
          2343   490.9927541
          2344   491.1184599
          2345   491.2441485
          2346   491.3698205
          2347    491.495476
          2348   491.6211128
          2349   491.7467326
          2350    491.872336
          2351   491.9979229
          2352   492.1234908
          2353   492.2490421
          2354    492.374577
          2355   492.5000955
          2356   492.6255948
          2357   492.7510778
          2358   492.8765444
          2359   493.0019944
          2360   493.1274256
          2361   493.2528404
          2362   493.3782389
          2363   493.5036208
          2364   493.6289839
          2365   493.7543308
          2366   493.8796615
          2367   494.0049753
          2368   494.1302707
          2369   494.2555498
          2370   494.3808127
          2371   494.5060588
          2372   494.6312866
          2373   494.7564981
          2374   494.8816936
          2375   495.0068721
          2376   495.1320324
          2377   495.2571766
          2378   495.3823047
          2379   495.5074159
          2380    495.632509
          2381   495.7575861
          2382    495.882647
          2383   496.0076911
          2384   496.1327172
          2385   496.2577273
          2386   496.3827213
          2387   496.5076984
          2388   496.6326577
          2389    496.757601
          2390   496.8825282
          2391   497.0074387
          2392   497.1323313
          2393   497.2572079
          2394   497.3820686
          2395   497.5069126
          2396   497.6317388
          2397    497.756549
          2398   497.8813433
          2399   498.0061211
          2400   498.1308809
          2401   498.2556249
          2402    498.380353
          2403   498.5050647
          2404   498.6297585
          2405   498.7544364
          2406   498.8790985
          2407   499.0037444
          2408   499.1283723
          2409   499.2529843
          2410   499.3775806
          2411   499.5021609
          2412    499.626723
          2413   499.7512694
          2414      499.8758
          2415   500.0003149
          2416   500.1248114
          2417   500.2492923
          2418   500.3737575
          2419    500.498207
          2420   500.6226384
          2421   500.7470539
          2422   500.8714538
          2423    500.995838
          2424   501.1202045
          2425   501.2445549
          2426   501.3688897
          2427   501.4932089
          2428   501.6175107
          2429   501.7417961
          2430    501.866066
          2431   501.9903203
          2432   502.1145575
          2433   502.2387782
          2434   502.3629834
          2435    502.487173
          2436   502.6113459
          2437    502.735502
          2438   502.8596425
          2439   502.9837676
          2440   503.1078765
          2441   503.2319681
          2442   503.3560443
          2443   503.4801051
          2444     503.60415
          2445   503.7281774
          2446   503.8521894
          2447    503.976186
          2448   504.1001672
          2449   504.2241306
          2450   504.3480785
          2451   504.4720112
          2452   504.5959284
          2453   504.7198283
          2454   504.8437124
          2455   504.9675813
          2456   505.0914348
          2457   505.2152714
          2458   505.3390919
          2459   505.4628971
          2460    505.586687
          2461   505.7104606
          2462   505.8342175
          2463   505.9579593
          2464   506.0816858
          2465   506.2053965
          2466   506.3290901
          2467   506.4527686
          2468   506.5764318
          2469   506.7000799
          2470   506.8237104
          2471   506.9473258
          2472    507.070926
          2473    507.194511
          2474   507.3180791
          2475   507.4416315
          2476   507.5651688
          2477    507.688691
          2478   507.8121969
          2479   507.9356865
          2480   508.0591611
          2481   508.1826206
          2482   508.3060645
          2483   508.4294915
          2484   508.5529035
          2485   508.6763005
          2486   508.7996826
          2487   508.9230472
          2488   509.0463969
          2489   509.1697315
          2490   509.2930512
          2491   509.4163543
          2492   509.5396417
          2493   509.6629142
          2494   509.7861718
          2495   509.9094135
          2496   510.0326389
          2497   510.1558494
          2498    510.279045
          2499   510.4022255
          2500    510.525389
          2501   510.6485377
          2502   510.7716715
          2503   510.8947904
          2504   511.0178928
          2505   511.1409798
          2506   511.2640519
          2507   511.3871093
          2508   511.5101509
          2509   511.6331764
          2510   511.7561871
          2511   511.8791831
          2512   512.0021641
          2513   512.1251282
          2514   512.2480777
          2515   512.3710124
          2516   512.4939324
          2517    512.616836
          2518   512.7397243
          2519   512.8625979
          2520   512.9854568
          2521   513.1083003
          2522   513.2311276
          2523   513.3539403
          2524   513.4767383
          2525   513.5995218
          2526   513.7222884
          2527   513.8450403
          2528   513.9677776
          2529   514.0905004
          2530   514.2132072
          2531   514.3358986
          2532   514.4585753
          2533   514.5812376
          2534   514.7038849
          2535   514.8265158
          2536   514.9491321
          2537    515.071734
          2538   515.1943214
          2539   515.3168926
          2540   515.4394487
          2541   515.5619904
          2542   515.6845176
          2543   515.8070296
          2544   515.9295257
          2545   516.0520073
          2546   516.1744745
          2547   516.2969273
          2548   516.4193638
          2549   516.5417856
          2550   516.6641929
          2551   516.7865859
          2552   516.9089637
          2553   517.0313257
          2554   517.1536734
          2555   517.2760067
          2556   517.3983258
          2557   517.5206284
          2558   517.6429166
          2559   517.7651905
          2560   517.8874501
          2561   518.0096944
          2562   518.1319232
          2563   518.2541378
          2564    518.376338
          2565   518.4985241
          2566   518.6206939
          2567   518.7428492
          2568   518.8649904
          2569   518.9871174
          2570   519.1092292
          2571   519.2313256
          2572   519.3534078
          2573   519.4754758
          2574   519.5975296
          2575   519.7195674
          2576   519.8415908
          2577      519.9636
          2578   520.0855952
          2579   520.2075754
          2580   520.3295401
          2581   520.4514907
          2582   520.5734273
          2583   520.6953497
          2584   520.8172564
          2585   520.9391486
          2586   521.0610266
          2587   521.1828907
          2588   521.3047402
          2589   521.4265741
          2590   521.5483939
          2591   521.6701997
          2592   521.7919915
          2593    521.913768
          2594   522.0355297
          2595   522.1572774
          2596   522.2790112
          2597   522.4007309
          2598   522.5224347
          2599   522.6441244
          2600   522.7658003
          2601   522.8874622
          2602   523.0091094
          2603   523.1307414
          2604   523.2523595
          2605   523.3739638
          2606   523.4955541
          2607   523.6171289
          2608   523.7386895
          2609   523.8602361
          2610    523.981769
          2611   524.1032876
          2612   524.2247907
          2613     524.34628
          2614   524.4677555
          2615   524.5892171
          2616    524.710664
          2617    524.832096
          2618   524.9535142
          2619   525.0749187
          2620   525.1963094
          2621   525.3176847
          2622   525.4390459
          2623   525.5603933
          2624    525.681727
          2625   525.8030467
          2626    525.924351
          2627   526.0456416
          2628   526.1669184
          2629   526.2881816
          2630   526.4094303
          2631   526.5306641
          2632   526.6518843
          2633   526.7730908
          2634   526.8942837
          2635   527.0154615
          2636   527.1366251
          2637   527.2577751
          2638   527.3789115
          2639   527.5000343
          2640   527.6211415
          2641   527.7422352
          2642   527.8633152
          2643   527.9843818
          2644   528.1054342
          2645   528.2264716
          2646   528.3474955
          2647   528.4685059
          2648   528.5895027
          2649   528.7104851
          2650   528.8314529
          2651   528.9524072
          2652   529.0733481
          2653   529.1942755
          2654    529.315188
          2655   529.4360865
          2656   529.5569715
          2657   529.6778431
          2658   529.7987013
          2659   529.9195442
          2660   530.0403735
          2661   530.1611895
          2662    530.281992
          2663   530.4027809
          2664   530.5235547
          2665   530.6443152
          2666   530.7650623
          2667    530.885796
          2668   531.0065157
          2669   531.1272208
          2670   531.2479126
          2671    531.368591
          2672   531.4892561
          2673    531.609907
          2674   531.7305435
          2675   531.8511668
          2676   531.9717768
          2677   532.0923735
          2678   532.2129557
          2679    532.333524
          2680    532.454079
          2681   532.5746208
          2682   532.6951493
          2683   532.8156632
          2684   532.9361634
          2685   533.0566503
          2686   533.1771241
          2687   533.2975847
          2688   533.4180304
          2689   533.5384627
          2690   533.6588818
          2691   533.7792878
          2692   533.8996806
          2693   534.0200585
          2694   534.1404231
          2695   534.2607746
          2696    534.381113
          2697   534.5014382
          2698   534.6217485
          2699   534.7420457
          2700   534.8623298
          2701   534.9826009
          2702   535.1028586
          2703   535.2231016
          2704   535.3433316
          2705   535.4635485
          2706   535.5837524
          2707   535.7039429
          2708   535.8241189
          2709   535.9442819
          2710   536.0644318
          2711   536.1845688
          2712   536.3046923
          2713   536.4248014
          2714   536.5448976
          2715   536.6649808
          2716    536.785051
          2717   536.9051078
          2718   537.0251503
          2719   537.1451799
          2720   537.2651965
          2721   537.3852002
          2722   537.5051905
          2723   537.6251666
          2724   537.7451297
          2725     537.86508
          2726   537.9850174
          2727   538.1049415
          2728   538.2248513
          2729   538.3447483
          2730   538.4646324
          2731   538.5845037
          2732   538.7043618
          2733   538.8242056
          2734   538.9440366
          2735   539.0638548
          2736   539.1836602
          2737   539.3034525
          2738   539.4232305
          2739   539.5429957
          2740   539.6627482
          2741   539.7824879
          2742   539.9022146
          2743    540.021927
          2744   540.1416267
          2745   540.2613136
          2746   540.3809879
          2747   540.5006493
          2748   540.6202963
          2749   540.7399306
          2750   540.8595522
          2751   540.9791611
          2752   541.0987574
          2753   541.2183393
          2754   541.3379084
          2755   541.4574649
          2756   541.5770088
          2757     541.69654
          2758   541.8160571
          2759   541.9355613
          2760   542.0550529
          2761   542.1745318
          2762   542.2939982
          2763   542.4134507
          2764   542.5328902
          2765    542.652317
          2766   542.7717313
          2767    542.891133
          2768   543.0105212
          2769   543.1298961
          2770   543.2492584
          2771   543.3686082
          2772   543.4879455
          2773   543.6072696
          2774   543.7265801
          2775   543.8458782
          2776   543.9651637
          2777   544.0844367
          2778   544.2036969
          2779   544.3229433
          2780   544.4421772
          2781   544.5613986
          2782   544.6806076
          2783   544.7998041
          2784   544.9189866
          2785   545.0381565
          2786   545.1573141
          2787   545.2764592
          2788   545.3955919
          2789    545.514711
          2790   545.6338172
          2791   545.7529111
          2792   545.8719925
          2793   545.9910617
          2794   546.1101175
          2795   546.2291602
          2796   546.3481906
          2797   546.4672086
          2798   546.5862143
          2799   546.7052072
          2800   546.8241866
          2801   546.9431536
          2802   547.0621084
          2803   547.1810509
          2804   547.2999811
          2805   547.4188973
          2806   547.5378012
          2807   547.6566929
          2808   547.7755724
          2809   547.8944396
          2810   548.0132933
          2811   548.1321344
          2812   548.2509632
          2813   548.3697798
          2814   548.4885842
          2815   548.6073757
          2816    548.726154
          2817   548.8449201
          2818   548.9636741
          2819   549.0824158
          2820   549.2011454
          2821   549.3198611
          2822   549.4385648
          2823   549.5572563
          2824   549.6759356
          2825   549.7946028
          2826   549.9132567
          2827   550.0318981
          2828   550.1505273
          2829   550.2691444
          2830   550.3877494
          2831   550.5063418
          2832    550.624921
          2833   550.7434881
          2834   550.8620432
          2835   550.9805862
          2836   551.0991172
          2837   551.2176346
          2838   551.3361398
          2839    551.454633
          2840   551.5731142
          2841   551.6915834
          2842   551.8100397
          2843   551.9284832
          2844   552.0469148
          2845   552.1653343
          2846   552.2837419
          2847   552.4021373
          2848   552.5205193
          2849   552.6388894
          2850   552.7572475
          2851   552.8755937
          2852   552.9939279
          2853   553.1122491
          2854   553.2305579
          2855   553.3488548
          2856   553.4671397
          2857   553.5854127
          2858   553.7036735
          2859   553.8219212
          2860    553.940157
          2861   554.0583809
          2862   554.1765929
          2863   554.2947931
          2864   554.4129803
          2865   554.5311551
          2866   554.6493182
          2867   554.7674694
          2868   554.8856088
          2869    555.003736
          2870   555.1218502
          2871   555.2399526
          2872   555.3580431
          2873   555.4761219
          2874   555.5941889
          2875    555.712243
          2876   555.8302849
          2877    555.948315
          2878   556.0663334
          2879     556.18434
          2880   556.3023346
          2881   556.4203162
          2882    556.538286
          2883   556.6562441
          2884   556.7741905
          2885   556.8921252
          2886   557.0100473
          2887   557.1279571
          2888   557.2458551
          2889   557.3637415
          2890   557.4816162
          2891   557.5994792
          2892   557.7173291
          2893   557.8351672
          2894   557.9529937
          2895   558.0708086
          2896   558.1886119
          2897   558.3064029
          2898   558.4241814
          2899   558.5419482
          2900   558.6597035
          2901   558.7774471
          2902   558.8951791
          2903   559.0128985
          2904   559.1306059
          2905   559.2483016
          2906   559.3659859
          2907   559.4836585
          2908   559.6013195
          2909   559.7189675
          2910    559.836604
          2911    559.954229
          2912   560.0718424
          2913   560.1894444
          2914   560.3070342
          2915   560.4246116
          2916   560.5421775
          2917   560.6597319
          2918   560.7772748
          2919   560.8948062
          2920   561.0123251
          2921   561.1298321
          2922   561.2473276
          2923   561.3648117
          2924   561.4822844
          2925   561.5997456
          2926   561.7171939
          2927   561.8346307
          2928   561.9520561
          2929   562.0694702
          2930   562.1868728
          2931   562.3042636
          2932   562.4216419
          2933   562.5390089
          2934   562.6563644
          2935   562.7737086
          2936   562.8910415
          2937   563.0083622
          2938   563.1256708
          2939   563.2429681
          2940   563.3602541
          2941   563.4775287
          2942    563.594792
          2943   563.7120429
          2944   563.8292821
          2945     563.94651
          2946   564.0637265
          2947   564.1809318
          2948   564.2981258
          2949   564.4153072
          2950   564.5324772
          2951   564.6496359
          2952   564.7667833
          2953   564.8839195
          2954   565.0010443
          2955   565.1181566
          2956   565.2352576
          2957   565.3523473
          2958   565.4694259
          2959   565.5864932
          2960    565.703549
          2961   565.8205925
          2962   565.9376248
          2963   566.0546459
          2964   566.1716558
          2965   566.2886545
          2966   566.4056415
          2967   566.5226165
          2968   566.6395803
          2969   566.7565329
          2970   566.8734744
          2971   566.9904047
          2972   567.1073233
          2973   567.2242299
          2974   567.3411255
          2975   567.4580099
          2976   567.5748832
          2977   567.6917454
          2978   567.8085958
          2979   567.9254344
          2980   568.0422619
          2981   568.1590783
          2982   568.2758837
          2983    568.392678
          2984   568.5094604
          2985   568.6262312
          2986    568.742991
          2987   568.8597396
          2988   568.9764773
          2989   569.0932039
          2990   569.2099187
          2991   569.3266219
          2992   569.4433141
          2993   569.5599953
          2994   569.6766655
          2995   569.7933247
          2996   569.9099721
          2997   570.0266079
          2998   570.1432328
          2999   570.2598467
          3000   570.3764496
          3001   570.4930416
          3002   570.6096219
          3003   570.7261906
          3004   570.8427484
          3005   570.9592953
          3006   571.0758312
          3007   571.1923562
          3008   571.3088696
          3009   571.4253715
          3010   571.5418624
          3011   571.6583425
          3012   571.7748116
          3013   571.8912699
          3014   572.0077167
          3015   572.1241519
          3016   572.2405762
          3017   572.3569897
          3018   572.4733923
          3019   572.5897841
          3020   572.7061645
          3021   572.8225332
          3022   572.9388912
          3023   573.0552383
          3024   573.1715746
          3025   573.2879001
          3026   573.4042144
          3027    573.520517
          3028   573.6368088
          3029   573.7530897
          3030   573.8693599
          3031   573.9856194
          3032   574.1018679
          3033   574.2181045
          3034   574.3343303
          3035   574.4505454
          3036   574.5667497
          3037   574.6829433
          3038   574.7991262
          3039   574.9152971
          3040   575.0314572
          3041   575.1476066
          3042   575.2637453
          3043   575.3798733
          3044   575.4959906
          3045   575.6120963
          3046   575.7281909
          3047   575.8442749
          3048   575.9603481
          3049   576.0764108
          3050   576.1924627
          3051   576.3085033
          3052   576.4245327
          3053   576.5405514
          3054   576.6565595
          3055    576.772557
          3056   576.8885438
          3057   577.0045196
          3058    577.120484
          3059   577.2364377
          3060   577.3523808
          3061   577.4683133
          3062   577.5842352
          3063   577.7001466
          3064   577.8160461
          3065    577.931935
          3066   578.0478133
          3067   578.1636811
          3068   578.2795384
          3069   578.3953851
          3070   578.5112204
          3071   578.6270447
          3072   578.7428585
          3073   578.8586618
          3074   578.9744546
          3075   579.0902369
          3076   579.2060082
          3077   579.3217682
          3078   579.4375177
          3079   579.5532567
          3080   579.6689853
          3081   579.7847033
          3082   579.9004109
          3083   580.0161067
          3084   580.1317922
          3085   580.2474671
          3086   580.3631316
          3087   580.4787857
          3088   580.5944293
          3089   580.7100617
          3090   580.8256832
          3091   580.9412944
          3092    581.056895
          3093   581.1724853
          3094   581.2880652
          3095   581.4036344
          3096   581.5191923
          3097   581.6347398
          3098   581.7502769
          3099   581.8658036
          3100   581.9813199
          3101   582.0968259
          3102   582.2123206
          3103   582.3278046
          3104   582.4432784
          3105   582.5587417
          3106   582.6741948
          3107   582.7896375
          3108   582.9050695
          3109   583.0204903
          3110   583.1359009
          3111   583.2513011
          3112    583.366691
          3113   583.4820707
          3114     583.59744
          3115   583.7127981
          3116   583.8281457
          3117    583.943483
          3118     584.05881
          3119   584.1741268
          3120   584.2894333
          3121   584.4047292
          3122   584.5200141
          3123   584.6352886
          3124    584.750553
          3125   584.8658071
          3126    584.981051
          3127   585.0962847
          3128   585.2115073
          3129   585.3267194
          3130   585.4419213
          3131    585.557113
          3132   585.6722945
          3133   585.7874658
          3134   585.9026267
          3135   586.0177765
          3136   586.1329162
          3137   586.2480456
          3138   586.3631649
          3139   586.4782741
          3140   586.5933731
          3141   586.7084613
          3142   586.8235389
          3143   586.9386063
          3144   587.0536636
          3145   587.1687108
          3146   587.2837479
          3147   587.3987749
          3148   587.5137907
          3149   587.6287963
          3150   587.7437918
          3151   587.8587773
          3152   587.9737526
          3153   588.0887179
          3154   588.2036729
          3155   588.3186169
          3156   588.4335508
          3157   588.5484747
          3158   588.6633886
          3159   588.7782924
          3160   588.8931862
          3161   589.0080693
          3162   589.1229419
          3163   589.2378044
          3164    589.352657
          3165   589.4674995
          3166    589.582332
          3167   589.6971546
          3168   589.8119662
          3169   589.9267676
          3170    590.041559
          3171   590.1563405
          3172    590.271112
          3173   590.3858735
          3174    590.500625
          3175   590.6153655
          3176    590.730096
          3177   590.8448166
          3178   590.9595272
          3179   591.0742279
          3180   591.1889187
          3181   591.3035993
          3182   591.4182691
          3183    591.532929
          3184    591.647579
          3185   591.7622191
          3186   591.8768493
          3187   591.9914696
          3188   592.1060796
          3189    592.220679
          3190   592.3352686
          3191   592.4498483
          3192   592.5644181
          3193   592.6789781
          3194   592.7935282
          3195   592.9080679
          3196   593.0225972
          3197   593.1371167
          3198   593.2516263
          3199   593.3661261
          3200   593.4806161
          3201   593.5950963
          3202   593.7095659
          3203   593.8240254
          3204   593.9384751
          3205   594.0529149
          3206    594.167345
          3207   594.2817653
          3208   594.3961758
          3209   594.5105758
          3210   594.6249657
          3211   594.7393458
          3212   594.8537161
          3213   594.9680767
          3214   595.0824276
          3215   595.1967687
          3216   595.3110992
          3217   595.4254198
          3218   595.5397306
          3219   595.6540317
          3220   595.7683231
          3221   595.8826048
          3222   595.9968767
          3223   596.1111382
          3224   596.2253897
          3225   596.3396315
          3226   596.4538636
          3227    596.568086
          3228   596.6822988
          3229   596.7965018
          3230   596.9106945
          3231   597.0248772
          3232   597.1390502
          3233   597.2532136
          3234   597.3673673
          3235   597.4815114
          3236   597.5956459
          3237     597.70977
          3238   597.8238841
          3239   597.9379887
          3240   598.0520836
          3241   598.1661689
          3242   598.2802446
          3243   598.3943107
          3244   598.5083666
          3245   598.6224124
          3246   598.7364487
          3247   598.8504754
          3248   598.9644925
          3249   599.0785001
          3250   599.1924981
          3251    599.306486
          3252   599.4204639
          3253   599.5344322
          3254   599.6483909
          3255   599.7623401
          3256   599.8762798
          3257   599.9902099
          3258   600.1041302
          3259   600.2180403
          3260   600.3319408
          3261   600.4458319
          3262   600.5597134
          3263   600.6735855
          3264    600.787448
          3265    600.901301
          3266   601.0151435
          3267   601.1289766
          3268   601.2428002
          3269   601.3566143
          3270   601.4704189
          3271   601.5842141
          3272   601.6979999
          3273   601.8117753
          3274   601.9255411
          3275   602.0392975
          3276   602.1530445
          3277    602.266782
          3278   602.3805101
          3279   602.4942288
          3280   602.6079375
          3281   602.7216363
          3282   602.8353258
          3283   602.9490058
          3284   603.0626765
          3285   603.1763377
          3286   603.2899896
          3287   603.4036318
          3288   603.5172639
          3289   603.6308867
          3290   603.7445001
          3291   603.8581041
          3292   603.9716987
          3293    604.085284
          3294     604.19886
          3295   604.3124257
          3296    604.425982
          3297    604.539529
          3298   604.6530666
          3299   604.7665949
          3300   604.8801139
          3301   604.9936236
          3302   605.1071235
          3303   605.2206136
          3304   605.3340943
          3305   605.4475658
          3306    605.561028
          3307    605.674481
          3308   605.7879246
          3309   605.9013589
          3310    606.014783
          3311   606.1281979
          3312   606.2416035
          3313   606.3549998
          3314   606.4683869
          3315   606.5817648
          3316   606.6951334
          3317   606.8084922
          3318   606.9218414
          3319   607.0351813
          3320   607.1485121
          3321   607.2618336
          3322   607.3751459
          3323    607.488449
          3324   607.6017428
          3325   607.7150265
          3326   607.8283011
          3327   607.9415664
          3328   608.0548226
          3329   608.1680696
          3330   608.2813074
          3331   608.3945361
          3332    608.507755
          3333   608.6209644
          3334   608.7341646
          3335   608.8473557
          3336   608.9605376
          3337   609.0737104
          3338   609.1868741
          3339   609.3000286
          3340   609.4131731
          3341   609.5263084
          3342   609.6394346
          3343   609.7525517
          3344   609.8656597
          3345   609.9787586
          3346   610.0918484
          3347   610.2049288
          3348   610.3179995
          3349   610.4310611
          3350   610.5441136
          3351    610.657157
          3352   610.7701914
          3353   610.8832167
          3354   610.9962329
          3355   611.1092395
          3356   611.2222367
          3357   611.3352248
          3358    611.448204
          3359    611.561174
          3360   611.6741351
          3361   611.7870871
          3362   611.9000301
          3363   612.0129632
          3364   612.1258872
          3365   612.2388023
          3366   612.3517083
          3367   612.4646053
          3368   612.5774934
          3369   612.6903724
          3370   612.8032422
          3371   612.9161024
          3372   613.0289536
          3373   613.1417958
          3374    613.254629
          3375   613.3674533
          3376   613.4802686
          3377    613.593075
          3378    613.705872
          3379   613.8186595
          3380   613.9314382
          3381   614.0442079
          3382   614.1569686
          3383   614.2697204
          3384   614.3824634
          3385   614.4951973
          3386   614.6079219
          3387   614.7206371
          3388   614.8333435
          3389   614.9460409
          3390   615.0587295
          3391   615.1714092
          3392     615.28408
          3393   615.3967419
          3394   615.5093943
          3395   615.6220375
          3396   615.7346719
          3397   615.8472975
          3398   615.9599141
          3399    616.072522
          3400   616.1851209
          3401   616.2977111
          3402   616.4102916
          3403   616.5228632
          3404   616.6354259
          3405   616.7479798
          3406   616.8605249
          3407   616.9730612
          3408   617.0855886
          3409   617.1981073
          3410   617.3106164
          3411   617.4231165
          3412   617.5356079
          3413   617.6480905
          3414   617.7605642
          3415   617.8730292
          3416   617.9854855
          3417   618.0979329
          3418   618.2103709
          3419   618.3227999
          3420   618.4352202
          3421   618.5476317
          3422   618.6600345
          3423   618.7724285
          3424   618.8848138
          3425   618.9971903
          3426   619.1095575
          3427   619.2219157
          3428   619.3342652
          3429    619.446606
          3430    619.558938
          3431   619.6712614
          3432    619.783576
          3433   619.8958819
          3434   620.0081786
          3435   620.1204663
          3436   620.2327453
          3437   620.3450156
          3438   620.4572772
          3439   620.5695302
          3440   620.6817744
          3441   620.7940101
          3442   620.9062366
          3443    621.018454
          3444   621.1306628
          3445   621.2428629
          3446   621.3550544
          3447   621.4672372
          3448   621.5794114
          3449    621.691577
          3450   621.8037337
          3451   621.9158812
          3452     622.02802
          3453   622.1401503
          3454   622.2522719
          3455   622.3643849
          3456   622.4764893
          3457   622.5885852
          3458   622.7006723
          3459   622.8127501
          3460   622.9248193
          3461     623.03688
          3462    623.148932
          3463   623.2609755
          3464   623.3730104
          3465   623.4850368
          3466   623.5970546
          3467   623.7090632
          3468    623.821063
          3469   623.9330543
          3470   624.0450371
          3471   624.1570113
          3472    624.268977
          3473   624.3809342
          3474   624.4928828
          3475   624.6048226
          3476   624.7167533
          3477   624.8286756
          3478   624.9405894
          3479   625.0524946
          3480   625.1643913
          3481   625.2762796
          3482   625.3881594
          3483   625.5000306
          3484   625.6118926
          3485   625.7237461
          3486   625.8355911
          3487   625.9474277
          3488   626.0592557
          3489   626.1710754
          3490   626.2828865
          3491   626.3946892
          3492    626.506483
          3493    626.618268
          3494   626.7300446
          3495   626.8418127
          3496   626.9535724
          3497   627.0653237
          3498   627.1770665
          3499    627.288801
          3500   627.4005269
          3501   627.5122437
          3502   627.6239521
          3503   627.7356521
          3504   627.8473437
          3505   627.9590268
          3506   628.0707016
          3507    628.182368
          3508   628.2940261
          3509   628.4056753
          3510   628.5173158
          3511   628.6289479
          3512   628.7405716
          3513    628.852187
          3514    628.963794
          3515   629.0753927
          3516    629.186983
          3517    629.298565
          3518   629.4101379
          3519   629.5217024
          3520   629.6332586
          3521   629.7448065
          3522    629.856346
          3523   629.9678772
          3524   630.0794001
          3525   630.1909146
          3526   630.3024207
          3527   630.4139179
          3528   630.5254068
          3529   630.6368873
          3530   630.7483596
          3531   630.8598236
          3532   630.9712793
          3533   631.0827268
          3534   631.1941659
          3535   631.3055964
          3536   631.4170183
          3537   631.5284319
          3538   631.6398372
          3539   631.7512343
          3540   631.8626231
          3541   631.9740036
          3542    632.085376
          3543     632.19674
          3544   632.3080954
          3545   632.4194422
          3546   632.5307808
          3547   632.6421112
          3548   632.7534334
          3549   632.8647474
          3550   632.9760531
          3551   633.0873507
          3552     633.19864
          3553   633.3099205
          3554   633.4211927
          3555   633.5324567
          3556   633.6437125
          3557   633.7549602
          3558   633.8661996
          3559   633.9774309
          3560    634.088654
          3561   634.1998689
          3562    634.311075
          3563   634.4222728
          3564   634.5334626
          3565   634.6446441
          3566   634.7558175
          3567   634.8669828
          3568   634.9781399
          3569   635.0892889
          3570   635.2004298
          3571   635.3115618
          3572   635.4226856
          3573   635.5338014
          3574    635.644909
          3575   635.7560085
          3576      635.8671
          3577   635.9781833
          3578   636.0892585
          3579   636.2003256
          3580   636.3113839
          3581   636.4224341
          3582   636.5334762
          3583   636.6445102
          3584   636.7555362
          3585   636.8665541
          3586   636.9775639
          3587   637.0885656
          3588   637.1995593
          3589   637.3105443
          3590   637.4215211
          3591   637.5324899
          3592   637.6434507
          3593   637.7544034
          3594   637.8653481
          3595   637.9762848
          3596   638.0872134
          3597    638.198134
          3598    638.309046
          3599   638.4199498
          3600   638.5308456
          3601   638.6417334
          3602   638.7526132
          3603   638.8634851
          3604   638.9743489
          3605   639.0852047
          3606   639.1960525
          3607   639.3068919
          3608    639.417723
          3609   639.5285462
          3610   639.6393614
          3611   639.7501686
          3612   639.8609678
          3613   639.9717591
          3614   640.0825424
          3615   640.1933178
          3616   640.3040849
          3617   640.4148437
          3618   640.5255945
          3619   640.6363374
          3620   640.7470723
          3621   640.8577993
          3622   640.9685184
          3623   641.0792295
          3624   641.1899328
          3625    641.300628
          3626   641.4113147
          3627   641.5219935
          3628   641.6326644
          3629   641.7433274
          3630   641.8539825
          3631   641.9646297
          3632   642.0752689
          3633   642.1859004
          3634   642.2965239
          3635    642.407139
          3636   642.5177461
          3637   642.6283453
          3638   642.7389367
          3639   642.8495201
          3640   642.9600957
          3641   643.0706635
          3642   643.1812234
          3643   643.2917754
          3644   643.4023195
          3645   643.5128552
          3646    643.623383
          3647    643.733903
          3648   643.8444152
          3649   643.9549195
          3650    644.065416
          3651   644.1759048
          3652   644.2863856
          3653   644.3968587
          3654   644.5073235
          3655   644.6177803
          3656   644.7282293
          3657   644.8386705
          3658   644.9491038
          3659   645.0595294
          3660   645.1699473
          3661   645.2803573
          3662   645.3907595
          3663    645.501154
          3664     645.61154
          3665   645.7219183
          3666   645.8322888
          3667   645.9426515
          3668   646.0530065
          3669   646.1633537
          3670   646.2736932
          3671    646.384025
          3672    646.494349
          3673   646.6046649
          3674   646.7149728
          3675   646.8252729
          3676   646.9355654
          3677     647.04585
          3678    647.156127
          3679   647.2663963
          3680   647.3766578
          3681   647.4869116
          3682   647.5971577
          3683   647.7073957
          3684   647.8176258
          3685   647.9278481
          3686   648.0380628
          3687   648.1482698
          3688   648.2584691
          3689   648.3686608
          3690   648.4788447
          3691    648.589021
          3692   648.6991896
          3693     648.80935
          3694   648.9195026
          3695   649.0296476
          3696   649.1397849
          3697   649.2499146
          3698   649.3600367
          3699   649.4701511
          3700   649.5802578
          3701   649.6903569
          3702   649.8004484
          3703   649.9105316
          3704   650.0206072
          3705   650.1306751
          3706   650.2407355
          3707   650.3507882
          3708   650.4608334
          3709   650.5708709
          3710   650.6809008
          3711   650.7909231
          3712   650.9009378
          3713   651.0109442
          3714   651.1209431
          3715   651.2309345
          3716   651.3409182
          3717   651.4508943
          3718   651.5608629
          3719   651.6708239
          3720   651.7807774
          3721   651.8907232
          3722   652.0006615
          3723   652.1105916
          3724   652.2205142
          3725   652.3304292
          3726   652.4403367
          3727   652.5502367
          3728   652.6601291
          3729   652.7700139
          3730   652.8798913
          3731   652.9897611
          3732   653.0996233
          3733   653.2094775
          3734   653.3193241
          3735   653.4291632
          3736   653.5389948
          3737   653.6488189
          3738   653.7586355
          3739   653.8684445
          3740   653.9782461
          3741   654.0880402
          3742   654.1978268
          3743   654.3076054
          3744   654.4173764
          3745     654.52714
          3746    654.636896
          3747   654.7466446
          3748   654.8563857
          3749   654.9661194
          3750   655.0758456
          3751   655.1855643
          3752   655.2952756
          3753   655.4049791
          3754   655.5146749
          3755   655.6243632
          3756   655.7340441
          3757   655.8437175
          3758   655.9533835
          3759   656.0630421
          3760   656.1726932
          3761    656.282337
          3762   656.3919733
          3763   656.5016021
          3764    656.611223
          3765   656.7208364
          3766   656.8304425
          3767   656.9400411
          3768   657.0496324
          3769   657.1592163
          3770   657.2687927
          3771   657.3783618
          3772   657.4879235
          3773   657.5974778
          3774   657.7070243
          3775   657.8165633
          3776   657.9260949
          3777   658.0356191
          3778    658.145136
          3779   658.2546455
          3780   658.3641476
          3781   658.4736424
          3782   658.5831298
          3783   658.6926099
          3784   658.8020825
          3785   658.9115473
          3786   659.0210048
          3787   659.1304549
          3788   659.2398978
          3789   659.3493332
          3790   659.4587614
          3791   659.5681822
          3792   659.6775957
          3793    659.787002
          3794   659.8964008
          3795   660.0057921
          3796   660.1151758
          3797   660.2245522
          3798   660.3339213
          3799   660.4432831
          3800   660.5526376
          3801   660.6619848
          3802   660.7713248
          3803   660.8806575
          3804   660.9899829
          3805    661.099301
          3806   661.2086113
          3807   661.3179143
          3808     661.42721
          3809   661.5364985
          3810   661.6457798
          3811   661.7550537
          3812   661.8643205
          3813   661.9735799
          3814   662.0828322
          3815   662.1920772
          3816   662.3013148
          3817   662.4105448
          3818   662.5197675
          3819    662.628983
          3820   662.7381913
          3821   662.8473923
          3822   662.9565862
          3823   663.0657728
          3824   663.1749522
          3825   663.2841244
          3826   663.3932894
          3827   663.5024471
          3828   663.6115971
          3829     663.72074
          3830   663.8298757
          3831   663.9390041
          3832   664.0481254
          3833   664.1572395
          3834   664.2663465
          3835   664.3754462
          3836   664.4845388
          3837   664.5936242
          3838   664.7027023
          3839   664.8117729
          3840   664.9208363
          3841   665.0298925
          3842   665.1389416
          3843   665.2479835
          3844   665.3570183
          3845    665.466046
          3846   665.5750665
          3847   665.6840799
          3848   665.7930861
          3849   665.9020851
          3850   666.0110766
          3851   666.1200609
          3852   666.2290381
          3853   666.3380082
          3854   666.4469712
          3855    666.555927
          3856   666.6648758
          3857   666.7738175
          3858    666.882752
          3859   666.9916795
          3860   667.1005999
          3861   667.2095126
          3862   667.3184183
          3863   667.4273169
          3864   667.5362084
          3865   667.6450928
          3866   667.7539702
          3867   667.8628404
          3868   667.9717037
          3869   668.0805598
          3870   668.1894089
          3871   668.2982509
          3872   668.4070855
          3873   668.5159129
          3874   668.6247333
          3875   668.7335466
          3876   668.8423529
          3877   668.9511521
          3878   669.0599443
          3879   669.1687295
          3880   669.2775076
          3881   669.3862787
          3882   669.4950428
          3883   669.6037996
          3884   669.7125492
          3885   669.8212917
          3886   669.9300272
          3887   670.0387557
          3888   670.1474772
          3889   670.2561917
          3890   670.3648992
          3891   670.4735998
          3892   670.5822933
          3893   670.6909798
          3894   670.7996594
          3895   670.9083315
          3896   671.0169965
          3897   671.1256546
          3898   671.2343058
          3899     671.34295
          3900   671.4515872
          3901   671.5602174
          3902   671.6688407
          3903    671.777457
          3904   671.8860664
          3905   671.9946688
          3906   672.1032641
          3907   672.2118521
          3908   672.3204332
          3909   672.4290074
          3910   672.5375746
          3911   672.6461349
          3912   672.7546882
          3913   672.8632347
          3914   672.9717742
          3915   673.0803068
          3916   673.1888325
          3917   673.2973513
          3918   673.4058628
          3919   673.5143672
          3920   673.6228648
          3921   673.7313554
          3922   673.8398392
          3923   673.9483161
          3924    674.056786
          3925   674.1652491
          3926   674.2737053
          3927   674.3821547
          3928   674.4905971
          3929   674.5990327
          3930    674.707461
          3931   674.8158823
          3932   674.9242968
          3933   675.0327044
          3934   675.1411051
          3935    675.249499
          3936   675.3578861
          3937   675.4662663
          3938   675.5746396
          3939   675.6830061
          3940   675.7913658
          3941   675.8997186
          3942   676.0080641
          3943   676.1164028
          3944   676.2247347
          3945   676.3330597
          3946   676.4413779
          3947   676.5496893
          3948   676.6579938
          3949   676.7662916
          3950   676.8745825
          3951   676.9828666
          3952    677.091144
          3953   677.1994145
          3954   677.3076778
          3955   677.4159342
          3956   677.5241839
          3957   677.6324268
          3958   677.7406629
          3959   677.8488922
          3960   677.9571147
          3961   678.0653304
          3962   678.1735394
          3963   678.2817416
          3964   678.3899371
          3965   678.4981257
          3966   678.6063073
          3967    678.714482
          3968   678.8226499
          3969   678.9308111
          3970   679.0389655
          3971   679.1471132
          3972   679.2552541
          3973   679.3633883
          3974   679.4715157
          3975   679.5796365
          3976   679.6877505
          3977   679.7958577
          3978    679.903958
          3979   680.0120514
          3980    680.120138
          3981   680.2282179
          3982   680.3362911
          3983   680.4443576
          3984   680.5524174
          3985   680.6604704
          3986   680.7685168
          3987   680.8765565
          3988   680.9845895
          3989   681.0926157
          3990   681.2006353
          3991   681.3086477
          3992   681.4166535
          3993   681.5246526
          3994    681.632645
          3995   681.7406307
          3996   681.8486098
          3997   681.9565822
          3998   682.0645479
          3999    682.172507
          4000   682.2804594
          4001   682.3884051
          4002   682.4963442
          4003   682.6042764
          4004   682.7122017
          4005   682.8201204
          4006   682.9280325
          4007   683.0359379
          4008   683.1438366
          4009   683.2517288
          4010   683.3596143
          4011   683.4674932
          4012   683.5753654
          4013   683.6832311
          4014   683.7910901
          4015   683.8989425
          4016   684.0067879
          4017   684.1146266
          4018   684.2224587
          4019   684.3302842
          4020   684.4381031
          4021   684.5459155
          4022   684.6537212
          4023   684.7615203
          4024   684.8693128
          4025   684.9770988
          4026   685.0848782
          4027   685.1926509
          4028   685.3004171
          4029   685.4081763
          4030   685.5159289
          4031    685.623675
          4032   685.7314145
          4033   685.8391474
          4034   685.9468737
          4035   686.0545935
          4036   686.1623068
          4037   686.2700135
          4038   686.3777136
          4039   686.4854072
          4040   686.5930943
          4041   686.7007747
          4042   686.8084483
          4043   686.9161153
          4044   687.0237757
          4045   687.1314297
          4046   687.2390771
          4047    687.346718
          4048   687.4543524
          4049   687.5619802
          4050   687.6696016
          4051   687.7772164
          4052   687.8848247
          4053   687.9924265
          4054   688.1000218
          4055   688.2076102
          4056   688.3151921
          4057   688.4227675
          4058   688.5303364
          4059   688.6378988
          4060   688.7454547
          4061   688.8530041
          4062   688.9605471
          4063   689.0680836
          4064   689.1756136
          4065   689.2831371
          4066   689.3906541
          4067   689.4981647
          4068   689.6056685
          4069   689.7131658
          4070   689.8206566
          4071   689.9281409
          4072   690.0356188
          4073   690.1430902
          4074   690.2505552
          4075   690.3580137
          4076   690.4654658
          4077   690.5729115
          4078   690.6803507
          4079   690.7877835
          4080   690.8952099
          4081   691.0026297
          4082   691.1100427
          4083   691.2174494
          4084   691.3248497
          4085   691.4322435
          4086   691.5396309
          4087   691.6470119
          4088   691.7543865
          4089   691.8617547
          4090   691.9691165
          4091   692.0764719
          4092   692.1838209
          4093   692.2911636
          4094   692.3984998
          4095   692.5058293
          4096   692.6131523
          4097    692.720469
          4098   692.8277792
          4099   692.9350831
          4100   693.0423806
          4101   693.1496718
          4102   693.2569566
          4103    693.364235
          4104    693.471507
          4105   693.5787727
          4106    693.686032
          4107    693.793285
          4108   693.9005316
          4109   694.0077715
          4110    694.115005
          4111   694.2222322
          4112    694.329453
          4113   694.4366675
          4114   694.5438757
          4115   694.6510775
          4116    694.758273
          4117   694.8654622
          4118    694.972645
          4119   695.0798216
          4120   695.1869918
          4121   695.2941557
          4122   695.4013132
          4123    695.508464
          4124   695.6156086
          4125   695.7227468
          4126   695.8298788
          4127   695.9370044
          4128   696.0441238
          4129   696.1512368
          4130   696.2583436
          4131   696.3654441
          4132   696.4725383
          4133   696.5796262
          4134   696.6867078
          4135   696.7937831
          4136   696.9008522
          4137   697.0079146
          4138   697.1149707
          4139   697.2220206
          4140   697.3290642
          4141   697.4361015
          4142   697.5431326
          4143   697.6501574
          4144    697.757176
          4145   697.8641883
          4146   697.9711943
          4147   698.0781942
          4148   698.1851877
          4149   698.2921751
          4150   698.3991562
          4151   698.5061307
          4152   698.6130989
          4153   698.7200609
          4154   698.8270167
          4155   698.9339663
          4156   699.0409096
          4157   699.1478468
          4158   699.2547777
          4159   699.3617023
          4160   699.4686208
          4161   699.5755331
          4162   699.6824391
          4163    699.789339
          4164   699.8962327
          4165   700.0031199
          4166   700.1100008
          4167   700.2168755
          4168    700.323744
          4169   700.4306063
          4170   700.5374625
          4171   700.6443124
          4172   700.7511562
          4173   700.8579938
          4174   700.9648252
          4175   701.0716504
          4176   701.1784695
          4177   701.2852824
          4178   701.3920891
          4179   701.4988897
          4180   701.6056838
          4181   701.7124717
          4182   701.8192535
          4183   701.9260291
          4184   702.0327985
          4185   702.1395618
          4186    702.246319
          4187     702.35307
          4188   702.4598148
          4189   702.5665536
          4190   702.6732862
          4191   702.7800127
          4192    702.886733
          4193   702.9934472
          4194   703.1001553
          4195    703.206857
          4196   703.3135525
          4197   703.4202418
          4198   703.5269251
          4199   703.6336023
          4200   703.7402734
          4201   703.8469383
          4202   703.9535972
          4203   704.0602499
          4204   704.1668966
          4205   704.2735372
          4206   704.3801716
          4207      704.4868
          4208   704.5934223
          4209   704.7000385
          4210   704.8066483
          4211    704.913252
          4212   705.0198496
          4213   705.1264412
          4214   705.2330267
          4215   705.3396061
          4216   705.4461794
          4217   705.5527467
          4218    705.659308
          4219   705.7658631
          4220   705.8724122
          4221   705.9789553
          4222   706.0854923
          4223   706.1920233
          4224   706.2985482
          4225   706.4050668
          4226   706.5115793
          4227   706.6180857
          4228   706.7245862
          4229   706.8310806
          4230   706.9375689
          4231   707.0440512
          4232   707.1505275
          4233   707.2569978
          4234   707.3634621
          4235   707.4699203
          4236   707.5763726
          4237   707.6828188
          4238    707.789259
          4239   707.8956932
          4240   708.0021213
          4241   708.1085431
          4242    708.214959
          4243   708.3213688
          4244   708.4277727
          4245   708.5341706
          4246   708.6405625
          4247   708.7469484
          4248   708.8533283
          4249   708.9597022
          4250   709.0660702
          4251   709.1724321
          4252   709.2787882
          4253   709.3851382
          4254   709.4914822
          4255   709.5978203
          4256   709.7041523
          4257   709.8104781
          4258    709.916798
          4259   710.0231119
          4260   710.1294199
          4261   710.2357219
          4262   710.3420179
          4263   710.4483081
          4264   710.5545922
          4265   710.6608705
          4266   710.7671428
          4267   710.8734091
          4268   710.9796695
          4269    711.085924
          4270   711.1921726
          4271   711.2984152
          4272   711.4046517
          4273   711.5108822
          4274   711.6171067
          4275   711.7233253
          4276   711.8295381
          4277   711.9357449
          4278   712.0419458
          4279   712.1481407
          4280   712.2543298
          4281    712.360513
          4282   712.4666903
          4283   712.5728617
          4284   712.6790272
          4285   712.7851868
          4286   712.8913405
          4287   712.9974883
          4288     713.10363
          4289   713.2097658
          4290   713.3158956
          4291   713.4220196
          4292   713.5281377
          4293   713.6342499
          4294   713.7403563
          4295   713.8464568
          4296   713.9525514
          4297   714.0586402
          4298   714.1647231
          4299   714.2708001
          4300   714.3768713
          4301   714.4829366
          4302   714.5889961
          4303   714.6950498
          4304   714.8010975
          4305   714.9071391
          4306   715.0131749
          4307   715.1192049
          4308    715.225229
          4309   715.3312473
          4310   715.4372598
          4311   715.5432664
          4312   715.6492672
          4313   715.7552622
          4314   715.8612513
          4315   715.9672347
          4316   716.0732122
          4317   716.1791839
          4318   716.2851498
          4319   716.3911099
          4320   716.4970642
          4321   716.6030125
          4322   716.7089549
          4323   716.8148914
          4324   716.9208222
          4325   717.0267472
          4326   717.1326664
          4327   717.2385798
          4328   717.3444874
          4329   717.4503892
          4330   717.5562852
          4331   717.6621755
          4332     717.76806
          4333   717.8739387
          4334   717.9798116
          4335   718.0856788
          4336   718.1915402
          4337   718.2973958
          4338   718.4032455
          4339   718.5090893
          4340   718.6149273
          4341   718.7207596
          4342   718.8265862
          4343   718.9324069
          4344    719.038222
          4345   719.1440312
          4346   719.2498348
          4347   719.3556326
          4348   719.4614246
          4349    719.567211
          4350   719.6729915
          4351   719.7787664
          4352   719.8845355
          4353   719.9902989
          4354   720.0960566
          4355   720.2018084
          4356   720.3075544
          4357   720.4132946
          4358   720.5190291
          4359   720.6247578
          4360   720.7304809
          4361   720.8361983
          4362   720.9419099
          4363   721.0476159
          4364   721.1533161
          4365   721.2590106
          4366   721.3646995
          4367   721.4703827
          4368   721.5760601
          4369   721.6817319
          4370    721.787398
          4371   721.8930584
          4372   721.9987131
          4373   722.1043619
          4374   722.2100049
          4375   722.3156423
          4376    722.421274
          4377   722.5269001
          4378   722.6325205
          4379   722.7381352
          4380   722.8437442
          4381   722.9493476
          4382   723.0549453
          4383   723.1605374
          4384   723.2661238
          4385   723.3717045
          4386   723.4772796
          4387   723.5828491
          4388   723.6884129
          4389    723.793971
          4390   723.8995236
          4391   724.0050702
          4392   724.1106111
          4393   724.2161465
          4394   724.3216762
          4395   724.4272002
          4396   724.5327187
          4397   724.6382315
          4398   724.7437387
          4399   724.8492402
          4400   724.9547362
          4401   725.0602265
          4402   725.1657112
          4403   725.2711903
          4404   725.3766638
          4405   725.4821317
          4406    725.587594
          4407   725.6930507
          4408   725.7985018
          4409   725.9039471
          4410   726.0093867
          4411   726.1148207
          4412   726.2202491
          4413    726.325672
          4414   726.4310892
          4415   726.5365009
          4416    726.641907
          4417   726.7473075
          4418   726.8527024
          4419   726.9580918
          4420   727.0634755
          4421   727.1688537
          4422   727.2742264
          4423   727.3795935
          4424    727.484955
          4425   727.5903109
          4426   727.6956613
          4427   727.8010061
          4428   727.9063451
          4429   728.0116786
          4430   728.1170065
          4431   728.2223288
          4432   728.3276456
          4433   728.4329569
          4434   728.5382626
          4435   728.6435628
          4436   728.7488575
          4437   728.8541466
          4438   728.9594302
          4439   729.0647082
          4440   729.1699808
          4441   729.2752478
          4442   729.3805093
          4443   729.4857652
          4444   729.5910156
          4445   729.6962606
          4446   729.8014999
          4447   729.9067335
          4448   730.0119617
          4449   730.1171843
          4450   730.2224014
          4451    730.327613
          4452   730.4328191
          4453   730.5380197
          4454   730.6432148
          4455   730.7484044
          4456   730.8535885
          4457   730.9587672
          4458   731.0639403
          4459    731.169108
          4460   731.2742702
          4461   731.3794269
          4462   731.4845781
          4463   731.5897238
          4464   731.6948641
          4465   731.7999989
          4466   731.9051279
          4467   732.0102515
          4468   732.1153697
          4469   732.2204823
          4470   732.3255895
          4471   732.4306913
          4472   732.5357876
          4473   732.6408784
          4474   732.7459638
          4475   732.8510438
          4476   732.9561182
          4477   733.0611873
          4478   733.1662509
          4479    733.271309
          4480   733.3763618
          4481    733.481409
          4482   733.5864509
          4483   733.6914873
          4484   733.7965183
          4485   733.9015437
          4486   734.0065636
          4487   734.1115781
          4488   734.2165871
          4489   734.3215907
          4490   734.4265889
          4491   734.5315817
          4492   734.6365691
          4493    734.741551
          4494   734.8465276
          4495   734.9514987
          4496   735.0564645
          4497   735.1614248
          4498   735.2663797
          4499   735.3713293
          4500   735.4762734
          4501   735.5812121
          4502   735.6861455
          4503   735.7910735
          4504    735.895996
          4505   736.0009132
          4506   736.1058248
          4507   736.2107309
          4508   736.3156318
          4509   736.4205272
          4510   736.5254172
          4511   736.6303019
          4512   736.7351812
          4513   736.8400552
          4514   736.9449238
          4515    737.049787
          4516   737.1546449
          4517   737.2594974
          4518   737.3643445
          4519   737.4691863
          4520   737.5740227
          4521   737.6788538
          4522   737.7836795
          4523   737.8884999
          4524    737.993315
          4525   738.0981247
          4526   738.2029289
          4527   738.3077277
          4528   738.4125211
          4529   738.5173093
          4530    738.622092
          4531   738.7268695
          4532   738.8316416
          4533   738.9364084
          4534   739.0411699
          4535   739.1459261
          4536   739.2506769
          4537   739.3554225
          4538   739.4601627
          4539   739.5648976
          4540   739.6696272
          4541   739.7743514
          4542   739.8790704
          4543   739.9837841
          4544   740.0884925
          4545   740.1931955
          4546   740.2978933
          4547   740.4025857
          4548   740.5072726
          4549   740.6119543
          4550   740.7166306
          4551   740.8213017
          4552   740.9259675
          4553   741.0306281
          4554   741.1352833
          4555   741.2399333
          4556   741.3445779
          4557   741.4492173
          4558   741.5538515
          4559   741.6584804
          4560   741.7631039
          4561   741.8677223
          4562   741.9723353
          4563   742.0769431
          4564   742.1815457
          4565    742.286143
          4566    742.390735
          4567   742.4953218
          4568   742.5999033
          4569   742.7044794
          4570   742.8090502
          4571   742.9136157
          4572   743.0181761
          4573   743.1227311
          4574    743.227281
          4575   743.3318256
          4576   743.4363649
          4577   743.5408991
          4578    743.645428
          4579   743.7499516
          4580   743.8544701
          4581   743.9589833
          4582   744.0634913
          4583   744.1679941
          4584   744.2724917
          4585    744.376984
          4586   744.4814711
          4587    744.585953
          4588   744.6904297
          4589   744.7949012
          4590   744.8993675
          4591   745.0038284
          4592   745.1082841
          4593   745.2127346
          4594   745.3171798
          4595   745.4216199
          4596   745.5260548
          4597   745.6304845
          4598    745.734909
          4599   745.8393283
          4600   745.9437424
          4601   746.0481514
          4602   746.1525551
          4603   746.2569537
          4604   746.3613471
          4605   746.4657354
          4606   746.5701184
          4607   746.6744963
          4608    746.778869
          4609   746.8832366
          4610   746.9875989
          4611   747.0919562
          4612   747.1963082
          4613   747.3006551
          4614   747.4049966
          4615    747.509333
          4616   747.6136642
          4617   747.7179903
          4618   747.8223112
          4619    747.926627
          4620   748.0309376
          4621   748.1352431
          4622   748.2395435
          4623   748.3438387
          4624   748.4481287
          4625   748.5524137
          4626   748.6566935
          4627   748.7609681
          4628   748.8652377
          4629   748.9695021
          4630   749.0737614
          4631   749.1780156
          4632   749.2822646
          4633   749.3865085
          4634   749.4907473
          4635    749.594981
          4636   749.6992096
          4637   749.8034329
          4638   749.9076511
          4639   750.0118641
          4640   750.1160721
          4641   750.2202749
          4642   750.3244727
          4643   750.4286653
          4644   750.5328529
          4645   750.6370353
          4646   750.7412127
          4647   750.8453849
          4648   750.9495521
          4649   751.0537142
          4650   751.1578712
          4651   751.2620231
          4652     751.36617
          4653   751.4703117
          4654   751.5744484
          4655     751.67858
          4656   751.7827066
          4657    751.886828
          4658   751.9909444
          4659   752.0950558
          4660    752.199162
          4661   752.3032631
          4662    752.407359
          4663   752.5114499
          4664   752.6155357
          4665   752.7196165
          4666   752.8236922
          4667   752.9277629
          4668   753.0318285
          4669   753.1358891
          4670   753.2399446
          4671   753.3439951
          4672   753.4480405
          4673   753.5520809
          4674   753.6561163
          4675   753.7601466
          4676   753.8641719
          4677   753.9681921
          4678   754.0722074
          4679   754.1762176
          4680   754.2802227
          4681   754.3842229
          4682    754.488218
          4683   754.5922081
          4684   754.6961932
          4685   754.8001732
          4686   754.9041481
          4687    755.008118
          4688   755.1120828
          4689   755.2160427
          4690   755.3199975
          4691   755.4239473
          4692   755.5278921
          4693    755.631832
          4694   755.7357668
          4695   755.8396966
          4696   755.9436214
          4697   756.0475413
          4698   756.1514561
          4699    756.255366
          4700   756.3592708
          4701   756.4631707
          4702   756.5670656
          4703   756.6709555
          4704   756.7748405
          4705   756.8787204
          4706   756.9825954
          4707   757.0864654
          4708   757.1903305
          4709   757.2941905
          4710   757.3980456
          4711   757.5018957
          4712   757.6057407
          4713   757.7095807
          4714   757.8134158
          4715   757.9172459
          4716    758.021071
          4717   758.1248912
          4718   758.2287064
          4719   758.3325167
          4720   758.4363221
          4721   758.5401225
          4722   758.6439179
          4723   758.7477084
          4724    758.851494
          4725   758.9552746
          4726   759.0590503
          4727   759.1628211
          4728   759.2665869
          4729   759.3703478
          4730   759.4741037
          4731   759.5778547
          4732   759.6816008
          4733    759.785342
          4734   759.8890783
          4735   759.9928096
          4736    760.096536
          4737   760.2002575
          4738   760.3039739
          4739   760.4076854
          4740    760.511392
          4741   760.6150936
          4742   760.7187904
          4743   760.8224823
          4744   760.9261692
          4745   761.0298513
          4746   761.1335284
          4747   761.2372007
          4748   761.3408681
          4749   761.4445305
          4750   761.5481881
          4751   761.6518408
          4752   761.7554886
          4753   761.8591315
          4754   761.9627695
          4755   762.0664027
          4756   762.1700309
          4757   762.2736543
          4758   762.3772728
          4759   762.4808864
          4760   762.5844952
          4761    762.688099
          4762   762.7916981
          4763   762.8952922
          4764   762.9988815
          4765   763.1024658
          4766   763.2060451
          4767   763.3096197
          4768   763.4131893
          4769   763.5167541
          4770   763.6203141
          4771   763.7238692
          4772   763.8274194
          4773   763.9309648
          4774   764.0345054
          4775   764.1380411
          4776   764.2415719
          4777   764.3450979
          4778   764.4486191
          4779   764.5521355
          4780    764.655647
          4781   764.7591536
          4782   764.8626555
          4783   764.9661525
          4784   765.0696446
          4785    765.173132
          4786   765.2766145
          4787   765.3800922
          4788    765.483565
          4789   765.5870331
          4790   765.6904963
          4791   765.7939547
          4792   765.8974083
          4793   766.0008571
          4794   766.1043009
          4795   766.2077399
          4796   766.3111741
          4797   766.4146035
          4798   766.5180281
          4799   766.6214479
          4800   766.7248629
          4801   766.8282731
          4802   766.9316785
          4803   767.0350791
          4804   767.1384749
          4805   767.2418659
          4806   767.3452521
          4807   767.4486336
          4808   767.5520102
          4809   767.6553821
          4810   767.7587492
          4811   767.8621115
          4812    767.965469
          4813   768.0688218
          4814   768.1721698
          4815    768.275513
          4816   768.3788514
          4817   768.4821851
          4818    768.585514
          4819   768.6888381
          4820   768.7921575
          4821   768.8954721
          4822   768.9987819
          4823   769.1020869
          4824   769.2053871
          4825   769.3086825
          4826   769.4119732
          4827   769.5152591
          4828   769.6185403
          4829   769.7218167
          4830   769.8250884
          4831   769.9283553
          4832   770.0316175
          4833   770.1348749
          4834   770.2381277
          4835   770.3413756
          4836   770.4446189
          4837   770.5478574
          4838   770.6510911
          4839   770.7543202
          4840   770.8575445
          4841   770.9607641
          4842    771.063979
          4843   771.1671891
          4844   771.2703945
          4845   771.3735952
          4846   771.4767912
          4847   771.5799825
          4848    771.683169
          4849   771.7863509
          4850    771.889528
          4851   771.9927004
          4852   772.0958681
          4853   772.1990311
          4854   772.3021894
          4855   772.4053428
          4856   772.5084916
          4857   772.6116357
          4858    772.714775
          4859   772.8179097
          4860   772.9210397
          4861    773.024165
          4862   773.1272856
          4863   773.2304015
          4864   773.3335127
          4865   773.4366193
          4866   773.5397211
          4867   773.6428183
          4868   773.7459108
          4869   773.8489987
          4870   773.9520818
          4871   774.0551603
          4872   774.1582341
          4873   774.2613032
          4874   774.3643677
          4875   774.4674275
          4876   774.5704827
          4877   774.6735331
          4878   774.7765789
          4879   774.8796201
          4880   774.9826566
          4881   775.0856884
          4882   775.1887156
          4883   775.2917382
          4884    775.394756
          4885   775.4977693
          4886   775.6007778
          4887   775.7037816
          4888   775.8067808
          4889   775.9097753
          4890   776.0127652
          4891   776.1157505
          4892   776.2187311
          4893    776.321707
          4894   776.4246784
          4895   776.5276451
          4896   776.6306072
          4897   776.7335646
          4898   776.8365174
          4899   776.9394656
          4900   777.0424092
          4901   777.1453482
          4902   777.2482825
          4903   777.3512122
          4904   777.4541373
          4905   777.5570578
          4906   777.6599737
          4907   777.7628849
          4908   777.8657916
          4909   777.9686936
          4910   778.0715911
          4911   778.1744839
          4912   778.2773721
          4913   778.3802558
          4914   778.4831348
          4915   778.5860092
          4916   778.6888791
          4917   778.7917443
          4918    778.894605
          4919    778.997461
          4920   779.1003125
          4921   779.2031593
          4922   779.3060015
          4923    779.408839
          4924   779.5116721
          4925   779.6145005
          4926   779.7173243
          4927   779.8201436
          4928   779.9229583
          4929   780.0257685
          4930    780.128574
          4931    780.231375
          4932   780.3341714
          4933   780.4369633
          4934   780.5397506
          4935   780.6425333
          4936   780.7453114
          4937    780.848085
          4938   780.9508541
          4939   781.0536186
          4940   781.1563785
          4941   781.2591339
          4942   781.3618847
          4943    781.464631
          4944   781.5673727
          4945   781.6701099
          4946   781.7728425
          4947   781.8755706
          4948   781.9782942
          4949   782.0810132
          4950   782.1837277
          4951   782.2864376
          4952    782.389143
          4953   782.4918439
          4954   782.5945402
          4955    782.697232
          4956   782.7999193
          4957    782.902602
          4958   783.0052801
          4959   783.1079537
          4960   783.2106228
          4961   783.3132873
          4962   783.4159473
          4963   783.5186029
          4964   783.6212539
          4965   783.7239004
          4966   783.8265423
          4967   783.9291798
          4968   784.0318128
          4969   784.1344412
          4970   784.2370652
          4971   784.3396846
          4972   784.4422996
          4973     784.54491
          4974    784.647516
          4975   784.7501174
          4976   784.8527144
          4977   784.9553068
          4978   785.0578948
          4979   785.1604783
          4980   785.2630573
          4981   785.3656318
          4982   785.4682018
          4983   785.5707674
          4984   785.6733284
          4985    785.775885
          4986   785.8784371
          4987   785.9809847
          4988   786.0835279
          4989   786.1860666
          4990   786.2886008
          4991   786.3911305
          4992   786.4936558
          4993   786.5961766
          4994   786.6986929
          4995   786.8012047
          4996    786.903712
          4997   787.0062149
          4998   787.1087132
          4999   787.2112072
          5000   787.3136966
          5001   787.4161817
          5002   787.5186622
          5003   787.6211383
          5004     787.72361
          5005   787.8260772
          5006     787.92854
          5007   788.0309983
          5008   788.1334522
          5009   788.2359017
          5010   788.3383467
          5011   788.4407872
          5012   788.5432234
          5013   788.6456551
          5014   788.7480823
          5015   788.8505052
          5016   788.9529236
          5017   789.0553376
          5018   789.1577471
          5019   789.2601523
          5020    789.362553
          5021   789.4649493
          5022   789.5673411
          5023   789.6697286
          5024   789.7721116
          5025   789.8744902
          5026   789.9768644
          5027   790.0792342
          5028   790.1815996
          5029   790.2839606
          5030   790.3863171
          5031   790.4886693
          5032   790.5910171
          5033   790.6933604
          5034   790.7956994
          5035   790.8980339
          5036   791.0003641
          5037   791.1026898
          5038    791.205011
          5039   791.3073279
          5040   791.4096404
          5041   791.5119485
          5042   791.6142522
          5043   791.7165515
          5044   791.8188465
          5045   791.9211371
          5046   792.0234232
          5047    792.125705
          5048   792.2279825
          5049   792.3302555
          5050   792.4325242
          5051   792.5347885
          5052   792.6370484
          5053    792.739304
          5054   792.8415552
          5055    792.943802
          5056   793.0460444
          5057   793.1482825
          5058   793.2505163
          5059   793.3527456
          5060   793.4549707
          5061   793.5571913
          5062   793.6594076
          5063   793.7616196
          5064   793.8638271
          5065   793.9660304
          5066   794.0682293
          5067   794.1704238
          5068    794.272614
          5069   794.3747999
          5070   794.4769814
          5071   794.5791586
          5072   794.6813314
          5073   794.7834999
          5074    794.885664
          5075   794.9878239
          5076   795.0899793
          5077   795.1921305
          5078   795.2942773
          5079   795.3964198
          5080    795.498558
          5081   795.6006918
          5082   795.7028212
          5083   795.8049463
          5084   795.9070671
          5085   796.0091836
          5086   796.1112957
          5087   796.2134035
          5088   796.3155071
          5089   796.4176063
          5090   796.5197012
          5091   796.6217917
          5092    796.723878
          5093     796.82596
          5094   796.9280376
          5095    797.030111
          5096     797.13218
          5097   797.2342448
          5098   797.3363052
          5099   797.4383614
          5100   797.5404133
          5101   797.6424608
          5102   797.7445041
          5103   797.8465431
          5104   797.9485778
          5105   798.0506082
          5106   798.1526343
          5107   798.2546561
          5108   798.3566736
          5109   798.4586869
          5110   798.5606959
          5111   798.6627006
          5112    798.764701
          5113   798.8666972
          5114    798.968689
          5115   799.0706766
          5116     799.17266
          5117    799.274639
          5118   799.3766138
          5119   799.4785843
          5120   799.5805506
          5121   799.6825126
          5122   799.7844703
          5123   799.8864238
          5124    799.988373
          5125   800.0903179
          5126   800.1922586
          5127   800.2941951
          5128   800.3961273
          5129   800.4980552
          5130   800.5999789
          5131   800.7018982
          5132   800.8038134
          5133   800.9057242
          5134   801.0076308
          5135   801.1095332
          5136   801.2114314
          5137   801.3133253
          5138   801.4152149
          5139   801.5171003
          5140   801.6189815
          5141   801.7208585
          5142   801.8227312
          5143   801.9245997
          5144    802.026464
          5145    802.128324
          5146   802.2301798
          5147   802.3320314
          5148   802.4338788
          5149   802.5357219
          5150   802.6375608
          5151   802.7393956
          5152    802.841226
          5153   802.9430523
          5154   803.0448744
          5155   803.1466922
          5156   803.2485059
          5157   803.3503153
          5158   803.4521205
          5159   803.5539215
          5160   803.6557183
          5161   803.7575109
          5162   803.8592993
          5163   803.9610835
          5164   804.0628635
          5165   804.1646393
          5166    804.266411
          5167   804.3681784
          5168   804.4699416
          5169   804.5717006
          5170   804.6734555
          5171   804.7752061
          5172   804.8769526
          5173   804.9786949
          5174    805.080433
          5175   805.1821669
          5176   805.2838966
          5177   805.3856222
          5178   805.4873436
          5179   805.5890608
          5180   805.6907738
          5181   805.7924826
          5182   805.8941873
          5183   805.9958878
          5184   806.0975842
          5185   806.1992763
          5186   806.3009643
          5187   806.4026481
          5188   806.5043277
          5189   806.6060031
          5190   806.7076744
          5191   806.8093416
          5192   806.9110045
          5193   807.0126634
          5194    807.114318
          5195   807.2159685
          5196   807.3176149
          5197   807.4192571
          5198   807.5208952
          5199   807.6225291
          5200   807.7241589
          5201   807.8257845
          5202    807.927406
          5203   808.0290233
          5204   808.1306365
          5205   808.2322456
          5206   808.3338505
          5207   808.4354513
          5208    808.537048
          5209   808.6386405
          5210   808.7402289
          5211   808.8418132
          5212   808.9433933
          5213   809.0449693
          5214   809.1465412
          5215    809.248109
          5216   809.3496726
          5217   809.4512321
          5218   809.5527875
          5219   809.6543388
          5220    809.755886
          5221    809.857429
          5222    809.958968
          5223   810.0605028
          5224   810.1620335
          5225   810.2635602
          5226   810.3650827
          5227   810.4666011
          5228   810.5681153
          5229   810.6696255
          5230   810.7711316
          5231   810.8726336
          5232   810.9741315
          5233   811.0756253
          5234    811.177115
          5235   811.2786006
          5236   811.3800821
          5237   811.4815595
          5238   811.5830329
          5239   811.6845021
          5240   811.7859672
          5241   811.8874283
          5242   811.9888853
          5243   812.0903382
          5244    812.191787
          5245   812.2932317
          5246   812.3946724
          5247    812.496109
          5248   812.5975415
          5249   812.6989699
          5250   812.8003943
          5251   812.9018145
          5252   813.0032306
          5253   813.1046427
          5254   813.2060508
          5255   813.3074547
          5256   813.4088546
          5257   813.5102504
          5258   813.6116422
          5259   813.7130299
          5260   813.8144136
          5261   813.9157932
          5262   814.0171687
          5263   814.1185402
          5264   814.2199076
          5265    814.321271
          5266   814.4226303
          5267   814.5239856
          5268   814.6253369
          5269   814.7266841
          5270   814.8280272
          5271   814.9293663
          5272   815.0307014
          5273   815.1320324
          5274   815.2333594
          5275   815.3346823
          5276   815.4360012
          5277   815.5373161
          5278   815.6386269
          5279   815.7399337
          5280   815.8412365
          5281   815.9425353
          5282     816.04383
          5283   816.1451207
          5284   816.2464074
          5285     816.34769
          5286   816.4489687
          5287   816.5502433
          5288   816.6515139
          5289   816.7527804
          5290    816.854043
          5291   816.9553015
          5292   817.0565561
          5293   817.1578066
          5294   817.2590531
          5295   817.3602956
          5296   817.4615341
          5297   817.5627685
          5298    817.663999
          5299   817.7652255
          5300    817.866448
          5301   817.9676664
          5302   818.0688809
          5303   818.1700914
          5304   818.2712979
          5305   818.3725003
          5306   818.4736988
          5307   818.5748933
          5308   818.6760838
          5309   818.7772703
          5310   818.8784529
          5311   818.9796314
          5312    819.080806
          5313   819.1819765
          5314   819.2831431
          5315   819.3843057
          5316   819.4854644
          5317    819.586619
          5318   819.6877697
          5319   819.7889164
          5320   819.8900591
          5321   819.9911978
          5322   820.0923326
          5323   820.1934634
          5324   820.2945902
          5325   820.3957131
          5326    820.496832
          5327    820.597947
          5328   820.6990579
          5329   820.8001649
          5330   820.9012679
          5331    821.002367
          5332   821.1034621
          5333   821.2045532
          5334   821.3056404
          5335   821.4067236
          5336   821.5078029
          5337   821.6088782
          5338   821.7099496
          5339    821.811017
          5340   821.9120805
          5341   822.0131401
          5342   822.1141956
          5343   822.2152473
          5344    822.316295
          5345   822.4173388
          5346   822.5183786
          5347   822.6194145
          5348   822.7204464
          5349   822.8214745
          5350   822.9224985
          5351   823.0235187
          5352   823.1245349
          5353   823.2255472
          5354   823.3265556
          5355     823.42756
          5356   823.5285606
          5357   823.6295571
          5358   823.7305498
          5359   823.8315386
          5360   823.9325234
          5361   824.0335043
          5362   824.1344813
          5363   824.2354544
          5364   824.3364235
          5365   824.4373888
          5366   824.5383501
          5367   824.6393076
          5368   824.7402611
          5369   824.8412107
          5370   824.9421564
          5371   825.0430982
          5372   825.1440361
          5373   825.2449701
          5374   825.3459002
          5375   825.4468264
          5376   825.5477487
          5377   825.6486671
          5378   825.7495816
          5379   825.8504923
          5380    825.951399
          5381   826.0523018
          5382   826.1532007
          5383   826.2540958
          5384    826.354987
          5385   826.4558742
          5386   826.5567576
          5387   826.6576371
          5388   826.7585128
          5389   826.8593845
          5390   826.9602524
          5391   827.0611164
          5392   827.1619765
          5393   827.2628327
          5394   827.3636851
          5395   827.4645336
          5396   827.5653782
          5397    827.666219
          5398   827.7670559
          5399   827.8678889
          5400    827.968718
          5401   828.0695433
          5402   828.1703647
          5403   828.2711823
          5404    828.371996
          5405   828.4728058
          5406   828.5736118
          5407   828.6744139
          5408   828.7752122
          5409   828.8760066
          5410   828.9767972
          5411   829.0775839
          5412   829.1783667
          5413   829.2791458
          5414   829.3799209
          5415   829.4806922
          5416   829.5814597
          5417   829.6822233
          5418   829.7829831
          5419   829.8837391
          5420   829.9844912
          5421   830.0852395
          5422   830.1859839
          5423   830.2867245
          5424   830.3874612
          5425   830.4881942
          5426   830.5889233
          5427   830.6896485
          5428     830.79037
          5429   830.8910876
          5430   830.9918014
          5431   831.0925113
          5432   831.1932175
          5433   831.2939198
          5434   831.3946183
          5435   831.4953129
          5436   831.5960038
          5437   831.6966908
          5438    831.797374
          5439   831.8980534
          5440    831.998729
          5441   832.0994008
          5442   832.2000688
          5443   832.3007329
          5444   832.4013932
          5445   832.5020497
          5446   832.6027025
          5447   832.7033514
          5448   832.8039965
          5449   832.9046378
          5450   833.0052753
          5451    833.105909
          5452   833.2065389
          5453    833.307165
          5454   833.4077873
          5455   833.5084058
          5456   833.6090206
          5457   833.7096315
          5458   833.8102386
          5459    833.910842
          5460   834.0114416
          5461   834.1120374
          5462   834.2126294
          5463   834.3132176
          5464    834.413802
          5465   834.5143827
          5466   834.6149595
          5467   834.7155326
          5468   834.8161019
          5469   834.9166675
          5470   835.0172292
          5471   835.1177872
          5472   835.2183415
          5473   835.3188919
          5474   835.4194386
          5475   835.5199815
          5476   835.6205207
          5477    835.721056
          5478   835.8215876
          5479   835.9221155
          5480   836.0226396
          5481   836.1231599
          5482   836.2236765
          5483   836.3241893
          5484   836.4246984
          5485   836.5252037
          5486   836.6257052
          5487    836.726203
          5488    836.826697
          5489   836.9271873
          5490   837.0276739
          5491   837.1281567
          5492   837.2286357
          5493    837.329111
          5494   837.4295826
          5495   837.5300504
          5496   837.6305145
          5497   837.7309748
          5498   837.8314314
          5499   837.9318843
          5500   838.0323334
          5501   838.1327788
          5502   838.2332204
          5503   838.3336584
          5504   838.4340925
          5505    838.534523
          5506   838.6349497
          5507   838.7353727
          5508    838.835792
          5509   838.9362076
          5510   839.0366194
          5511   839.1370275
          5512   839.2374319
          5513   839.3378325
          5514   839.4382295
          5515   839.5386227
          5516   839.6390122
          5517    839.739398
          5518   839.8397801
          5519   839.9401585
          5520   840.0405331
          5521   840.1409041
          5522   840.2412713
          5523   840.3416348
          5524   840.4419947
          5525   840.5423508
          5526   840.6427032
          5527   840.7430519
          5528   840.8433969
          5529   840.9437382
          5530   841.0440759
          5531   841.1444098
          5532     841.24474
          5533   841.3450665
          5534   841.4453893
          5535   841.5457085
          5536   841.6460239
          5537   841.7463357
          5538   841.8466437
          5539   841.9469481
          5540   842.0472488
          5541   842.1475458
          5542   842.2478392
          5543   842.3481288
          5544   842.4484148
          5545    842.548697
          5546   842.6489756
          5547   842.7492506
          5548   842.8495218
          5549   842.9497894
          5550   843.0500533
          5551   843.1503135
          5552   843.2505701
          5553   843.3508229
          5554   843.4510721
          5555   843.5513177
          5556   843.6515596
          5557   843.7517978
          5558   843.8520323
          5559   843.9522632
          5560   844.0524904
          5561    844.152714
          5562   844.2529339
          5563   844.3531502
          5564   844.4533627
          5565   844.5535717
          5566    844.653777
          5567   844.7539786
          5568   844.8541766
          5569   844.9543709
          5570   845.0545616
          5571   845.1547486
          5572    845.254932
          5573   845.3551117
          5574   845.4552878
          5575   845.5554602
          5576    845.655629
          5577   845.7557942
          5578   845.8559557
          5579   845.9561136
          5580   846.0562678
          5581   846.1564185
          5582   846.2565654
          5583   846.3567088
          5584   846.4568485
          5585   846.5569846
          5586    846.657117
          5587   846.7572458
          5588    846.857371
          5589   846.9574926
          5590   847.0576105
          5591   847.1577248
          5592   847.2578355
          5593   847.3579426
          5594    847.458046
          5595   847.5581459
          5596   847.6582421
          5597   847.7583347
          5598   847.8584237
          5599    847.958509
          5600   848.0585908
          5601   848.1586689
          5602   848.2587434
          5603   848.3588144
          5604   848.4588817
          5605   848.5589454
          5606   848.6590055
          5607    848.759062
          5608   848.8591149
          5609   848.9591642
          5610   849.0592098
          5611   849.1592519
          5612   849.2592904
          5613   849.3593253
          5614   849.4593566
          5615   849.5593843
          5616   849.6594084
          5617   849.7594289
          5618   849.8594458
          5619   849.9594592
          5620   850.0594689
          5621   850.1594751
          5622   850.2594776
          5623   850.3594766
          5624    850.459472
          5625   850.5594638
          5626   850.6594521
          5627   850.7594367
          5628   850.8594178
          5629   850.9593953
          5630   851.0593692
          5631   851.1593395
          5632   851.2593063
          5633   851.3592695
          5634   851.4592291
          5635   851.5591851
          5636   851.6591376
          5637   851.7590865
          5638   851.8590319
          5639   851.9589736
          5640   852.0589118
          5641   852.1588465
          5642   852.2587775
          5643   852.3587051
          5644    852.458629
          5645   852.5585494
          5646   852.6584663
          5647   852.7583795
          5648   852.8582893
          5649   852.9581954
          5650    853.058098
          5651   853.1579971
          5652   853.2578926
          5653   853.3577846
          5654    853.457673
          5655   853.5575579
          5656   853.6574392
          5657   853.7573169
          5658   853.8571912
          5659   853.9570619
          5660    854.056929
          5661   854.1567926
          5662   854.2566527
          5663   854.3565092
          5664   854.4563622
          5665   854.5562116
          5666   854.6560575
          5667   854.7558999
          5668   854.8557388
          5669   854.9555741
          5670   855.0554059
          5671   855.1552341
          5672   855.2550589
          5673   855.3548801
          5674   855.4546977
          5675   855.5545119
          5676   855.6543225
          5677   855.7541296
          5678   855.8539332
          5679   855.9537333
          5680   856.0535298
          5681   856.1533229
          5682   856.2531124
          5683   856.3528984
          5684   856.4526809
          5685   856.5524598
          5686   856.6522353
          5687   856.7520072
          5688   856.8517757
          5689   856.9515406
          5690    857.051302
          5691   857.1510599
          5692   857.2508143
          5693   857.3505653
          5694   857.4503127
          5695   857.5500566
          5696    857.649797
          5697   857.7495339
          5698   857.8492673
          5699   857.9489972
          5700   858.0487236
          5701   858.1484465
          5702    858.248166
          5703   858.3478819
          5704   858.4475943
          5705   858.5473033
          5706   858.6470087
          5707   858.7467107
          5708   858.8464092
          5709   858.9461042
          5710   859.0457957
          5711   859.1454838
          5712   859.2451683
          5713   859.3448494
          5714    859.444527
          5715   859.5442011
          5716   859.6438718
          5717   859.7435389
          5718   859.8432026
          5719   859.9428628
          5720   860.0425196
          5721   860.1421728
          5722   860.2418226
          5723    860.341469
          5724   860.4411118
          5725   860.5407512
          5726   860.6403871
          5727   860.7400196
          5728   860.8396486
          5729   860.9392741
          5730   861.0388962
          5731   861.1385148
          5732     861.23813
          5733   861.3377417
          5734   861.4373499
          5735   861.5369547
          5736    861.636556
          5737   861.7361539
          5738   861.8357483
          5739   861.9353393
          5740   862.0349268
          5741   862.1345109
          5742   862.2340915
          5743   862.3336687
          5744   862.4332424
          5745   862.5328127
          5746   862.6323795
          5747   862.7319429
          5748   862.8315029
          5749   862.9310594
          5750   863.0306125
          5751   863.1301621
          5752   863.2297083
          5753   863.3292511
          5754   863.4287904
          5755   863.5283264
          5756   863.6278588
          5757   863.7273879
          5758   863.8269135
          5759   863.9264356
          5760   864.0259544
          5761   864.1254697
          5762   864.2249816
          5763   864.3244901
          5764   864.4239951
          5765   864.5234968
          5766    864.622995
          5767   864.7224898
          5768   864.8219811
          5769   864.9214691
          5770   865.0209536
          5771   865.1204347
          5772   865.2199124
          5773   865.3193867
          5774   865.4188576
          5775   865.5183251
          5776   865.6177891
          5777   865.7172498
          5778    865.816707
          5779   865.9161609
          5780   866.0156113
          5781   866.1150583
          5782   866.2145019
          5783   866.3139421
          5784    866.413379
          5785   866.5128124
          5786   866.6122424
          5787    866.711669
          5788   866.8110922
          5789   866.9105121
          5790   867.0099285
          5791   867.1093415
          5792   867.2087512
          5793   867.3081574
          5794   867.4075603
          5795   867.5069598
          5796   867.6063559
          5797   867.7057486
          5798   867.8051379
          5799   867.9045238
          5800   868.0039064
          5801   868.1032855
          5802   868.2026613
          5803   868.3020337
          5804   868.4014027
          5805   868.5007684
          5806   868.6001306
          5807   868.6994895
          5808    868.798845
          5809   868.8981971
          5810   868.9975459
          5811   869.0968912
          5812   869.1962332
          5813   869.2955719
          5814   869.3949072
          5815   869.4942391
          5816   869.5935676
          5817   869.6928928
          5818   869.7922146
          5819    869.891533
          5820   869.9908481
          5821   870.0901598
          5822   870.1894681
          5823   870.2887731
          5824   870.3880748
          5825   870.4873731
          5826    870.586668
          5827   870.6859596
          5828   870.7852478
          5829   870.8845327
          5830   870.9838142
          5831   871.0830924
          5832   871.1823672
          5833   871.2816386
          5834   871.3809068
          5835   871.4801716
          5836    871.579433
          5837   871.6786911
          5838   871.7779458
          5839   871.8771972
          5840   871.9764453
          5841     872.07569
          5842   872.1749314
          5843   872.2741695
          5844   872.3734042
          5845   872.4726356
          5846   872.5718636
          5847   872.6710883
          5848   872.7703097
          5849   872.8695277
          5850   872.9687425
          5851   873.0679539
          5852   873.1671619
          5853   873.2663667
          5854   873.3655681
          5855   873.4647662
          5856   873.5639609
          5857   873.6631524
          5858   873.7623405
          5859   873.8615253
          5860   873.9607068
          5861   874.0598849
          5862   874.1590598
          5863   874.2582313
          5864   874.3573995
          5865   874.4565644
          5866    874.555726
          5867   874.6548843
          5868   874.7540393
          5869   874.8531909
          5870   874.9523393
          5871   875.0514843
          5872   875.1506261
          5873   875.2497645
          5874   875.3488996
          5875   875.4480315
          5876     875.54716
          5877   875.6462852
          5878   875.7454071
          5879   875.8445258
          5880   875.9436411
          5881   876.0427531
          5882   876.1418618
          5883   876.2409673
          5884   876.3400694
          5885   876.4391683
          5886   876.5382638
          5887   876.6373561
          5888   876.7364451
          5889   876.8355308
          5890   876.9346132
          5891   877.0336923
          5892   877.1327681
          5893   877.2318407
          5894     877.33091
          5895   877.4299759
          5896   877.5290386
          5897   877.6280981
          5898   877.7271542
          5899   877.8262071
          5900   877.9252567
          5901    878.024303
          5902    878.123346
          5903   878.2223858
          5904   878.3214223
          5905   878.4204555
          5906   878.5194855
          5907   878.6185121
          5908   878.7175356
          5909   878.8165557
          5910   878.9155726
          5911   879.0145862
          5912   879.1135965
          5913   879.2126036
          5914   879.3116074
          5915    879.410608
          5916   879.5096053
          5917   879.6085994
          5918   879.7075901
          5919   879.8065777
          5920   879.9055619
          5921    880.004543
          5922   880.1035207
          5923   880.2024952
          5924   880.3014665
          5925   880.4004345
          5926   880.4993992
          5927   880.5983607
          5928   880.6973189
          5929   880.7962739
          5930   880.8952256
          5931   880.9941741
          5932   881.0931194
          5933   881.1920614
          5934   881.2910001
          5935   881.3899357
          5936   881.4888679
          5937    881.587797
          5938   881.6867228
          5939   881.7856454
          5940   881.8845647
          5941   881.9834808
          5942   882.0823937
          5943   882.1813033
          5944   882.2802097
          5945   882.3791129
          5946   882.4780128
          5947   882.5769095
          5948    882.675803
          5949   882.7746933
          5950   882.8735803
          5951   882.9724641
          5952   883.0713447
          5953   883.1702221
          5954   883.2690962
          5955   883.3679671
          5956   883.4668348
          5957   883.5656993
          5958   883.6645606
          5959   883.7634186
          5960   883.8622735
          5961   883.9611251
          5962   884.0599735
          5963   884.1588187
          5964   884.2576607
          5965   884.3564995
          5966    884.455335
          5967   884.5541674
          5968   884.6529965
          5969   884.7518225
          5970   884.8506452
          5971   884.9494648
          5972   885.0482811
          5973   885.1470942
          5974   885.2459042
          5975   885.3447109
          5976   885.4435144
          5977   885.5423148
          5978   885.6411119
          5979   885.7399059
          5980   885.8386966
          5981   885.9374842
          5982   886.0362685
          5983   886.1350497
          5984   886.2338277
          5985   886.3326025
          5986   886.4313741
          5987   886.5301425
          5988   886.6289077
          5989   886.7276697
          5990   886.8264286
          5991   886.9251843
          5992   887.0239368
          5993   887.1226861
          5994   887.2214322
          5995   887.3201751
          5996   887.4189149
          5997   887.5176515
          5998   887.6163849
          5999   887.7151151
          6000   887.8138422
          6001   887.9125661
          6002   888.0112868
          6003   888.1100044
          6004   888.2087187
          6005   888.3074299
          6006    888.406138
          6007   888.5048428
          6008   888.6035445
          6009   888.7022431
          6010   888.8009384
          6011   888.8996306
          6012   888.9983196
          6013   889.0970055
          6014   889.1956881
          6015   889.2943677
          6016    889.393044
          6017   889.4917172
          6018   889.5903873
          6019   889.6890541
          6020   889.7877179
          6021   889.8863785
          6022   889.9850359
          6023   890.0836902
          6024   890.1823413
          6025   890.2809893
          6026   890.3796341
          6027   890.4782758
          6028   890.5769143
          6029   890.6755497
          6030   890.7741819
          6031    890.872811
          6032   890.9714369
          6033   891.0700597
          6034   891.1686794
          6035   891.2672959
          6036   891.3659093
          6037   891.4645196
          6038   891.5631267
          6039   891.6617307
          6040   891.7603315
          6041   891.8589292
          6042   891.9575238
          6043   892.0561152
          6044   892.1547035
          6045   892.2532887
          6046   892.3518707
          6047   892.4504497
          6048   892.5490255
          6049   892.6475981
          6050   892.7461677
          6051   892.8447341
          6052   892.9432974
          6053   893.0418575
          6054   893.1404146
          6055   893.2389685
          6056   893.3375193
          6057    893.436067
          6058   893.5346116
          6059    893.633153
          6060   893.7316914
          6061   893.8302266
          6062   893.9287587
          6063   894.0272877
          6064   894.1258136
          6065   894.2243364
          6066    894.322856
          6067   894.4213726
          6068    894.519886
          6069   894.6183964
          6070   894.7169036
          6071   894.8154077
          6072   894.9139088
          6073   895.0124067
          6074   895.1109015
          6075   895.2093932
          6076   895.3078818
          6077   895.4063674
          6078   895.5048498
          6079   895.6033291
          6080   895.7018053
          6081   895.8002785
          6082   895.8987485
          6083   895.9972154
          6084   896.0956792
          6085   896.1941399
          6086   896.2925975
          6087    896.391052
          6088   896.4895035
          6089   896.5879518
          6090   896.6863971
          6091   896.7848393
          6092   896.8832783
          6093   896.9817144
          6094   897.0801473
          6095   897.1785771
          6096   897.2770039
          6097   897.3754276
          6098   897.4738482
          6099   897.5722657
          6100   897.6706802
          6101   897.7690915
          6102   897.8674998
          6103    897.965905
          6104   898.0643072
          6105   898.1627063
          6106   898.2611023
          6107   898.3594952
          6108   898.4578851
          6109   898.5562719
          6110   898.6546556
          6111   898.7530363
          6112   898.8514139
          6113   898.9497884
          6114   899.0481599
          6115   899.1465283
          6116   899.2448936
          6117   899.3432559
          6118   899.4416151
          6119   899.5399713
          6120   899.6383244
          6121   899.7366744
          6122   899.8350214
          6123   899.9333653
          6124   900.0317062
          6125    900.130044
          6126   900.2283788
          6127   900.3267105
          6128   900.4250392
          6129   900.5233648
          6130   900.6216874
          6131   900.7200069
          6132   900.8183234
          6133   900.9166368
          6134   901.0149472
          6135   901.1132545
          6136   901.2115588
          6137   901.3098601
          6138   901.4081583
          6139   901.5064535
          6140   901.6047456
          6141   901.7030347
          6142   901.8013208
          6143   901.8996038
          6144   901.9978837
          6145   902.0961606
          6146   902.1944344
          6147   902.2927053
          6148   902.3909731
          6149   902.4892378
          6150   902.5874996
          6151   902.6857583
          6152    902.784014
          6153   902.8822666
          6154   902.9805162
          6155   903.0787628
          6156   903.1770064
          6157   903.2752469
          6158   903.3734845
          6159    903.471719
          6160   903.5699505
          6161   903.6681789
          6162   903.7664044
          6163   903.8646268
          6164   903.9628462
          6165   904.0610626
          6166    904.159276
          6167   904.2574863
          6168   904.3556937
          6169    904.453898
          6170   904.5520994
          6171   904.6502977
          6172    904.748493
          6173   904.8466853
          6174   904.9448746
          6175   905.0430608
          6176   905.1412441
          6177   905.2394244
          6178   905.3376017
          6179   905.4357759
          6180   905.5339472
          6181   905.6321154
          6182   905.7302807
          6183   905.8284429
          6184   905.9266022
          6185   906.0247585
          6186   906.1229117
          6187    906.221062
          6188   906.3192093
          6189   906.4173536
          6190   906.5154948
          6191   906.6136331
          6192   906.7117684
          6193   906.8099008
          6194   906.9080301
          6195   907.0061564
          6196   907.1042798
          6197   907.2024001
          6198   907.3005175
          6199   907.3986318
          6200   907.4967432
          6201   907.5948515
          6202   907.6929569
          6203   907.7910593
          6204   907.8891587
          6205   907.9872552
          6206   908.0853486
          6207   908.1834391
          6208   908.2815266
          6209   908.3796112
          6210   908.4776927
          6211   908.5757713
          6212   908.6738469
          6213   908.7719195
          6214   908.8699892
          6215   908.9680559
          6216   909.0661196
          6217   909.1641804
          6218   909.2622382
          6219    909.360293
          6220   909.4583448
          6221   909.5563937
          6222   909.6544396
          6223   909.7524826
          6224   909.8505226
          6225   909.9485596
          6226   910.0465937
          6227   910.1446248
          6228    910.242653
          6229   910.3406782
          6230   910.4387004
          6231   910.5367197
          6232   910.6347361
          6233   910.7327494
          6234   910.8307599
          6235   910.9287673
          6236   911.0267719
          6237   911.1247734
          6238    911.222772
          6239   911.3207677
          6240   911.4187604
          6241   911.5167502
          6242   911.6147371
          6243   911.7127209
          6244   911.8107019
          6245   911.9086799
          6246   912.0066549
          6247    912.104627
          6248   912.2025962
          6249   912.3005625
          6250   912.3985257
          6251    912.496486
          6252   912.5944433
          6253   912.6923978
          6254   912.7903493
          6255   912.8882978
          6256   912.9862434
          6257   913.0841861
          6258   913.1821259
          6259   913.2800627
          6260   913.3779966
          6261   913.4759275
          6262   913.5738556
          6263   913.6717807
          6264   913.7697028
          6265   913.8676221
          6266   913.9655384
          6267   914.0634518
          6268   914.1613623
          6269   914.2592699
          6270   914.3571745
          6271   914.4550762
          6272    914.552975
          6273   914.6508709
          6274   914.7487638
          6275   914.8466539
          6276    914.944541
          6277   915.0424252
          6278   915.1403065
          6279   915.2381849
          6280   915.3360604
          6281    915.433933
          6282   915.5318026
          6283   915.6296693
          6284   915.7275332
          6285   915.8253941
          6286   915.9232521
          6287   916.0211072
          6288   916.1189594
          6289   916.2168087
          6290   916.3146551
          6291   916.4124986
          6292   916.5103392
          6293   916.6081769
          6294   916.7060117
          6295   916.8038436
          6296   916.9016726
          6297   916.9994987
          6298   917.0973218
          6299    917.195142
          6300   917.2929594
          6301   917.3907738
          6302   917.4885854
          6303    917.586394
          6304   917.6841998
          6305   917.7820027
          6306   917.8798027
          6307   917.9775998
          6308    918.075394
          6309   918.1731853
          6310   918.2709738
          6311   918.3687593
          6312    918.466542
          6313   918.5643218
          6314   918.6620987
          6315   918.7598727
          6316   918.8576438
          6317   918.9554121
          6318   919.0531775
          6319     919.15094
          6320   919.2486996
          6321   919.3464564
          6322   919.4442102
          6323   919.5419612
          6324   919.6397094
          6325   919.7374546
          6326    919.835197
          6327   919.9329365
          6328   920.0306731
          6329   920.1284069
          6330   920.2261378
          6331   920.3238658
          6332    920.421591
          6333   920.5193133
          6334   920.6170327
          6335   920.7147493
          6336    920.812463
          6337   920.9101738
          6338   921.0078818
          6339   921.1055869
          6340   921.2032892
          6341   921.3009886
          6342   921.3986851
          6343   921.4963787
          6344   921.5940694
          6345   921.6917573
          6346   921.7894424
          6347   921.8871246
          6348   921.9848039
          6349   922.0824804
          6350    922.180154
          6351   922.2778248
          6352   922.3754927
          6353   922.4731578
          6354     922.57082
          6355   922.6684794
          6356    922.766136
          6357   922.8637897
          6358   922.9614405
          6359   923.0590885
          6360   923.1567337
          6361    923.254376
          6362   923.3520155
          6363   923.4496521
          6364   923.5472859
          6365   923.6449168
          6366    923.742545
          6367   923.8401702
          6368   923.9377927
          6369   924.0354123
          6370   924.1330291
          6371    924.230643
          6372   924.3282541
          6373   924.4258624
          6374   924.5234678
          6375   924.6210704
          6376   924.7186702
          6377   924.8162672
          6378   924.9138613
          6379   925.0114526
          6380   925.1090413
